{"type":"FeatureCollection","features":[{"type":"Feature","properties":{"name":"Parc national des Calanques"},"geometry":{"type":"Polygon","coordinates":[[[5.596767370157668,43.16922250199396],[5.61055650611117,43.165275855646236],[5.615663475263778,43.1695499765321],[5.614933137035623,43.171642112906646],[5.609826495044389,43.16761067712716],[5.61322697608087,43.1718166643584],[5.605910649960157,43.17314745604099],[5.611623349355415,43.17251878633563],[5.612642584251107,43.18051013865354],[5.61772807925148,43.184018241528676],[5.639376623136528,43.18938381441628],[5.651041478290725,43.188545182603065],[5.660037817763401,43.18192835237224],[5.667058237536329,43.18223198585114],[5.674042943223335,43.17796316569129],[5.686336591611387,43.179886965926656],[5.695561252603957,43.16979010349434],[5.693890934320903,43.16563876350983],[5.682332673214242,43.16050807125609],[5.684369877247114,43.15902819424682],[5.659444438901104,42.88833335043256],[5.620589761054944,42.906444440635],[5.460593104954862,42.95481687995147],[5.199798223836172,42.998387668024286],[5.126953641740288,43.013660104442835],[5.067118804931667,43.03780686557468],[4.995834693368707,43.08583581647444],[5.274166636576581,43.2963889324227],[5.331944428750448,43.29500003623409],[5.346031963202504,43.28099703397236],[5.353212905521255,43.280503392669424],[5.367939023051532,43.268834149267285],[5.367608295053951,43.26611725602621],[5.368386985834626,43.26807647131148],[5.370461354358984,43.267758286704826],[5.371479262593548,43.26600714311587],[5.368640958491679,43.26673357964203],[5.368115915661789,43.26306341102039],[5.370529474476896,43.26366202987753],[5.375753905413253,43.25778759302714],[5.370648370863832,43.25160199746213],[5.373082807420301,43.251491833843154],[5.373357896389596,43.245847685972],[5.364506727446066,43.24573048525883],[5.368093042742293,43.24408691449493],[5.364877079006816,43.242661711472294],[5.363718540058138,43.24638399277244],[5.35957461057632,43.235541415227395],[5.35143688737222,43.23255176594818],[5.360754091409838,43.23117441529019],[5.365193148797313,43.22680199028704],[5.367083092867035,43.23252321966942],[5.375352681012402,43.23562506437327],[5.374936175193192,43.2388452999129],[5.381681787339469,43.233539801400525],[5.383314103197678,43.234777257148615],[5.379248282601067,43.237106911298035],[5.393587396656685,43.23948428103494],[5.398844977733538,43.236804675307106],[5.400230582637249,43.23183820981796],[5.410934737861901,43.2350822424007],[5.414679910079156,43.22968269990839],[5.415464145805758,43.22977483450839],[5.417247473531853,43.23096294955188],[5.413371695207663,43.23823517955795],[5.415866148169216,43.23963384548054],[5.413112568642695,43.24020681263654],[5.415072301328088,43.243608802629915],[5.426531739364044,43.24442537538251],[5.424645998477914,43.24681585839698],[5.43062977689276,43.250919058150814],[5.422199506666477,43.25761470234186],[5.425108917337434,43.25825130203174],[5.424740653763257,43.26250932732985],[5.432217745365586,43.27277508027987],[5.442993790292107,43.28103664183686],[5.457682012027547,43.28629004248507],[5.500288080471773,43.282109256404375],[5.505698750109132,43.280630837233204],[5.505269704070949,43.27725631195229],[5.531788907733501,43.27068100239137],[5.530772301704291,43.268000061203225],[5.514461890308734,43.26769371864483],[5.515938813561737,43.256508530518],[5.50748008985016,43.25581467283096],[5.501541945599892,43.24904368378832],[5.494091853368119,43.24724270301768],[5.497660780440051,43.24177568278298],[5.509904919033398,43.24671664657111],[5.51748294610156,43.247179616259984],[5.519623781247471,43.244362689714784],[5.557865683345748,43.249181475513076],[5.578307246877545,43.25898590428008],[5.582040562771402,43.262919527919266],[5.580590045385621,43.265569933748246],[5.571561505868742,43.26161187516953],[5.568424237028968,43.26242696450502],[5.568985431871871,43.26666926207298],[5.583013883939928,43.27138341067913],[5.586298026659707,43.263896809863304],[5.587281609855307,43.26625668112043],[5.598366936221423,43.26449438060499],[5.615867918613526,43.27017589814726],[5.649258942077606,43.26629808254879],[5.661086287635007,43.26812895151079],[5.66739657435866,43.26375897279998],[5.66535236980802,43.26057878472909],[5.667949102626845,43.25873459287992],[5.701076671831503,43.24724214411381],[5.704325654519202,43.241692620654554],[5.702101838299627,43.239160650556116],[5.682043197240125,43.235478505850075],[5.676480527507771,43.19315485529811],[5.66916134457559,43.19877146423071],[5.660023395318731,43.19890233411862],[5.657865741294595,43.20275893421005],[5.653096607501408,43.19307510019485],[5.647203012736986,43.19586137323351],[5.647258648943365,43.19939137281786],[5.63846487117074,43.2014820607315],[5.644527710162324,43.21024618586888],[5.638862062795662,43.21145490841746],[5.641641747076273,43.21284121246483],[5.640513437622114,43.21676524948607],[5.65083588424803,43.222061523209035],[5.651999519376988,43.22544672776963],[5.637066177356331,43.220605005175855],[5.628610946743574,43.221093041408594],[5.620746153993845,43.213374617512585],[5.621081176252788,43.215834736214006],[5.617474699692131,43.216275371477984],[5.619586673128484,43.21188880295254],[5.616916705111283,43.20872573830347],[5.608388148836497,43.2124922423583],[5.603391011370365,43.20908107390585],[5.597189644008758,43.21034604607123],[5.593417583045402,43.20468898714044],[5.583122444441366,43.211649555528886],[5.583354882727568,43.20714706537449],[5.592434593773728,43.19839780928361],[5.587717659389689,43.198833682415064],[5.587131251064197,43.19241400358061],[5.590894621672017,43.1893451276103],[5.585998999879346,43.18574199942931],[5.59105426341735,43.184736427101775],[5.589071454755391,43.18056805541775],[5.593432558108962,43.17395240718824],[5.591575485532174,43.169507044646295],[5.592976921242417,43.16673897033781],[5.596767370157668,43.16922250199396]],[[5.574120108661923,43.17463619697143],[5.574335446751772,43.175285054671924],[5.57382580886889,43.17512666486839],[5.574120108661923,43.17463619697143]],[[5.521949776549604,43.20631461936483],[5.531217188814001,43.21300158043912],[5.53713703152654,43.21477050676755],[5.53378506839859,43.21300071945375],[5.538072876460196,43.212630872940935],[5.539139635143991,43.20902120582882],[5.546058590285256,43.20984967668344],[5.54404822950695,43.21486875301542],[5.547605881856173,43.21575220260932],[5.549711225841472,43.21420448501945],[5.54659282775891,43.21103643033668],[5.554588034634047,43.21073071787917],[5.549410422647768,43.208512687679146],[5.557647141505576,43.20732446465783],[5.558869962610549,43.21356832110133],[5.550144182917241,43.21466628316959],[5.551604914894098,43.222721032168415],[5.537847838426294,43.22799139026968],[5.543926297212463,43.23183511432629],[5.542008397919268,43.23503612435111],[5.537562554524159,43.231062535419],[5.531417000737262,43.23125477574503],[5.535987585262077,43.227678530892206],[5.527830917488522,43.22959957640118],[5.533420524211476,43.2244004032157],[5.539941177263047,43.22618872285894],[5.525806277995529,43.216350161888364],[5.527156790936893,43.213242561838705],[5.519478095236252,43.20757424160232],[5.521949776549604,43.20631461936483]],[[5.369906144992861,43.26134844948243],[5.370360904316249,43.262616392405626],[5.370155926725638,43.26272258428275],[5.369906144992861,43.26134844948243]],[[5.559003954711048,43.2445847418439],[5.550016102734235,43.239839540278474],[5.550692953004458,43.23426988557558],[5.553699333677728,43.23103715478467],[5.561749398667264,43.23028900077893],[5.553620220500329,43.23409376512463],[5.559481730540317,43.23693816512492],[5.563305336505474,43.23325475668376],[5.56309099151015,43.237857547870696],[5.559938298349588,43.239141494627965],[5.561932888571969,43.24198744463591],[5.559003954711048,43.2445847418439]],[[5.57816475512932,43.25279701784828],[5.5688448346672,43.249575454294465],[5.569328073429677,43.24684960812228],[5.572420491138218,43.24422760499952],[5.588312073659842,43.24489139265191],[5.592750469469286,43.24186409844173],[5.596801145182188,43.24748949375739],[5.602277268793081,43.248849507892814],[5.600883801701086,43.25147172777233],[5.59059847572696,43.25033059842406],[5.590507819819477,43.25409260559905],[5.583197470151055,43.25120686131546],[5.586155159572938,43.254779335505106],[5.583949700288771,43.25928828209474],[5.577093344882348,43.25616839176337],[5.57816475512932,43.25279701784828]]]}},{"type":"Feature","properties":{"name":"Parc national de forêts"},"geometry":{"type":"MultiPolygon","coordinates":[[[[5.230619213444077,47.77812093781902],[5.26885100914266,47.76204540046253],[5.28100981789489,47.75026400137574],[5.266851888997178,47.750035712394734],[5.266424424444004,47.7457336993593],[5.254660673905622,47.73949682856176],[5.256538124638095,47.737244715180616],[5.25380788265534,47.730670249456615],[5.249483232861393,47.73021592118717],[5.251302915178166,47.72817838860183],[5.239710080582479,47.727171808991315],[5.239399141600795,47.712952012713934],[5.24981059042259,47.708298695857835],[5.257672026848332,47.698724156283205],[5.267662021440469,47.69501822995313],[5.293451957730296,47.69934612663631],[5.30249390143817,47.709713596695096],[5.315798627400778,47.70893675902326],[5.318476631810527,47.70462455822464],[5.314876877033221,47.69751654157965],[5.313684510061776,47.6792995108012],[5.333217230069027,47.67324367327562],[5.329234252451609,47.668437145641036],[5.328149732772286,47.65626898728285],[5.319499885873545,47.654061062834266],[5.30556812455581,47.6562629339226],[5.293714571572575,47.65152474166874],[5.283780117664514,47.63625286224437],[5.276174238575865,47.633286601577936],[5.277889633323652,47.6279394468256],[5.275622687439117,47.62547671703113],[5.263391673132155,47.62096983429673],[5.250543513673899,47.622148375042315],[5.238962997411254,47.6160920407725],[5.237369771814495,47.62103734050358],[5.229043003144501,47.62578986485195],[5.230245359217522,47.6295407428425],[5.221271592531124,47.63223846077521],[5.212315146670167,47.64141568794407],[5.17408683312532,47.651867166414036],[5.17318850706239,47.66609175014599],[5.179141079488489,47.6797159783433],[5.161584000800903,47.680434537703064],[5.156313628167409,47.66797916827234],[5.143506819169258,47.656056412182444],[5.136086840289784,47.65360539317312],[5.138571636619112,47.65086587688223],[5.125369460861116,47.646773078123296],[5.117765378998558,47.65077306076914],[5.118615230097475,47.64368577191091],[5.124168363623501,47.64304467249001],[5.124776483416543,47.63610035414138],[5.114119296036133,47.63042568682159],[5.116077833502842,47.624894014934576],[5.10953966409078,47.61933782359031],[5.089566134774583,47.60920523828338],[5.089234763812553,47.61244189657274],[5.078051511348325,47.61204901444122],[5.080758445084389,47.61686217527642],[5.067250073127372,47.615665067512396],[5.055990332928919,47.62114570853935],[5.050900043523526,47.618367420176895],[5.03951107136493,47.61885054120657],[5.03878868202181,47.61165268511396],[5.047301922874273,47.59844227025419],[5.045313080457932,47.59559219755097],[5.037471139983299,47.599738916861575],[5.036982226971833,47.59721728217613],[5.004276621679427,47.59381180774849],[4.981235061058074,47.60570603621304],[4.958331171538804,47.583225193236245],[4.943579260871583,47.574519191175376],[4.948499076353853,47.57278668897961],[4.941563801094905,47.558932565100356],[4.925279425310164,47.56313366761107],[4.912382869033763,47.575488533357166],[4.897902068357854,47.571150703116345],[4.90011303379473,47.59155098907431],[4.883075657955162,47.604510320572274],[4.855306722172706,47.57212165111958],[4.839409643365266,47.57090757869964],[4.829222763966165,47.571421600508074],[4.822470748753771,47.578598755457],[4.8283153277065,47.57421886649157],[4.823166741043924,47.58008248764504],[4.835990518621421,47.59820560959269],[4.834341432390074,47.6004194096169],[4.827130897120838,47.60163813828138],[4.818612180139771,47.59767995988532],[4.790345879850515,47.60107999741273],[4.756749741260407,47.592579852878494],[4.748652676447541,47.597105008093095],[4.744438696599392,47.593442468779756],[4.742744450859321,47.596626162001314],[4.736995910812575,47.59589704984921],[4.733052824913697,47.604245924392565],[4.72708734220554,47.60448559051792],[4.723889688474416,47.60807204134655],[4.728599860786163,47.6120178508461],[4.724938210691445,47.617161535625605],[4.727678622948286,47.61983819325577],[4.727201516898388,47.62916806069387],[4.718195769011023,47.63500798612129],[4.70679817585331,47.65621340695432],[4.699998087362343,47.6642333389215],[4.687927924488622,47.66685167557492],[4.68248184778373,47.67558555588754],[4.684577515450023,47.678925138555606],[4.666851774470747,47.684218074268856],[4.670705233838411,47.697592466016864],[4.66816864568112,47.71710052511439],[4.663245822437201,47.72213464176296],[4.640553236043663,47.72767827903291],[4.624735362841213,47.72505419737831],[4.62252050854403,47.71598431829154],[4.602179424766136,47.71383669334022],[4.598896779388626,47.71979801412813],[4.593272325332666,47.71034025403802],[4.587627621421549,47.710745590159306],[4.587101733032216,47.70612095949726],[4.580202107217389,47.70737119018401],[4.555243050244993,47.70008426456771],[4.549009487995288,47.71557636266919],[4.541582687815646,47.71605886075057],[4.535461170171343,47.721567747059616],[4.536266448233883,47.73075658697104],[4.532454050901158,47.737659057302004],[4.534192105803261,47.75792263111879],[4.519021543717654,47.758030408689216],[4.518626107477954,47.76508774133003],[4.501158982074554,47.7867123585644],[4.489324963306844,47.792214993756765],[4.462347959842686,47.79378534274515],[4.459272912642176,47.80284971835767],[4.4652231839396,47.818780462043115],[4.488779940208425,47.831694485662645],[4.490474733053953,47.838596992135734],[4.498438908043644,47.84583809503232],[4.510908479058982,47.85162906769748],[4.502299369724345,47.85596046423883],[4.518948565546761,47.86346398938113],[4.520324756344757,47.8682232671509],[4.504257918733104,47.881632738222734],[4.51011669899794,47.88409949725943],[4.509826569453568,47.896535006035734],[4.523156205259854,47.898436735806],[4.52282734635989,47.90498496554398],[4.534096702365925,47.91319058859567],[4.526271297136483,47.920518754490445],[4.530744052046577,47.922707256746186],[4.550619388797796,47.90963319550382],[4.547958561191478,47.9008901720797],[4.529951300494522,47.89409433524413],[4.553917804539961,47.87673433641754],[4.56672420998903,47.87919792013219],[4.582853757000142,47.89075371578713],[4.59363570768816,47.884335547507945],[4.608354877942637,47.884078962318256],[4.610349182182468,47.89132941002238],[4.61647245792556,47.893137383859745],[4.614863774357967,47.89895023081577],[4.647386113431599,47.91288833026541],[4.651757351169154,47.92539576114117],[4.639419679784559,47.93340075548646],[4.620012860374978,47.932101024215136],[4.613202048131134,47.93576108183334],[4.608350235130601,47.91905443053136],[4.591594693134794,47.92277251478946],[4.566555036617833,47.92132327414583],[4.569547556923928,47.927240389206915],[4.580256700180081,47.93188190636369],[4.586212781679984,47.93980467882651],[4.585861473088054,47.94548470497704],[4.577277226781002,47.95285609580064],[4.578344610010075,47.95720552765199],[4.593107432196186,47.94844981561466],[4.599792328116981,47.95384255199657],[4.599146805048662,47.9468321765073],[4.601476870739278,47.960905353487455],[4.60585630294193,47.965370497002425],[4.621156864700372,47.96384361507037],[4.624881260499434,47.96602809415404],[4.635523606733432,47.975779136453305],[4.637454219840001,47.97878206016179],[4.635133773930264,47.98139407997845],[4.639812182215309,47.98324077737853],[4.654705756028119,48.00276711663707],[4.672143390070415,48.0147242109834],[4.69234336561065,48.022343761708534],[4.700536303627747,48.02373423856171],[4.716177155459,48.01139167127792],[4.722720619262082,48.01014929559814],[4.721080179149168,48.00870790928183],[4.749296639196844,48.00424658785576],[4.786782318786618,48.00676888983739],[4.790658845420601,48.0085939394919],[4.790671523272382,48.018374607843555],[4.804898543256909,48.02211604325823],[4.825393614040849,48.02019767670479],[4.835439782855924,48.02277334354265],[4.839759941333719,48.02762875451815],[4.843135282832526,48.02586747700799],[4.836348181161343,48.03233214394324],[4.841072017158466,48.04676489048014],[4.832155590396853,48.05397265207426],[4.847762747001758,48.06800022068968],[4.853088284898606,48.0657598694692],[4.882958451673557,48.07501288776073],[4.892534916077467,48.075273485743885],[4.895208677404598,48.07004936403075],[4.901431792036038,48.07205627794041],[4.903054133002448,48.09150877886247],[4.896698916460723,48.09959615905015],[4.910413233967232,48.10662237582875],[4.954069178669077,48.08226388776246],[4.958852093355404,48.08260662898891],[4.965083893363649,48.09312898883328],[4.989073020668433,48.10145156871783],[5.010324061864704,48.09934923020757],[5.007825959693296,48.08586529257249],[5.010339410104162,48.084835866868595],[5.000781835547374,48.08081194958274],[5.007634382627521,48.074127831088404],[5.014003491249007,48.07398220283752],[5.03276408678235,48.06410465689978],[5.032659792342143,48.051600316849985],[5.040259611204721,48.04148222706238],[5.053714667514588,48.03959641235888],[5.05918718836587,48.026583870811606],[5.064850612272822,48.025868001089],[5.076498642484055,48.03137215711182],[5.076945604819699,48.03869551606332],[5.092170924218576,48.03977350113136],[5.087127001944881,48.03393069400113],[5.092769383892027,48.0295806216924],[5.086300850364709,48.026418704368325],[5.09053069887262,48.02393467583715],[5.08737566806242,48.021308948691875],[5.088521993768068,48.01696307733389],[5.105527217730173,48.01307802200637],[5.104763470970154,48.00739686609806],[5.101020927959135,48.0074376589758],[5.118769712739194,47.998897505910215],[5.167023049636121,48.007117197513196],[5.173001724568582,48.01122456716245],[5.168290681286357,48.01252231424964],[5.173309450366613,48.01431032229049],[5.180383262015478,48.01490324095759],[5.188696570701739,48.009932552152726],[5.200681546701489,48.015526405591274],[5.22174260805564,47.997469221119154],[5.225035023344192,47.98755530112443],[5.238840951507753,47.98903800173888],[5.247920048503973,47.977429378447404],[5.263893586735899,47.979539263991995],[5.280618570900215,47.97499182709801],[5.28917760938313,47.978240323122165],[5.309251747510935,47.97651709101853],[5.316611823691979,47.97394595007015],[5.320528274409577,47.96975156523665],[5.318105803495854,47.96481790760817],[5.323538452793687,47.96373469073857],[5.347593164121291,47.97182780402839],[5.362064499007499,47.97313959826867],[5.372650731535759,47.96845535349172],[5.37250415195373,47.95891923610142],[5.376408288263385,47.95199954649707],[5.374534735007573,47.949846881280656],[5.380218137020918,47.94724152672202],[5.380346352357501,47.94042417078513],[5.38362068160884,47.93838510440794],[5.362463252435522,47.933350968053595],[5.351175627986545,47.93854735003331],[5.348567593534152,47.92869841315463],[5.328859902605111,47.91581252811182],[5.310061949020146,47.92000758438926],[5.29916780665356,47.9273151133004],[5.27982203263405,47.92507946686095],[5.266910445561266,47.933324238258535],[5.25071454759932,47.937521420040504],[5.221272008377583,47.92270098164038],[5.222709315745345,47.90882605534216],[5.227268389229774,47.907155097099164],[5.224510360983684,47.90511954283694],[5.229332867855535,47.90061198338908],[5.22427930159343,47.896889568880624],[5.232664118915776,47.89119246429324],[5.233484985606959,47.884198366782364],[5.22671536803566,47.874151419679045],[5.217570689180302,47.87022357675723],[5.221352763127262,47.866590288194246],[5.231767586557782,47.86871730968416],[5.232745404154353,47.86581310382358],[5.241653807630754,47.86365705197958],[5.234976548680375,47.858229312327886],[5.235118037581897,47.85297487203309],[5.244986450111467,47.846429873696216],[5.243116627102966,47.8433252030517],[5.263159620911167,47.8378314011564],[5.266882658547796,47.842282933656335],[5.279647446615617,47.84466185116366],[5.283851964497666,47.84455572927638],[5.283370559051694,47.8406980019753],[5.295331566065646,47.840528396541806],[5.285975493153638,47.83347754558222],[5.283778957059995,47.827638174761624],[5.28319262790096,47.8231080693648],[5.290771177138453,47.81552300309355],[5.276498420515845,47.81445683423984],[5.249327091721104,47.80046284536055],[5.239026068346826,47.802390679595256],[5.225322853609012,47.79728639243469],[5.220514946930286,47.78726726399199],[5.230619213444077,47.77812093781902]]],[[[4.897849066691875,47.5710357437773],[4.897647931185802,47.570654549837876],[4.897780093303599,47.57090502541052],[4.897849066691875,47.5710357437773]]]]}},{"type":"Feature","properties":{"name":"Parc national des Ecrins"},"geometry":{"type":"Polygon","coordinates":[[[5.988455428813571,44.86658081995927],[5.951825575785069,44.86317519830088],[5.940135503863241,44.87399166023825],[5.927709001335182,44.877191480223914],[5.888853319685338,44.87865994367808],[5.870297177730494,44.88272161563693],[5.867735342960577,44.88545910151966],[5.873134855556122,44.89203421490865],[5.86771391747061,44.89580154048131],[5.879988727723243,44.907135815819906],[5.865966531668546,44.91615751576419],[5.859746467568144,44.91557364205351],[5.860850638503756,44.92001839842884],[5.855309817366493,44.92919561520097],[5.855513677084514,44.9354645641849],[5.865366921590787,44.94400511559009],[5.870433472411454,44.95678238302669],[5.868165413670896,44.960615040382564],[5.850686384076789,44.9646558186852],[5.845505866058042,44.96922571487818],[5.855344072025642,44.97696228031133],[5.856467740293125,44.98495916648149],[5.851508154840614,44.98763705017858],[5.860056045554394,44.99596050594908],[5.852778554085049,45.00417946095214],[5.856608669518012,45.004351472932],[5.858811738585634,45.00882224188782],[5.875552242121153,45.01163255378285],[5.885143557065851,45.02465390708342],[5.911007068652916,45.03854409133977],[5.920223640045126,45.03972897940982],[5.930897928366049,45.054736737821315],[5.940651845119748,45.059723470982114],[5.920372226857292,45.06836349153602],[5.923471182402716,45.07369815896971],[5.928341541768015,45.07962683251332],[5.969351524644394,45.09277935547582],[5.975630008104061,45.098508249088546],[5.980309998216064,45.116373381850565],[5.978466079660567,45.1201710069085],[6.0175769361132,45.12014366908151],[6.015932644943693,45.11757419228168],[6.025966413797718,45.11400617864644],[6.026559791145488,45.10722218727055],[6.019080392441175,45.09318023682202],[6.019554880010491,45.084583932853434],[6.028768475457471,45.077703849145905],[6.032874559326582,45.0795492266663],[6.046253190544291,45.05444193275668],[6.065758859930249,45.03824877002918],[6.070695374083416,45.030104942581296],[6.058732568453555,45.02381698695716],[6.065634788125781,45.01791344842192],[6.073725947341661,45.03149272661077],[6.077591024903145,45.03169228190282],[6.078609218109175,45.02827971614462],[6.082335739131343,45.029635399829246],[6.095249902811073,45.04238944484487],[6.123729880426701,45.03562059254948],[6.135895515123934,45.04536806752891],[6.134377045951487,45.04818981036587],[6.138024554794601,45.05273312267406],[6.134247499911541,45.07310524348229],[6.147820466967388,45.08417556824946],[6.13229295244551,45.10228122185876],[6.135754168001379,45.117210806760106],[6.134311801295804,45.12739160034999],[6.139773561911241,45.13189128402328],[6.135500550847835,45.13770839106597],[6.136770742942582,45.145499781501016],[6.143792292214972,45.15455299763026],[6.16235420504297,45.15128522457104],[6.180824974626666,45.164763721853895],[6.190234454250193,45.16424631699838],[6.212001958393009,45.15493183804331],[6.222878507255697,45.14076186249263],[6.250319902832172,45.150787525538504],[6.265594387861647,45.13988945108204],[6.260569800056646,45.1268442038105],[6.28628107615427,45.11016082211529],[6.299216998259201,45.108555709893785],[6.317320234288878,45.111988063891154],[6.331952048795928,45.11842415976747],[6.33448362297965,45.12283646130424],[6.339927523159728,45.11611898837029],[6.347045051652823,45.11497001684363],[6.365734511542679,45.10095379167136],[6.37484089172817,45.082753092432796],[6.364878932699328,45.07017255766677],[6.396090026167171,45.06101768457344],[6.404431377934616,45.06491761435867],[6.422773522282602,45.06008165559924],[6.434267077398737,45.063594065792365],[6.451804671551467,45.05172036877679],[6.487086839826484,45.05640420839545],[6.498647040465358,45.05175507481261],[6.499436313722062,45.03614189549056],[6.494415145533718,45.02819999717524],[6.50050741813659,45.01732130695559],[6.519315875150338,45.00767644844341],[6.541142113556605,45.00666019533181],[6.540167798185633,45.00097708577442],[6.551716764648877,44.988485701984274],[6.580058195691463,44.98726768769795],[6.571796066888108,44.97832128487735],[6.57397741313906,44.970675830750125],[6.562369756394898,44.96112890264255],[6.542691787966424,44.950184662892596],[6.508853735825119,44.938018017113954],[6.514837605557608,44.91850880344845],[6.528676959383401,44.90704765432411],[6.527296303675368,44.902013887306644],[6.519665527069339,44.898608713829674],[6.517970040598064,44.89369390757724],[6.525119743968515,44.88863013227578],[6.52563544804305,44.8790038128514],[6.529388563333594,44.875777042962696],[6.527779696195049,44.86607408501598],[6.536976705110555,44.85859930670957],[6.533835638292216,44.853711048014375],[6.550636186209741,44.84503725555558],[6.551954877669357,44.83338342781052],[6.560899449173986,44.82593528770749],[6.570382190461556,44.79858582178172],[6.590264348839574,44.78920050318171],[6.560131322414639,44.770032963906736],[6.582024954263559,44.74226134002029],[6.579305373418607,44.734479791438694],[6.585200318584512,44.727446026339265],[6.587422689715972,44.718702437914295],[6.583326804049103,44.70916864735875],[6.576651071714618,44.70804902626286],[6.575927314063542,44.70338160407887],[6.565952959627083,44.697333792385955],[6.581831230002876,44.69111347593223],[6.605303439579718,44.68939115136838],[6.607554276785423,44.68583543899057],[6.605032365848341,44.66923970868852],[6.600914203078973,44.666833371902165],[6.597073209323922,44.65743260783883],[6.590772081732023,44.65587919608309],[6.595312758031312,44.65582534445427],[6.594607168872412,44.64522489465689],[6.598007087093479,44.63635638637839],[6.594917286082225,44.62502164369084],[6.602271551591617,44.59582225268009],[6.587798328404362,44.59881130037542],[6.569972767901373,44.60957762038736],[6.56377416096863,44.62080185739829],[6.566905567208241,44.631461813334504],[6.552908746697677,44.630167135909204],[6.545394651044799,44.61764881295661],[6.540975834144437,44.61549526121856],[6.532797605075655,44.59437805234114],[6.516753690598328,44.58326988825543],[6.514260690885997,44.57715664229639],[6.518754708641914,44.574841757562474],[6.517877296176427,44.56780841365669],[6.497721519808024,44.541697349585895],[6.494787506299035,44.548216171828685],[6.490268128143652,44.54669935683262],[6.485782708217041,44.551358414223174],[6.478336321463007,44.54819078297526],[6.491498321165026,44.5019205415408],[6.49999555148747,44.49738353048488],[6.508354823124817,44.484728600657654],[6.507669929570806,44.4678602642493],[6.516716697991022,44.458789851135535],[6.512441456365622,44.44998291574017],[6.498143244179714,44.44877718411447],[6.481649442584894,44.454024031300264],[6.468458824167564,44.45155848257909],[6.464161926448878,44.46123056066046],[6.45782954565448,44.46647362957745],[6.444626264901606,44.46587164861345],[6.434568626983798,44.47528445378305],[6.431614763749963,44.47082523124602],[6.423652149794827,44.46794263694851],[6.412177095291214,44.47022227283918],[6.407186456830317,44.4770029600732],[6.407965573206534,44.48184542607072],[6.397428034714882,44.492005620513034],[6.398804705036127,44.494152733121396],[6.385906675309371,44.498859284724745],[6.370154146009378,44.51026337426471],[6.362356758136422,44.52190762928645],[6.3570547286006,44.52265299320379],[6.347118038678419,44.51522500029923],[6.334549690053549,44.51154568674883],[6.334002337141417,44.5239008780482],[6.327659392768328,44.52575569704095],[6.320003968456629,44.54254449689293],[6.311907388004371,44.5469568462741],[6.316311448291141,44.55331109421768],[6.323317599191182,44.580503637752194],[6.309837775690942,44.58511997477182],[6.29999475688688,44.59815972160509],[6.267223238412087,44.603154330589405],[6.253792403104115,44.59818700075839],[6.191900710411709,44.590118913112775],[6.175159845189349,44.59351343481587],[6.169592312952585,44.59691326134321],[6.173677521161499,44.598742974706006],[6.169145075409631,44.60912625640132],[6.15598890231468,44.6147375373318],[6.155617283436973,44.619658482984576],[6.164364770477419,44.62750547453361],[6.144861689206107,44.6345564347332],[6.139184169074475,44.65033360997155],[6.116340550143618,44.6494716333318],[6.115071950111764,44.65407981712712],[6.091573942554928,44.659778425353196],[6.075638996171699,44.6722334728678],[6.058227476558513,44.698971096704796],[6.047010619616702,44.70257263305045],[6.044776772690184,44.7076803869602],[6.024855727708058,44.71720283748709],[6.004964529193301,44.73237600130093],[6.003427027555006,44.746759969057685],[5.979719614727381,44.78161840837946],[5.977982160642375,44.790680973086786],[5.953355091031103,44.799788112215246],[5.949511727324045,44.804362746503784],[5.960622968299841,44.81231301068689],[5.979184398994509,44.81858838314733],[6.005478872398999,44.820506071452],[6.009409442411303,44.830381439593964],[6.015071219950324,44.834949735371225],[6.030215701162598,44.83809775892118],[6.026518380908534,44.84574001312961],[5.988455428813571,44.86658081995927]]]}},{"type":"Feature","properties":{"name":"Parc national des Pyrénées"},"geometry":{"type":"Polygon","coordinates":[[[-0.523720335720411,43.08635343331908],[-0.50896234275679,43.116567337139756],[-0.500215787774587,43.12415801907541],[-0.492735121296692,43.12138744423226],[-0.473019767362299,43.12966940973095],[-0.451446077813745,43.1625048587177],[-0.425847604884882,43.16008747877523],[-0.415230436533246,43.17028009327268],[-0.403203677633803,43.16826467021295],[-0.4031776488625,43.16567260710708],[-0.408077482390377,43.16454278612425],[-0.409636534192036,43.160825635958666],[-0.406312784310127,43.15587011473147],[-0.416972258500173,43.15447937114205],[-0.421488528225051,43.14842920418295],[-0.414243156509466,43.13572444582161],[-0.404176424754727,43.13952345417708],[-0.400920788092249,43.137534889188906],[-0.402793955217127,43.133896224434324],[-0.399910086649725,43.1334569940967],[-0.380293367347156,43.14721552487444],[-0.379222281152718,43.16285468351484],[-0.373021676719099,43.167178506982175],[-0.375707315272259,43.174619127686896],[-0.373536502252444,43.17780480614798],[-0.351625366164074,43.16708955951436],[-0.349307068890766,43.16231900346345],[-0.34288347267511,43.159318814140995],[-0.342309560213621,43.15537181887549],[-0.332996649531695,43.15386956005581],[-0.325634501339318,43.14331099024975],[-0.329057138656276,43.137270859729],[-0.32554244965278,43.12936360477859],[-0.316600345064635,43.12014716181604],[-0.328285120206165,43.1154341595118],[-0.320859214753822,43.108842326928674],[-0.308572985841122,43.11033220201015],[-0.303654547345563,43.10573093141532],[-0.310525712523352,43.10132494601552],[-0.308760263017713,43.09687904527181],[-0.300647841193495,43.095071028233185],[-0.302083690485273,43.08818457084138],[-0.293575843974354,43.08449689781586],[-0.289947200123987,43.07712097140725],[-0.298844717076511,43.072009280758806],[-0.295860024806314,43.06462109708381],[-0.303655896802145,43.060661642355015],[-0.304298729186428,43.04910885859389],[-0.298180520771943,43.04892119236116],[-0.277003904326161,43.03824515227442],[-0.267740007000161,43.04582893121576],[-0.260111992121937,43.03832717439212],[-0.238545352230576,43.03984445364971],[-0.230109643098772,43.0375308784596],[-0.201120299781179,43.00727627914543],[-0.166388156912814,43.01578693150821],[-0.121469413929353,43.00932707701976],[-0.111108949638252,43.000088595454436],[-0.100701801521796,43.01699325879719],[-0.098301701644956,43.01282679088815],[-0.084311601912119,43.01193825664863],[-0.082417807659794,43.00693523636795],[-0.069906036105189,43.00898610022984],[-0.067101228660508,43.01204253758765],[-0.058619012962337,43.005330493330554],[-0.050223107196212,43.00736901247751],[-0.017906468324712,43.003908532727614],[-0.000160947511552,42.98034388034907],[-0.001862308854751,42.97149460749881],[0.013503855946373,42.96861531040675],[0.032911108302661,42.96006152270409],[0.043881605192145,42.97432660469919],[0.05521423137147,42.97522805318041],[0.052531211031406,42.971234823869835],[0.054661738550462,42.958889044346925],[0.044173453628669,42.95669162145616],[0.045890886234947,42.953924742791436],[0.077441275505234,42.94430630334133],[0.08614348789575,42.93829588341194],[0.095514096501896,42.941737361972166],[0.11499385605572,42.933563031838986],[0.141307069474599,42.93729794793398],[0.146722579776985,42.94653108544255],[0.161658455390678,42.95319068638356],[0.177582581709832,42.944074873919874],[0.189511598292865,42.94664198005476],[0.209118749741281,42.93654392016777],[0.226518321927654,42.948468418423005],[0.23444215310569,42.9690630356818],[0.254250256908849,42.97093902161301],[0.265726475804007,42.96869916455096],[0.280050694461395,42.980035493811194],[0.282996838474784,42.97635307476042],[0.294228521194925,42.97575091556889],[0.296045790502059,42.97488689081992],[0.288100304262906,42.959476560180676],[0.29861604389456,42.960994887240545],[0.313689661766272,42.95683666042023],[0.319011796446367,42.95131774876467],[0.346356662360444,42.94007132978042],[0.36084620718736,42.924138360710344],[0.357291294491316,42.91829231226692],[0.348971138328823,42.9159655554559],[0.312699363087572,42.92404676226208],[0.305439365851396,42.92988461027693],[0.298363020575914,42.93046000931855],[0.294961857414783,42.93654574982553],[0.292063731015349,42.92564033180685],[0.292856173517014,42.914721299723304],[0.306716418882101,42.907102989014724],[0.306207488346445,42.89976770764031],[0.321015331597601,42.89398461565294],[0.322176451591971,42.88902971954225],[0.334753229926404,42.887533288587505],[0.337692108423257,42.883696734384216],[0.348250350728822,42.88092770783649],[0.34930758005486,42.87537803525843],[0.345083957229604,42.86889168745002],[0.347470583196427,42.86422973387469],[0.355355898546291,42.861787230302674],[0.359139420447828,42.845100413284776],[0.367103674831803,42.83750282282124],[0.36555110689437,42.83612682100107],[0.360262310213075,42.84296511542817],[0.353524648004633,42.84292955156398],[0.346999341357853,42.8365044667879],[0.340509589654472,42.8386533365396],[0.340242840281797,42.84252995214052],[0.331811855010895,42.82870587473185],[0.33080303263526,42.8163420397322],[0.319931420645629,42.81063835861957],[0.323246081207733,42.78897627269592],[0.32648261470573,42.78136472477928],[0.33818319837863,42.77048383000738],[0.341613856418218,42.75719728801375],[0.346153168863372,42.7524310166322],[0.343824625638454,42.747122923714166],[0.359619585151021,42.73505169719744],[0.359259757259178,42.72087637968986],[0.345354692504792,42.71057004006533],[0.325316060472034,42.70519699679332],[0.326441943918614,42.697680030716654],[0.321923120893698,42.6911069084856],[0.323802330771489,42.68749881614359],[0.321266986565715,42.68283748170025],[0.312994658039395,42.68395785452016],[0.295201732122157,42.673225144066734],[0.27598191471755,42.68821807339012],[0.26382343824454,42.693159885094865],[0.268780050948131,42.700042790280285],[0.260004446490352,42.71631443271011],[0.225640637916413,42.717664048425135],[0.206243212193726,42.72936194995037],[0.175789580887764,42.73707232879081],[0.162499207773207,42.72853808927446],[0.162336876384523,42.72318324578195],[0.136731688355394,42.72245194807491],[0.132152336837384,42.714944538329746],[0.116184110845794,42.71082487464666],[0.106601644890477,42.71004890940479],[0.090164739502752,42.71712136314179],[0.077050380006529,42.7145713920451],[0.071126716411398,42.709067758227235],[0.070709920384854,42.703822645495315],[0.05866148608086,42.69743970296882],[0.047855618688664,42.695851005803874],[0.024281534280854,42.70253445000488],[0.014684690731139,42.70184336679592],[0.014518711730523,42.69411444546858],[0.000376714217129,42.685341405491506],[-0.016246571934296,42.68507464239232],[-0.048701237989193,42.694456921029975],[-0.056304101725315,42.692250618646334],[-0.063218876272168,42.69628719474673],[-0.065809217014967,42.70771940397023],[-0.063469319608926,42.7100637715182],[-0.068361195795072,42.71796507172793],[-0.07952941595906,42.71681740419337],[-0.097280468922879,42.72231951255945],[-0.106467432846302,42.72099239940273],[-0.11154896481707,42.72598996832379],[-0.108039180926391,42.732438384936444],[-0.117676748261566,42.73849207412313],[-0.122824169123336,42.75156075496668],[-0.136446001327701,42.7615731240097],[-0.138468001959292,42.76688429477437],[-0.149842362782065,42.76927433967148],[-0.146948040262013,42.775803428386965],[-0.154525797552494,42.78114995284468],[-0.154423978420917,42.79298473755602],[-0.160246198335302,42.79801642595784],[-0.175948660039612,42.78618011136814],[-0.18868133764752,42.78685933415228],[-0.189415478876973,42.79035253155354],[-0.198144692668722,42.795663739765246],[-0.214235187495696,42.79633783297062],[-0.21947938185392,42.802657226470416],[-0.224046524988029,42.80120332556433],[-0.238903178126156,42.80866948509544],[-0.238296639508863,42.81684498123335],[-0.243388053348131,42.82336876540414],[-0.254827571995282,42.81926111271027],[-0.262317323500232,42.82493276086269],[-0.27479287344658,42.82837643535546],[-0.276888824730627,42.835597786789776],[-0.30659516971673,42.84146468802759],[-0.313252392017204,42.84940254438589],[-0.324424069704431,42.834644868962094],[-0.346872919922615,42.83781210936477],[-0.364032770946028,42.8204428608711],[-0.364495190859869,42.81639447109964],[-0.381707415995609,42.808291766198344],[-0.385459320138201,42.80074728677199],[-0.394133000979144,42.800804128528625],[-0.411899537680352,42.80867861687311],[-0.441814823261541,42.79535913198066],[-0.45145308887658,42.80349602615572],[-0.478131066642791,42.80943257120833],[-0.483416425988591,42.81582603716528],[-0.498467644575563,42.8208380447065],[-0.501167541293167,42.82777869741048],[-0.505669811721724,42.82728773123742],[-0.525053782795874,42.81210382757042],[-0.522912897756585,42.79907617352059],[-0.529655416397675,42.79165904756946],[-0.543592571157157,42.79322419156062],[-0.551797578921829,42.777857211555514],[-0.567531054405789,42.780740291251135],[-0.570493027226401,42.782989041843734],[-0.570701617041669,42.7906013889924],[-0.564752938620582,42.79828199190823],[-0.566142332791632,42.80371379279006],[-0.576733452113543,42.808206127151074],[-0.590656830624494,42.80257384585386],[-0.599096837405192,42.80463642832023],[-0.598459429671083,42.81560249213059],[-0.60426181694018,42.826730391824114],[-0.601503606644002,42.82975846320318],[-0.60321280536907,42.83243117889679],[-0.619649440856339,42.83795087882786],[-0.636017526543028,42.853302274794075],[-0.655765635730383,42.85846598707944],[-0.661611725753785,42.86400895805613],[-0.666579460241337,42.87626219874559],[-0.678698211342444,42.88454533864354],[-0.698886423811623,42.87879921299581],[-0.704738196602238,42.88445511765253],[-0.718052855525359,42.886465758245585],[-0.732110378797514,42.89625965511261],[-0.733521427139383,42.91110743628548],[-0.736490068552663,42.913214339675804],[-0.72694224606435,42.91732563260872],[-0.724069084186036,42.922406608358195],[-0.732517522705212,42.92839456747091],[-0.730612976705795,42.93817136768947],[-0.734078303645023,42.9398272307916],[-0.731292386118203,42.94779453990887],[-0.740433600570682,42.94876043716513],[-0.720460218416353,42.956622381247634],[-0.724430269991946,42.97817444958422],[-0.736209500315599,42.99036942296364],[-0.735889042242899,42.99722860945258],[-0.709688568328369,43.02864521298627],[-0.712805958365043,43.04081774998461],[-0.702458586121838,43.048672661879834],[-0.687918098454025,43.03385695880669],[-0.677371563424733,43.04662580611435],[-0.677118915833351,43.05945830042588],[-0.67121349369358,43.06676383058898],[-0.641052503462531,43.06116727567897],[-0.636954603536738,43.07014549289131],[-0.606291360895061,43.071605845398146],[-0.611528690377932,43.07801175129007],[-0.609356379406486,43.08205334250145],[-0.614453529801984,43.08383698425784],[-0.612038759213534,43.08698643461515],[-0.618150951710852,43.09746577107309],[-0.597533993815188,43.09257887874688],[-0.571058507267764,43.09713631959972],[-0.554539175239968,43.09482254821928],[-0.541013170896218,43.087059996426916],[-0.523720335720411,43.08635343331908]]]}},{"type":"Feature","properties":{"name":"Parc Amazonien de Guyane"},"geometry":{"type":"MultiPolygon","coordinates":[[[[-53.98912498768317,4.289332985365211],[-53.95925202559019,4.286036963484531],[-53.9376089987486,4.277003999698414],[-53.92223401036005,4.260552015172864],[-53.92153598834535,4.254419006394084],[-53.90763896630718,4.252883996304496],[-53.90032402605154,4.242425969281297],[-53.89420902517472,4.24108697538829],[-53.88682399927499,4.245450040198633],[-53.85270697107543,4.247059961571041],[-53.837982009370656,4.251582014241173],[-53.82684798006613,4.249529019948838],[-53.818522028473964,4.25451601627362],[-53.80641499476452,4.252325983679631],[-53.792906017388695,4.26661697267778],[-53.786379988739824,4.284955010046117],[-53.78209098144148,4.286617979542107],[-53.782382968173685,4.266592002635761],[-53.759167974295195,4.198586956707299],[-53.75508503119569,4.177734975170719],[-53.75829202410067,4.156492025462795],[-53.757014005820636,4.130016998762836],[-53.76325702443431,4.119594959874064],[-53.7636529644723,4.109624978879104],[-53.74197599916221,4.087960984698189],[-53.74280796488986,4.077749027049],[-53.760829994547606,4.054211971097646],[-53.75332301763065,4.036441979499766],[-53.74460499707748,3.986613029319606],[-53.77242303037375,3.968715016010909],[-53.779455017445436,3.9551700283164],[-53.77639399930461,3.951513955447465],[-53.77950097698732,3.947518976168935],[-53.82077798302114,3.918115992314947],[-53.85484797936262,3.926213035716517],[-53.85913902736175,3.923096005415732],[-53.86446102639582,3.908109025558543],[-53.90754000963613,3.851517972093089],[-53.947415995071594,3.835523999767691],[-53.964080015672515,3.844963023202041],[-53.97562297462392,3.838817984107138],[-53.99146097800144,3.823352025870735],[-53.98388500001224,3.81556700629395],[-53.976547032394535,3.813242002893523],[-53.971197030194844,3.79947603404599],[-53.96090698106552,3.800450958296344],[-53.94307999005121,3.786100015309908],[-53.93010200011946,3.768460993883836],[-53.93050803246147,3.757631976060062],[-53.92484502623055,3.743238014664406],[-53.93073697320884,3.732879032996134],[-53.93288098119193,3.720966011968412],[-53.923503998105716,3.714731036582645],[-53.92718998093348,3.697487013242],[-53.934951972288616,3.687121987223116],[-53.93182100803562,3.683371980046908],[-53.93398996398634,3.672462023904777],[-53.924579975491845,3.661260957536188],[-53.91958598202883,3.661167014341999],[-53.91772900130629,3.665559975174487],[-53.91409803437606,3.662778991355029],[-53.91302896895542,3.658995036698987],[-53.91738801060703,3.656788037347524],[-53.916126964750035,3.652405983385607],[-53.914244999725966,3.649278964547896],[-53.910198011418586,3.651485001243367],[-53.90455998654565,3.643670012531034],[-53.902068979776935,3.645245033534391],[-53.90429802293878,3.659337032691053],[-53.89994300400824,3.662798025569065],[-53.875928003625866,3.662875963183787],[-53.86969902345063,3.665716009540497],[-53.86782096344173,3.663529011753272],[-53.870928011847,3.659758980305818],[-53.86562800125505,3.660401962304447],[-53.86097800519586,3.669191001006371],[-53.85970902421448,3.662614998875187],[-53.85066598544606,3.662956970167887],[-53.84284901661753,3.65702798017151],[-53.84314103037079,3.650447960384507],[-53.85182902193627,3.636319996101652],[-53.84059296408769,3.63384901626167],[-53.82840100086279,3.624799959544217],[-53.82404201497137,3.62700702712035],[-53.815285009353765,3.619200969630778],[-53.806902031620986,3.621985962193514],[-53.797288963640106,3.61227896846257],[-53.77666396308209,3.608403030142653],[-53.769292013509826,3.598859993983047],[-53.761827018407864,3.599882959483951],[-53.751734024018916,3.588309001324522],[-53.7411880234129,3.583511002986597],[-53.73132797598741,3.582508997873075],[-53.724480999400036,3.586545043712245],[-53.71261201207683,3.582158018100225],[-53.70505002204175,3.58641303833899],[-53.68620897064411,3.580391001454173],[-53.68328097507478,3.576492971388088],[-53.6749380220619,3.577018988892114],[-53.665805976602606,3.571292977476674],[-53.62099699940661,3.574447962961707],[-53.594471989276926,3.582575041810691],[-53.58808302105414,3.587751972727085],[-53.58699602019758,3.593912039038184],[-53.563992997504286,3.601132961818752],[-53.55347699046573,3.611868008574677],[-53.540290965461026,3.615456011484941],[-53.51686201336593,3.608697999712831],[-53.50164699201317,3.617393972434297],[-53.4631820281877,3.62675197490293],[-53.45967396613373,3.634929005954996],[-53.453602025442585,3.635389036267234],[-53.44377603469065,3.648139024932117],[-53.45082099125727,3.660910974438596],[-53.45658998956954,3.661241044811228],[-53.45925899258521,3.668227984110124],[-53.455107966034944,3.679157978425013],[-53.460266977283325,3.689699015789091],[-53.47698800021287,3.698548999816433],[-53.47660802898664,3.702240004119088],[-53.46177698304706,3.71546503839184],[-53.46037599514213,3.72322503437746],[-53.4681479982579,3.730818000606066],[-53.48508902726805,3.7344920066105],[-53.48758898361267,3.75009396498325],[-53.50061997920431,3.762183003249908],[-53.511360018844016,3.765994031455248],[-53.512080022210235,3.769553014038884],[-53.508875994305974,3.77080100493646],[-53.511360008287795,3.774517986258361],[-53.50597100321655,3.774993012624922],[-53.507249971927095,3.79521999091572],[-53.501479966688656,3.807524023487001],[-53.47610899209677,3.797592026864744],[-53.473009022911825,3.794158963449533],[-53.47514903513257,3.788388968073355],[-53.46837802278076,3.791370959140199],[-53.46620803660831,3.784334044132009],[-53.463797963791485,3.789062976778401],[-53.46225803371134,3.779902038223161],[-53.45573699287503,3.777820975945613],[-53.45116297816405,3.78133399757018],[-53.42488303071076,3.778869000204121],[-53.41351298290945,3.786160009666639],[-53.39622200056715,3.778948970083003],[-53.385449997935204,3.781070961676233],[-53.38264300210893,3.784891980616623],[-53.353800970764226,3.777747975910156],[-53.34414303211811,3.779114009601853],[-53.3358510312756,3.784650992499796],[-53.33119999219389,3.783093004197216],[-53.32993700217534,3.787177978367835],[-53.312843000604595,3.782978033529361],[-53.284817022001874,3.791967041662874],[-53.266596987959154,3.806918011073148],[-53.2689359983021,3.828692043541202],[-53.28255898202721,3.82481398889328],[-53.28375000427025,3.830234992990765],[-53.28898996346667,3.83033898974175],[-53.287939971533774,3.832346043959883],[-53.29371999617708,3.835947010599138],[-53.31012101294036,3.837514045082356],[-53.31046100510118,3.84136500303235],[-53.30406098802802,3.844290980637058],[-53.3047710340555,3.847001018220496],[-53.297730023247816,3.848003038588823],[-53.29264102816208,3.859294022590448],[-53.312396011947634,3.862856041180085],[-53.32109203036024,3.875436963466298],[-53.321140027031454,3.896296999086768],[-53.33895997222062,3.909573991723366],[-53.33407902560626,3.924216012439417],[-53.32666100090767,3.929623991074268],[-53.32291300649109,3.937624996757282],[-53.330195022885874,3.964067991042429],[-53.372482022761524,3.984195973998844],[-53.38213997403919,3.995826035129237],[-53.386863990423315,4.009686007619242],[-53.40067799616243,4.018095970846994],[-53.402315029690165,4.030287972832674],[-53.409076022411625,4.038025965152406],[-53.421943965292556,4.040527961937323],[-53.43763197360876,4.032923961408639],[-53.45064497991273,4.040180031565267],[-53.45077997956159,4.065482044990499],[-53.45453098717803,4.075040970935182],[-53.46152298515359,4.080457023136263],[-53.48063599166946,4.087002008618561],[-53.494262985601935,4.106583963430135],[-53.5100049776037,4.108333999046737],[-53.52144600313377,4.143401968414221],[-53.547387971270496,4.174330980842786],[-53.551043980304826,4.199445024823198],[-53.517897015178896,4.256145965154317],[-53.53734497557476,4.282501957801294],[-53.539954022717126,4.292589974133275],[-53.53780696950672,4.303935033331676],[-53.5250170049917,4.297506976804299],[-53.51736398162107,4.299362984854853],[-53.50227102572298,4.309808039842252],[-53.4779619679801,4.296562958970034],[-53.464485967651534,4.302832038216204],[-53.45828503629486,4.302486038895037],[-53.455015964588256,4.306889972817705],[-53.41998000735706,4.30114403930854],[-53.39119099740979,4.310022974763265],[-53.36902096617168,4.336091976391176],[-53.34758997976889,4.376443961429908],[-53.34534596907334,4.391355038060129],[-53.34864597958697,4.400336022262072],[-53.34242001267849,4.442213982737674],[-53.331936994362216,4.429065991017869],[-53.31642499054693,4.417947957206869],[-53.30654302687501,4.415738004805797],[-53.30190897620697,4.405954039427399],[-53.28637299576101,4.400499022662154],[-53.26852802877897,4.409107043525303],[-53.25411297504163,4.424108990852658],[-53.24319997064866,4.427484977079951],[-53.237105973378306,4.438344977753463],[-53.24108796888522,4.45292598441391],[-53.21606396423288,4.468439017537763],[-53.20170200051991,4.45091697463365],[-53.198032989464394,4.434695964643692],[-53.17732796603375,4.427039972307006],[-53.156492018576614,4.404038982660192],[-53.13691902197528,4.357970044057743],[-53.119805029888404,4.339546976146561],[-53.118346987574206,4.315076977315104],[-53.10819497924111,4.295226996631929],[-53.09275296762999,4.284082964065362],[-53.08071099263787,4.262037040729055],[-53.060323993500226,4.23814099251014],[-53.03444801164343,4.226456004089949],[-53.005195023710556,4.194209013177371],[-52.98732399131944,4.19119296153621],[-52.979464013096475,4.184215009437962],[-52.97376802525738,4.171106015032849],[-52.97528899638737,4.135651964206546],[-52.96145202997247,4.123895982124931],[-52.95925800296188,4.117776984312376],[-52.97227596616542,4.03716602348043],[-52.98007896962229,4.032622015918494],[-52.98060197385948,4.021866010126697],[-52.98428602780199,4.019168012798855],[-52.98738299870886,4.008654988540948],[-52.99785197485497,4.000088038939634],[-53.03283202471656,3.987651967716711],[-53.04043997039807,3.979169018952386],[-53.04494599541449,3.966608025693682],[-53.047741027267676,3.965378977108002],[-53.05871402363006,3.975247969860811],[-53.06370701688798,3.974298004535964],[-53.07020303032252,3.970843011979585],[-53.08235498445089,3.955171957709904],[-53.099180022543806,3.953452042794011],[-53.119057968278284,3.932215043387493],[-53.15106597239196,3.918212008274685],[-53.157717968681716,3.904936033237484],[-53.138368979410885,3.896195018468293],[-53.13469203038183,3.884118971410982],[-53.137943025451605,3.872024972478531],[-53.14485398540467,3.865048973126974],[-53.16016201021897,3.862446024687785],[-53.16999000418837,3.855829041627667],[-53.197262000083384,3.82646001068353],[-53.19978897296824,3.816565026420576],[-53.22238901597868,3.814675980840716],[-53.23185802287851,3.810623034744324],[-53.23366197343683,3.802927994031664],[-53.20294702434903,3.767849040053009],[-53.183244982542554,3.762404958459558],[-53.17516599046316,3.738987013745507],[-53.13970902209956,3.700618967684809],[-53.13080902437015,3.637280003882178],[-53.13188497388425,3.62958701255865],[-53.14059800218826,3.614549991032845],[-53.13657400250772,3.608333019500438],[-53.12891297974144,3.605787995915857],[-53.11871002751199,3.607643012705975],[-53.11689796838405,3.612041985230797],[-53.10852403320024,3.616823010586857],[-53.099772974699555,3.615744964210148],[-53.092470022228206,3.610634025818277],[-53.08990002397963,3.602581963821466],[-53.104814020848096,3.588996002629284],[-53.0999999709444,3.555678959423616],[-53.10289300775524,3.54578300332258],[-53.109067975312236,3.535880040836023],[-53.12180900496894,3.528525996853262],[-53.130899017608876,3.518617042354145],[-53.132684036799226,3.502132008306267],[-53.1446769660028,3.486355034589594],[-53.14501401894322,3.476562978835049],[-53.12880503068926,3.458625977864513],[-53.12948501854982,3.445572002303178],[-53.12477501919347,3.434136028833248],[-53.12969500535297,3.428169024199416],[-53.158363991689725,3.410204036554372],[-53.162147021634325,3.404096995086419],[-53.16388503657537,3.387761040221459],[-53.15592399675316,3.349872039150966],[-53.17429601310163,3.31356500678169],[-53.144939970533954,3.274651964186797],[-53.11376700012769,3.26533998248227],[-53.11377498445552,3.252429981288615],[-53.104051984179804,3.234549039614727],[-53.103022013957826,3.211313038439725],[-53.100129015252534,3.206103992061615],[-53.09339898295011,3.203800024980667],[-53.0834230262296,3.212126044952671],[-53.07561896794267,3.248840987676973],[-53.066431014304364,3.266822982687303],[-53.075333007210524,3.283170997914069],[-53.06408599289977,3.300597042234073],[-53.05081600955969,3.300910001184913],[-53.036634984967044,3.306930005993906],[-53.01675100626809,3.300587961609311],[-53.003666991537386,3.305428957755818],[-52.9908930279205,3.305347019389302],[-52.96234400443409,3.295667998760138],[-52.931499011384055,3.291653968240262],[-52.89949299195122,3.273749964054541],[-52.86010203480476,3.272255025305983],[-52.84814997294644,3.276450032573185],[-52.827463029727696,3.296639961528107],[-52.81668097676581,3.300048031079907],[-52.79146500139452,3.289000981094782],[-52.76302403665461,3.26058995992587],[-52.76409201068231,3.24452901480955],[-52.776230967422485,3.229392029723793],[-52.764954006845564,3.20976898133268],[-52.746964995381326,3.206342024242778],[-52.730027986188745,3.19510603027629],[-52.70659203115682,3.200385955344238],[-52.695159027569616,3.193131970323603],[-52.68486901125381,3.191009983409248],[-52.67472200469836,3.210813028303907],[-52.6577619659678,3.229664995652883],[-52.635825979937785,3.242427969487467],[-52.62868499465422,3.254595959564376],[-52.61250603489619,3.265951018332686],[-52.60901798092028,3.271826990534799],[-52.61346496549633,3.278830030443126],[-52.62226197874446,3.278602004978117],[-52.63659301921512,3.299862042708652],[-52.64166101556817,3.318714041777455],[-52.64204999109434,3.33603600201689],[-52.63357500658584,3.341366026996019],[-52.61700598939053,3.340110025855734],[-52.575585968100405,3.350374984788499],[-52.55818000154838,3.358352967567539],[-52.5536470046112,3.363958016961358],[-52.555867977399465,3.401832012475028],[-52.546370965316115,3.450429960634455],[-52.55647297620547,3.466386035943329],[-52.5566579819701,3.476671957433994],[-52.55326597624745,3.479476010803971],[-52.519212034010216,3.487938019299029],[-52.50317002062828,3.497151041394397],[-52.5011580217113,3.49424102286372],[-52.49609396917804,3.495934033070155],[-52.47266203393343,3.48766303912174],[-52.45620500788847,3.469291006675558],[-52.44992396447775,3.468730038949859],[-52.43152096587789,3.477851044115151],[-52.422860011492624,3.475617987220794],[-52.4165349925377,3.46978001237845],[-52.41470403203112,3.431310025820434],[-52.4056369836669,3.417880977582361],[-52.39164697221062,3.411377019042942],[-52.37182799075046,3.421853015777744],[-52.36728301870844,3.419612996035652],[-52.36020199591073,3.405466996160014],[-52.35470203053979,3.405582021746849],[-52.30861102598783,3.432209997284331],[-52.29182799675782,3.433195977841689],[-52.26758803699818,3.456833963362544],[-52.252480029836335,3.48997997885731],[-52.237132010225295,3.504264037116926],[-52.23301797628265,3.506231010561318],[-52.220870963433036,3.498402034149685],[-52.21640101353576,3.498835964733775],[-52.20953201785346,3.511146962211599],[-52.1933850362945,3.511630993009937],[-52.15745097829939,3.524763001263895],[-52.15527500693222,3.544272001423436],[-52.141081974327626,3.546465044717281],[-52.132725028453024,3.562414994016359],[-52.11161301024237,3.56647001830457],[-52.10256001800665,3.564234017816357],[-52.0809510239194,3.570346024956167],[-52.06292003491752,3.568239003023816],[-52.0548580246247,3.563861999368588],[-52.043076014242395,3.564553021560605],[-52.03786897968431,3.560926008833352],[-52.06103799974165,3.518266021168175],[-52.07017896996592,3.516687022871906],[-52.07038799711718,3.504363039528631],[-52.082189012952064,3.488440961897513],[-52.08862802193796,3.464681997873439],[-52.11224198554063,3.445160956933152],[-52.16341502869347,3.350769029623035],[-52.170988016705806,3.344934017845469],[-52.175431979487556,3.332380975309097],[-52.188574021416265,3.322059028174085],[-52.19279303458508,3.307714014530625],[-52.190106007227925,3.298530971795079],[-52.200799019135694,3.291571996900003],[-52.213486965825936,3.274975960721546],[-52.22683900643337,3.25546595531627],[-52.23083501751866,3.241793964723247],[-52.24108000693357,3.233939983077726],[-52.24822197307048,3.240652963554475],[-52.252469975163145,3.250954025009456],[-52.25982900763217,3.252736967826983],[-52.26594200750549,3.243201968221817],[-52.290784007332626,3.228052004401727],[-52.29255102796579,3.215279027972942],[-52.30104697459923,3.200966005805821],[-52.297184013230215,3.176512033140952],[-52.30297401096285,3.172246976912219],[-52.311674008009675,3.17738998013616],[-52.33106098897462,3.173331998299132],[-52.33373297277802,3.170864031174966],[-52.334825991480336,3.153834955324323],[-52.34192898640909,3.144185971248709],[-52.340604012637115,3.140159962837222],[-52.334360963483526,3.139272033830071],[-52.340151026500656,3.135008002058378],[-52.34929098957271,3.135667988736348],[-52.354411001599196,3.130955990593392],[-52.35127999160398,3.122894969998606],[-52.3396879828699,3.121564955034966],[-52.3470239869673,3.105872959348201],[-52.34589800874708,3.096911990971384],[-52.32715402307912,3.079236035978457],[-52.33403900784202,3.060182990182447],[-52.34805600566491,3.040449018432734],[-52.35444601158262,3.023239979395107],[-52.362292966785645,3.018923003907556],[-52.36472101428082,2.999651044287956],[-52.371840981168845,2.990905018991409],[-52.37083696832422,2.978612999514927],[-52.37649202916173,2.966926022079988],[-52.383382983532606,2.953250955555028],[-52.39317898262043,2.945396955127426],[-52.39094500649303,2.941142972726491],[-52.3958319757098,2.9283659617475],[-52.38935801047951,2.919412041898486],[-52.377992975119106,2.919202023084762],[-52.37776697102909,2.916290035826834],[-52.39200600937184,2.897901008882935],[-52.40760602850005,2.8987770208599],[-52.41272300720134,2.892498023660725],[-52.42497496774716,2.8886740416747],[-52.425857976857785,2.882399014282115],[-52.473657012862475,2.79586000776779],[-52.4796540268125,2.780842043183843],[-52.47672603192173,2.768575035029399],[-52.48282399261746,2.759137969739552],[-52.48206700750524,2.750145967679866],[-52.490957016203296,2.731987963553342],[-52.50007999361811,2.722567004398976],[-52.510517021149,2.695222018308569],[-52.520751026291315,2.683559037248056],[-52.531347001785235,2.650722968806947],[-52.534465031912646,2.648925963756786],[-52.546057973924576,2.652721041606891],[-52.5569600045564,2.639036982720347],[-52.54490903554859,2.624933031932553],[-52.55023702730814,2.608566957369728],[-52.543772977374985,2.607454011980928],[-52.53462701435918,2.599398044953274],[-52.530596994853376,2.583491032794778],[-52.54105100998849,2.567567013355262],[-52.54148602955703,2.558377996869228],[-52.55241103183776,2.563071002613753],[-52.56175303316503,2.548940981027457],[-52.55660901706291,2.533260008657357],[-52.54969601351193,2.529233991453985],[-52.55213503209027,2.518922041394597],[-52.585525984083276,2.491541035383856],[-52.59508496568534,2.47292902975598],[-52.614916019793256,2.473128968852524],[-52.62137303587712,2.469311976932389],[-52.623816035929,2.46236199863722],[-52.61086196744372,2.450396982523452],[-52.61822298083584,2.443768007192868],[-52.63047402588909,2.440391970718657],[-52.63359796358228,2.444421987044876],[-52.64672603101981,2.430063956173334],[-52.64537599519858,2.418861027404596],[-52.65850099098394,2.402485972996589],[-52.65670299584947,2.389266027975758],[-52.66247597567916,2.37312401270855],[-52.66960499611747,2.372668004721219],[-52.67361100370831,2.369077027760255],[-52.68519699284374,2.369735040622694],[-52.711473019482725,2.359171005639553],[-52.72014997898062,2.349972003524894],[-52.72033203545438,2.344142987783548],[-52.76311797764664,2.326838009358619],[-52.76667699018836,2.321904011117671],[-52.77113302462903,2.322346022123643],[-52.77402098666353,2.316517008761827],[-52.78026296793107,2.319645979948279],[-52.78248196581843,2.312697021998756],[-52.787827036450324,2.311793040292114],[-52.78943699098483,2.306334998800397],[-52.80050998824386,2.300124989799265],[-52.83959497706904,2.292008963305438],[-52.837355008313345,2.282152020559387],[-52.83959096428046,2.280420030881407],[-52.85495298477623,2.282353957409595],[-52.85717800280858,2.280334029487845],[-52.851592963033156,2.267568992901154],[-52.85670996980281,2.261741993883169],[-52.87118396578618,2.258581000432562],[-52.87384399034662,2.248943025531322],[-52.88096500560965,2.24355601439351],[-52.87606703189224,2.238208033493327],[-52.888753021057255,2.236600000040859],[-52.887392029204406,2.217779989451028],[-52.89340097668267,2.213738993578804],[-52.90561803457657,2.18705901390757],[-52.916748967599545,2.191868004186909],[-52.93122801130262,2.191144969633272],[-52.93413701371397,2.193968958179946],[-52.93986599627857,2.188314032790728],[-52.9386929722648,2.184087031593977],[-52.94335497134106,2.177503022267975],[-52.95525997174277,2.173024007394164],[-52.96203397943433,2.174190011514056],[-52.98865001184651,2.168751030337424],[-52.999636974806045,2.177428969520207],[-53.0040720336663,2.175544034031551],[-53.03021502519028,2.184718005437491],[-53.04754197505228,2.186482009556634],[-53.05910101853347,2.193168966293911],[-53.06467097584615,2.205450009195491],[-53.077572975467795,2.21973195684281],[-53.09134501969452,2.220159961291839],[-53.101346022010425,2.224836965027263],[-53.12533003169229,2.221674966658933],[-53.13421801789893,2.224565958051716],[-53.14575899669729,2.218516961727309],[-53.15531199169042,2.220290979422733],[-53.16241401789406,2.216481959654818],[-53.17640498227446,2.215568035882572],[-53.18239500158557,2.211314030419258],[-53.20527099325843,2.211502996994027],[-53.216805981264244,2.202102977844663],[-53.227022995613595,2.202310995504155],[-53.23680803157672,2.211455968097602],[-53.24648397642612,2.211130978436247],[-53.249164995746995,2.202389979452737],[-53.256356990576165,2.199418998830094],[-53.265944987515155,2.186387961428881],[-53.27740899701467,2.184137989715424],[-53.281051000562464,2.189003992563689],[-53.27103700842455,2.201536029030076],[-53.25485200643069,2.235226991410127],[-53.23626400362319,2.246613990592347],[-53.23006398678485,2.254166026845126],[-53.22711300436428,2.262184985879766],[-53.22838598720552,2.271107961994007],[-53.23755003634469,2.281079983473628],[-53.25872097868187,2.284720043128882],[-53.27508999578138,2.296763994812387],[-53.30324098338301,2.310201959388037],[-53.31324099669276,2.324750958274286],[-53.31617296501369,2.339831022206188],[-53.32988803307098,2.336313972098383],[-53.335507976325815,2.347751025592787],[-53.35677797647137,2.347386960107897],[-53.360261030736325,2.343297039264549],[-53.360115010680666,2.328275040571436],[-53.37193101272074,2.313421040590222],[-53.39928597368138,2.305494001036008],[-53.41151403522676,2.287913041797268],[-53.43332199997624,2.287001017192605],[-53.44638700629121,2.277885043327684],[-53.46564900033087,2.286054013857298],[-53.467873030514255,2.280486957693949],[-53.46580799248122,2.275391976661316],[-53.45253700619939,2.267141985407072],[-53.46074396826615,2.257358026024867],[-53.46967397174384,2.255845016908229],[-53.48797000470962,2.259059031656425],[-53.5171249956341,2.255010996799427],[-53.52437500559187,2.2597439832948],[-53.53658798420662,2.250772978111227],[-53.5404950299354,2.255295002439194],[-53.54467201806511,2.25232797422762],[-53.55282802172894,2.254132000308871],[-53.56243997910499,2.262972981310124],[-53.57351396458502,2.266610012537114],[-53.58177297228604,2.266951965974673],[-53.58736400017019,2.261628981841327],[-53.60021597710537,2.278094009526524],[-53.607482985669776,2.278240007943695],[-53.609519002126575,2.282980967569975],[-53.62268496404761,2.272260980119749],[-53.63021003353657,2.27855797234472],[-53.63800101607175,2.275085038618085],[-53.646587995366055,2.280131976767954],[-53.65913202426497,2.278539962484655],[-53.653285995080715,2.298980021767492],[-53.663169969153195,2.29667904109915],[-53.66945803388498,2.304796002732814],[-53.67441803213748,2.303717023478304],[-53.676460002479594,2.296119975091439],[-53.68365203222715,2.294501996185052],[-53.68497098217367,2.298634990856524],[-53.69131102337045,2.296732973844772],[-53.69214599377694,2.307390976648568],[-53.70179597774505,2.312220964529768],[-53.70969098717902,2.307713984358669],[-53.72362600301537,2.311217023619883],[-53.7333570144666,2.303390978419271],[-53.744562966306724,2.306470990459342],[-53.74372297663948,2.312247018321632],[-53.74797898727835,2.313985990993951],[-53.74873703543841,2.320899991602383],[-53.733247983357394,2.320075037047407],[-53.73922103593452,2.329903017631114],[-53.72707896332332,2.337555008577525],[-53.724711022162964,2.347000007121602],[-53.73423298216985,2.35304902448198],[-53.73605096400118,2.358570956228939],[-53.74557601775311,2.353917989170072],[-53.75281498475863,2.358608975823966],[-53.74998801939438,2.362713990131349],[-53.73950500038082,2.366513968299272],[-53.73887702651716,2.37171998018653],[-53.75145100906619,2.367737978593938],[-53.76617296742691,2.374731023016685],[-53.79789599350373,2.361337003319314],[-53.801709968114935,2.353733993598338],[-53.81028802876523,2.35282501959674],[-53.813029997173906,2.341409031766435],[-53.83453298567672,2.331842025920857],[-53.83642902025195,2.324280981227768],[-53.830964011713434,2.321687985387568],[-53.81956097911901,2.323312975789395],[-53.816763021577664,2.311232970480326],[-53.83242901422158,2.309418979763523],[-53.83666898583905,2.302136039299003],[-53.84284196723295,2.304834003374126],[-53.852939034083334,2.301711020595559],[-53.857212973979635,2.311579959527625],[-53.86513701262763,2.303434033200255],[-53.87035602233296,2.30738096035435],[-53.882800023594775,2.307855027487633],[-53.88554796953353,2.299541017917835],[-53.88421498623085,2.28902501018291],[-53.888811985177036,2.283097027486922],[-53.88624199028465,2.274507993762942],[-53.88938800550179,2.269866962631212],[-53.89556397533578,2.27367002042996],[-53.896155986135824,2.268355001455588],[-53.90709096962016,2.259669032482132],[-53.91487999722231,2.262205039906469],[-53.91512303461997,2.277183042409783],[-53.919306998406775,2.27760198783911],[-53.92507697083791,2.272954038991919],[-53.931105977016045,2.274403980956766],[-53.9327240254422,2.278966986354764],[-53.938481969677206,2.275529983213226],[-53.93899599146577,2.248998041422479],[-53.94185402198314,2.24225199784417],[-53.934536995583414,2.234991978086597],[-53.94023500781344,2.230380980000702],[-53.942514022970116,2.217574038755594],[-53.9492869659103,2.218879967085509],[-53.956157980838,2.215586007648741],[-53.962546992732236,2.217673020592796],[-53.96820702060957,2.209567988949023],[-53.98200999052236,2.206455019511473],[-53.987578966911975,2.208439975027493],[-53.99961299773107,2.198681004489739],[-54.00412200974839,2.202452040598436],[-54.01117802775884,2.185676979905232],[-54.02069896388384,2.177920030730583],[-54.02456299748332,2.178340018471643],[-54.02783597541938,2.184109972074655],[-54.03144700539997,2.181928037728162],[-54.03521002004904,2.185672001552829],[-54.05162702185149,2.187021021763791],[-54.056174982061016,2.192110962841248],[-54.064118033732285,2.194019960280876],[-54.07366496596151,2.182447963638174],[-54.07425298108382,2.174816017865713],[-54.08342597193599,2.171659035260916],[-54.08930801552257,2.153344021264145],[-54.08817701745718,2.142844999522066],[-54.08218099799129,2.134394969429545],[-54.09353396917057,2.139257040340923],[-54.09585502795909,2.129980974163465],[-54.10799502967993,2.120328002405805],[-54.103898001905655,2.110314973602506],[-54.10875503134253,2.110412960150024],[-54.12625596407345,2.12357198071982],[-54.13266099148639,2.118103009795599],[-54.137658977351585,2.117950038830821],[-54.14211397518148,2.11216400865097],[-54.15414697972517,2.12076897355973],[-54.15899902836891,2.118618985963726],[-54.16370297701629,2.130912041992059],[-54.17370798011003,2.135455982035048],[-54.17660203453402,2.14561100298715],[-54.18327501889541,2.151231959001758],[-54.18590198680543,2.169876002774497],[-54.18913400418077,2.173006974681677],[-54.230720025540094,2.14606098278178],[-54.23579403378496,2.146022007946803],[-54.2448159820823,2.154739961400576],[-54.25002001517087,2.151482964252248],[-54.257386982516564,2.154938989022538],[-54.26075500095336,2.148749987961135],[-54.270277980962945,2.142881032957238],[-54.32150198103593,2.160956037912863],[-54.325031023173395,2.153637981374322],[-54.34339001302467,2.153134041066497],[-54.34563102445031,2.156801989679629],[-54.33899600400854,2.169973988654365],[-54.34850503301578,2.173982030387368],[-54.352183995418706,2.170801008454805],[-54.36190498406336,2.175021981258468],[-54.36653601908445,2.187024030288919],[-54.35426903499739,2.202314998786219],[-54.35424000847006,2.205417969250953],[-54.3618760320427,2.211392018637946],[-54.37001300774791,2.204134020140911],[-54.38384097211829,2.204994024324665],[-54.39832403279671,2.19772195920107],[-54.41629399586274,2.196788959586537],[-54.419701976320795,2.198778002012289],[-54.4206930308654,2.213539027241523],[-54.434940020007794,2.212079012189437],[-54.447790998759416,2.20520301835363],[-54.466944989245434,2.210257013489256],[-54.47319800264357,2.216625023794375],[-54.47766002493782,2.214724970562956],[-54.47733697571218,2.228025975154904],[-54.48621996400184,2.234471976713924],[-54.49631298013989,2.232973029625517],[-54.496240962190534,2.247627980201241],[-54.50249802070631,2.255171982043183],[-54.511636029558254,2.252012032009059],[-54.52167200943285,2.254092032583469],[-54.52718100110046,2.260353974265959],[-54.54488699122379,2.268047978949827],[-54.54401402515088,2.273362008458138],[-54.5137550310438,2.281453028334726],[-54.51777802268371,2.288254023069265],[-54.528206006367256,2.290367992800801],[-54.53353697566169,2.295454996801278],[-54.5375640169784,2.3040749567137],[-54.533200991413466,2.317388000511717],[-54.53839497699675,2.32429302862747],[-54.54347397381986,2.328346043953672],[-54.556241977025124,2.330167993954154],[-54.58976000715602,2.322201016555824],[-54.597258962939364,2.329563017601439],[-54.59916402070368,2.339615026913651],[-54.59294200355848,2.347455021894533],[-54.57445898394157,2.355725022191775],[-54.5489379942721,2.350039017642656],[-54.53252102517437,2.34313697239123],[-54.531443006211596,2.337576962652737],[-54.528248991755476,2.336372028250038],[-54.51953599369366,2.33974701553695],[-54.50818797057655,2.338847972836652],[-54.50550001378791,2.341280017715594],[-54.50984597824131,2.353228042796377],[-54.51039401141165,2.369703013174537],[-54.495387008405025,2.408637967361884],[-54.46999797238386,2.435879958368524],[-54.43684598999973,2.433040995460531],[-54.431305001235366,2.438193982503256],[-54.41975403018624,2.438223026847796],[-54.39939099619584,2.467320979689233],[-54.391926965738755,2.469322021700446],[-54.38605603117867,2.475614010872528],[-54.38853797378177,2.480084967536829],[-54.38282496640665,2.488034977969416],[-54.37530801483365,2.488766970156338],[-54.37105600745631,2.506941955512934],[-54.362176979514054,2.510092997620416],[-54.35931101422034,2.518590957528503],[-54.35486498236964,2.517708990405272],[-54.35079902096149,2.52913596675678],[-54.344910970938756,2.534716977481081],[-54.34426397091974,2.553050964637692],[-54.34732700538998,2.557894031214564],[-54.3442929859453,2.564179992654022],[-54.333002994271155,2.56915803948799],[-54.32297697555036,2.605113042450087],[-54.31954797265568,2.606955965044059],[-54.31966303142819,2.612756033168753],[-54.31379398954096,2.615686007521369],[-54.31780502540031,2.620143969015598],[-54.31801098036485,2.631949979897587],[-54.31361498278131,2.632817977773871],[-54.30755502366865,2.646241001586378],[-54.299226966106865,2.652818017930425],[-54.29241497393126,2.663837002267408],[-54.28237896399612,2.668058025184873],[-54.276201962252806,2.676436977094033],[-54.27693800296693,2.686423036490116],[-54.26637499223438,2.689518992215068],[-54.27400401395373,2.693777964746774],[-54.26629897443411,2.720837029816193],[-54.25853896816716,2.730777006810891],[-54.24705203187191,2.733090977814192],[-54.245903976442506,2.73966404176229],[-54.234828989425374,2.752531040416486],[-54.224900965218126,2.754697969305962],[-54.224926015596886,2.763902021994912],[-54.222305997159815,2.765835023324127],[-54.21868202431485,2.763633957403267],[-54.208792023105566,2.779855992825956],[-54.20925199715414,2.792555002588887],[-54.199205008942734,2.803355975712179],[-54.20305601939541,2.810195019021906],[-54.20245896185708,2.825465006933708],[-54.206934961948676,2.827806982518704],[-54.20581299680073,2.83230504470473],[-54.19704900539424,2.835442979039735],[-54.192813984115205,2.831208997095947],[-54.18506302266758,2.8415099974582],[-54.17954702542313,2.856275022298041],[-54.179340034228076,2.861862992922523],[-54.18601598623172,2.864526003420168],[-54.18958698274613,2.869879012653735],[-54.193850997907305,2.884617021335368],[-54.18460298450127,2.915929963019571],[-54.19128898746884,2.921944021061276],[-54.18885598285834,2.926420968205887],[-54.180413996623734,2.928009026145991],[-54.173326970338294,2.937191979261713],[-54.17936103356299,2.948573029600556],[-54.170910965014784,2.947702986966198],[-54.176348016095915,2.954989038859517],[-54.1731799754896,2.963786998021639],[-54.16473702238869,2.965375990589545],[-54.16141497948296,2.969631040690904],[-54.17365401134902,2.974065010206024],[-54.180793992959096,2.983430990669075],[-54.18171198648727,2.993261020308703],[-54.18550301013362,2.997495983494479],[-54.176644030039284,3.008920010877001],[-54.184721023453584,3.034371992881248],[-54.19408302053424,3.043060013436979],[-54.19565799626482,3.049312995589755],[-54.188580972099686,3.061625020264278],[-54.18013903009717,3.063662044071967],[-54.18418697818686,3.079516023736953],[-54.177572987245746,3.097860993493689],[-54.17940103331101,3.11439300129664],[-54.186112961954116,3.128674984945757],[-54.1967870116423,3.129312981845826],[-54.20320297960733,3.119013964288716],[-54.21211003422329,3.123678979087036],[-54.214796999912366,3.130151962645857],[-54.20659703323914,3.138668997704346],[-54.21460697570447,3.140878978491569],[-54.21885396976611,3.148016965553123],[-54.2124209928597,3.152953018724601],[-54.196575007167944,3.205295008087445],[-54.18167900517892,3.20556499798207],[-54.16907296683636,3.227281982177383],[-54.158414978645894,3.232007963786682],[-54.15578899999599,3.245648982600319],[-54.139843992128235,3.266483029581745],[-54.126530027466444,3.275463994429367],[-54.12369398486467,3.284474996555808],[-54.105026991537315,3.29698701874399],[-54.098795967612375,3.295442023544997],[-54.08987601456679,3.287423977697578],[-54.07410096433056,3.291943037075172],[-54.07122197874085,3.295974979787178],[-54.07191001642939,3.302677970579996],[-54.06311302260227,3.334665957388744],[-54.06419899659247,3.345370001016488],[-54.05506503188591,3.368731976069667],[-54.05951702058998,3.384407976692457],[-54.02477796975586,3.413081976793633],[-54.016012962221374,3.426789016759543],[-54.018287026862936,3.434315009990414],[-54.02325300777981,3.437628004764117],[-54.02287397247346,3.444469031236626],[-54.01972599520741,3.461779002908261],[-54.01292698605074,3.464213993762053],[-54.01104796961825,3.502843012025874],[-54.003916001266774,3.526201037492609],[-54.009541017845024,3.532216958917908],[-54.00721197062135,3.554755025415432],[-54.010444982138196,3.563998029960772],[-54.002078978832024,3.577302036175558],[-53.98769898148187,3.588212002110529],[-53.98413996927868,3.601902955590125],[-53.9853669863855,3.609946014842858],[-53.99178503137689,3.613143023355533],[-53.994235995112874,3.628021017398606],[-54.004320033443015,3.649713037818805],[-54.0147420038409,3.652896040907399],[-54.021941021826066,3.65005602794524],[-54.033904979831654,3.635129989432862],[-54.05353601032177,3.637879039623861],[-54.055959980998374,3.644307995566531],[-54.054404984105986,3.657992040840816],[-54.084101991056805,3.676796972146441],[-54.08854399674387,3.687644033009116],[-54.08302398860984,3.712605016116254],[-54.09590799533044,3.732272017832248],[-54.105206029369576,3.75718102058119],[-54.11610496278882,3.768307963342326],[-54.1269240072901,3.796500013028488],[-54.144428996779865,3.80576196026146],[-54.16899999513103,3.808638022091487],[-54.18897697626482,3.801951963774911],[-54.19573402998951,3.80319897319715],[-54.20430702403979,3.816645023654078],[-54.20358597187148,3.826905002388952],[-54.19477098345949,3.839485040449365],[-54.197937991223036,3.851425959178608],[-54.21889699709773,3.858721986683085],[-54.24093398004145,3.861010994020714],[-54.25691299297897,3.890364009180308],[-54.25907598867811,3.908004029806031],[-54.277080002672896,3.918104029969794],[-54.284320031770015,3.929854039494681],[-54.2954970200077,3.940055037229102],[-54.3030859691777,3.964918004349762],[-54.30902502798751,3.971376998122082],[-54.305528986973826,3.984357001364063],[-54.314181970954316,4.003871020053337],[-54.31149496639405,4.009771003941951],[-54.319869028350794,4.020971027650806],[-54.33267302698464,4.030938967571483],[-54.346427988550516,4.050630961834892],[-54.351143005867016,4.047730044476322],[-54.35698998516738,4.053215043927155],[-54.351733999740965,4.079796022537587],[-54.34575603383174,4.092082010693201],[-54.34583800285279,4.111745976782139],[-54.32119296919823,4.136451023483581],[-54.30780297037492,4.136059030815599],[-54.30110802318257,4.129646975563607],[-54.284598020019075,4.136603987614688],[-54.27143496277836,4.137330991458733],[-54.25323400021781,4.16115603031777],[-54.247001974125006,4.165215029275394],[-54.248516017661785,4.135963972894894],[-54.23987803237512,4.130429990830795],[-54.23352098120421,4.130700992728661],[-54.2356700098173,4.122235017788002],[-54.23024897445544,4.107670034125767],[-54.224995024018845,4.104968036971128],[-54.22155002401578,4.109478038679185],[-54.206729963266234,4.103662967815697],[-54.19776798971487,4.105471958653999],[-54.19179099862941,4.099316010831752],[-54.19448100314204,4.093572989202523],[-54.15396199077411,4.076414992743477],[-54.154960974654664,4.061912038922411],[-54.14730598146121,4.054363028719225],[-54.14464101637608,4.052801957150312],[-54.143305985965966,4.0566950226339],[-54.14139998014978,4.054461025581662],[-54.13197602806505,4.058335019910023],[-54.13194799271791,4.053639985694062],[-54.128893007985795,4.054106044416537],[-54.12694000072698,4.049981033738851],[-54.121527997367245,4.051506024324804],[-54.119185981021374,4.05088801447247],[-54.120418034225786,4.046968028997926],[-54.114183974850086,4.048244969272008],[-54.119425034327016,4.031934958557071],[-54.11534996430001,4.02678196861449],[-54.11829602834446,4.022072016955293],[-54.112616968611626,4.008822030949245],[-54.09381003486027,4.013546030962936],[-54.087887987860476,4.021938041473355],[-54.05337996788025,4.027449018450517],[-54.06888601051038,4.034564001177458],[-54.097666963325416,4.064119025690915],[-54.115075015423265,4.086994010657436],[-54.11822399098268,4.131218009759397],[-54.12210601231633,4.134490033403953],[-54.13533797318271,4.130701969175259],[-54.14310596935403,4.137694006669439],[-54.14211198096817,4.154473971943224],[-54.14821201457447,4.209210990609549],[-54.14393099065503,4.229948043140922],[-54.13812696408453,4.22070000946273],[-54.13835501342724,4.223038959231892],[-54.123201018131155,4.220531021197064],[-54.117295027131235,4.226654968387122],[-54.11023400703711,4.22729402524271],[-54.10995400204031,4.231590002014987],[-54.105508020464775,4.235674972181865],[-54.102338019364325,4.233656020539403],[-54.097034019230904,4.24083195744241],[-54.08996100615881,4.232058044954605],[-54.08998201116239,4.226895968563278],[-54.08373202577763,4.227339992152266],[-54.07542101376911,4.240965981689754],[-54.06938598473791,4.240427966980479],[-54.06036103579592,4.25003103349309],[-54.05604100433249,4.250393957114129],[-54.051577970291326,4.257256999726984],[-54.049144992091726,4.274337018449787],[-54.02641301501345,4.286237971124782],[-54.01116399475534,4.284196981564956],[-53.98912498768317,4.289332985365211]],[[-53.500630024436134,3.805044992806784],[-53.50090100036763,3.80522999383986],[-53.50063999064266,3.804899024680733],[-53.500630024436134,3.805044992806784]]],[[[-53.33928500105625,4.438567039408075],[-53.33921798952002,4.438487993767706],[-53.33928796696156,4.438541996313096],[-53.33928500105625,4.438567039408075]]]]}},{"type":"Feature","properties":{"name":"Parc national de La Réunion"},"geometry":{"type":"MultiPolygon","coordinates":[[[[55.51539071276491,-21.18710936470458],[55.51179504215671,-21.19182241618197],[55.50798661349862,-21.183365759391254],[55.50275217099737,-21.180075302336437],[55.51029388219721,-21.196984291188894],[55.50637778662248,-21.199677634628124],[55.50272571060539,-21.187647112747264],[55.50100311819707,-21.190701034266798],[55.5048559757451,-21.202786478569593],[55.50248712245118,-21.205643268405723],[55.50125945005463,-21.193324546223426],[55.49963175711973,-21.19116698716461],[55.497956476817365,-21.19268376156724],[55.50238981075626,-21.215204787224643],[55.500800233618776,-21.22160066878527],[55.49687539297137,-21.223391168234393],[55.49754021177417,-21.21379173334572],[55.49379986201168,-21.21133581658336],[55.49642092689103,-21.225533383946438],[55.48866478924752,-21.234719650051186],[55.48488202947171,-21.234268479869318],[55.48327192443686,-21.23573524991081],[55.484688366579405,-21.244034626291814],[55.47180736130425,-21.256066680728356],[55.486208463569774,-21.245747124265733],[55.48461821158574,-21.23560941523722],[55.49252716527586,-21.23511336530714],[55.49593555818053,-21.227966368079557],[55.503531197446534,-21.222320185118797],[55.50776037278043,-21.208809454948092],[55.51971820398883,-21.19857739560864],[55.52060117178393,-21.189979921776093],[55.52753731888649,-21.183334133356194],[55.53008726120855,-21.18627127666718],[55.534835091253846,-21.17999482536411],[55.53215985193566,-21.16786081897454],[55.53878094885832,-21.158888119650353],[55.53897818599781,-21.164262733716953],[55.534822457086015,-21.16908506138072],[55.53751348408318,-21.171586363247684],[55.54239774177262,-21.165987515066195],[55.538325064551636,-21.173801294067154],[55.53891484881437,-21.180939064835584],[55.53559514318641,-21.18189658942849],[55.547948903353365,-21.18333774454518],[55.54344561878309,-21.17437871744665],[55.55848669938345,-21.16049040376408],[55.55548567783356,-21.15200561998564],[55.559774731266096,-21.14817336839864],[55.57816073717793,-21.144937949576786],[55.57874765264836,-21.14835697018171],[55.57180750912423,-21.15268661252615],[55.57283515317043,-21.159159038626893],[55.58044023006923,-21.1662652417098],[55.58632684031679,-21.162655043291526],[55.58830735997943,-21.165508147007518],[55.5861625218604,-21.169563539641704],[55.5902727534053,-21.175958467722435],[55.59982615080436,-21.175132973359993],[55.59640323914654,-21.180012823394833],[55.59909091964476,-21.191988439196436],[55.6043782851146,-21.193459840179514],[55.62513714468015,-21.18860785500735],[55.623889544871886,-21.193524033148144],[55.63459964823753,-21.195071464955472],[55.6150905660523,-21.209807783115536],[55.607579716322526,-21.22291947280893],[55.60486302480292,-21.241644980015444],[55.60100177670695,-21.246885783014548],[55.601902463737254,-21.2622387579103],[55.59813158506792,-21.26337937001275],[55.59009803924682,-21.252628519947724],[55.58384922016241,-21.25485588372408],[55.58856489289915,-21.25852864497703],[55.59117701928749,-21.271232676608783],[55.58677895148677,-21.276044291175683],[55.59523909738814,-21.276183356760857],[55.588895880652615,-21.281316632435093],[55.59580895317158,-21.28323239607858],[55.587425791280175,-21.288724627529486],[55.603499045140914,-21.285864623494597],[55.59389164068535,-21.29019662820142],[55.58761502578314,-21.300181885357823],[55.598766834721346,-21.296339114565882],[55.59965489295134,-21.304699082635995],[55.596076442192846,-21.30990930422911],[55.60279248864321,-21.3098950334603],[55.606143812414096,-21.314224510885172],[55.606114407228446,-21.307360286642194],[55.608855480381706,-21.30836200994482],[55.608006559641545,-21.311833908333888],[55.60861240339997,-21.312707115549628],[55.608689739171666,-21.30983930752999],[55.61209793939197,-21.309786884984426],[55.617786380873355,-21.32312143938413],[55.616430327765165,-21.34075195497491],[55.61927063983467,-21.34579921236085],[55.622384466430155,-21.34584636674316],[55.61882880447167,-21.33706151355801],[55.62226464741636,-21.31597079284764],[55.615648045580784,-21.30812924812832],[55.618479073559335,-21.30571640070366],[55.617082626184356,-21.29868635607306],[55.609714126860375,-21.292528484787322],[55.61000112067528,-21.269731785265513],[55.61289808299345,-21.26508385931907],[55.608600654173266,-21.263720609762814],[55.60801731366146,-21.256853665672576],[55.61622551332659,-21.243011221884572],[55.61657181384728,-21.2525072037559],[55.61253470623148,-21.25416679669886],[55.62101397711852,-21.26607811680816],[55.614195956619845,-21.26952488069155],[55.617278544567064,-21.27341361683274],[55.61251407751997,-21.27240127217265],[55.6153563116828,-21.282664103338494],[55.61809223484552,-21.282979983284207],[55.61931353860899,-21.278699406045348],[55.621588210126106,-21.276885882054604],[55.62180261162751,-21.282983744193917],[55.61394941312542,-21.293525196735438],[55.62052460864949,-21.29800313627719],[55.6207836862181,-21.30662925295034],[55.62379593532385,-21.309368725274457],[55.62541437198432,-21.306510422922],[55.628287115822815,-21.31070395928019],[55.62586667475814,-21.321252814472963],[55.627644263873144,-21.332726175584984],[55.624755622530884,-21.334656661458975],[55.62620492967785,-21.3457854235476],[55.628723168307026,-21.34579010016272],[55.62650922028908,-21.336294118078083],[55.630994297801266,-21.330511591092595],[55.63292180273067,-21.30968803316677],[55.62005918431153,-21.291698981443087],[55.63014011207201,-21.275138127006635],[55.639490951487545,-21.27519702346767],[55.63929567543501,-21.27811226122976],[55.64495196605071,-21.28022951266103],[55.640876608505394,-21.298423203668523],[55.63171900330908,-21.300447098239314],[55.642029854654936,-21.34578220711496],[55.64450303252071,-21.345770654943976],[55.642083961789275,-21.328866228771673],[55.63677235522907,-21.31193780044229],[55.64548135800697,-21.289178355099292],[55.65444581949712,-21.281422267455365],[55.641948931863546,-21.31074055901829],[55.648153489756375,-21.345786159539085],[55.65010736940085,-21.342516143821886],[55.64610403538424,-21.318044170387594],[55.650136052108515,-21.30997068329402],[55.68029739987629,-21.310030336070287],[55.68113281277968,-21.319950565225252],[55.690464759433276,-21.324064299686945],[55.69624379605413,-21.334062756827453],[55.69480578603852,-21.345725562488884],[55.69857282272896,-21.34469885657654],[55.697952360435124,-21.326649234488393],[55.703382469750714,-21.334346171719197],[55.70224664725682,-21.340135061774216],[55.709468249558185,-21.339197891464583],[55.71009052530387,-21.341582207649395],[55.71111319255935,-21.341614446524577],[55.71093886260601,-21.3388782791952],[55.72357569854765,-21.33631858885149],[55.72588732847837,-21.339447856552002],[55.723665243011695,-21.34114674927584],[55.73406256937367,-21.340749335529047],[55.735394037334245,-21.35432212130863],[55.74677448953481,-21.357833000671185],[55.74421957027995,-21.34930934898729],[55.746992496840235,-21.347763978817717],[55.7461188341972,-21.343061482404902],[55.749181783295356,-21.341467915715363],[55.750349710143226,-21.347049490083197],[55.761407031848826,-21.346192056987686],[55.78266102643584,-21.33896908423053],[55.789176838410924,-21.330402164427362],[55.79184285447005,-21.33091188339106],[55.79041383568283,-21.31667624286832],[55.780211315875114,-21.30920468659791],[55.78550676831044,-21.31021250904797],[55.7857876043699,-21.306633892904003],[55.79036039154777,-21.30639184301109],[55.79030440097438,-21.296344099743273],[55.78530734148735,-21.293660475154102],[55.78535056803657,-21.28830462740388],[55.78992155587499,-21.28780066180409],[55.80595566455138,-21.292428828007505],[55.80376739344504,-21.30940690493266],[55.80903651571568,-21.3309620448047],[55.80733353123894,-21.336716272046253],[55.797160567615926,-21.35048265746669],[55.77421756091135,-21.36569672591389],[55.75635465956068,-21.362988028076284],[55.74751768410913,-21.368475324672502],[55.727980962502585,-21.369443151868634],[55.717241693616096,-21.374706585954822],[55.70260767266525,-21.37684343212376],[55.70044022421649,-21.376396298468194],[55.70573167962571,-21.371277238696184],[55.70428267902896,-21.361746414087925],[55.698027519590475,-21.369301908175782],[55.67580736805859,-21.365004291243107],[55.674017529487415,-21.360211546544342],[55.65671773203843,-21.36559272830346],[55.65175101864537,-21.364362487109787],[55.650635323198465,-21.37809910457665],[55.64687878017823,-21.378331451574436],[55.64459155238077,-21.385288650186755],[55.644289339294026,-21.38575323296216],[55.64351802844173,-21.386317881019163],[55.64652532316609,-21.374941895159118],[55.64306428329392,-21.35280102707553],[55.62790273339956,-21.354964995938502],[55.62420084027447,-21.366352936041313],[55.61903124289547,-21.37232043863896],[55.61581082142215,-21.373602109594934],[55.62031319471087,-21.38478890474288],[55.61656711506537,-21.385995393765633],[55.61784786399118,-21.379753054507752],[55.61512755403883,-21.374020675899345],[55.62076302964268,-21.36475120905411],[55.618293669551534,-21.365988881386592],[55.61798178922168,-21.356378114616202],[55.61105667233476,-21.35886628992662],[55.6088845679562,-21.351050944094737],[55.60067237667167,-21.35394401268031],[55.59668956799992,-21.351469176380945],[55.59437783071978,-21.354292521228913],[55.59105140174981,-21.353774501124704],[55.58926432794416,-21.34837324379151],[55.58839941109563,-21.352541414374063],[55.5825662658201,-21.351552105406473],[55.58082877048069,-21.34789695260354],[55.578227322829925,-21.350521505087645],[55.569309036139856,-21.348929732265187],[55.570078463295545,-21.345533118188854],[55.56530777163743,-21.348115858216524],[55.55720869024509,-21.34570861340989],[55.551085927965495,-21.342955636605],[55.55127764439587,-21.340135244669934],[55.54491814768048,-21.33918022915322],[55.544863924013825,-21.331560401650016],[55.536044458941156,-21.333782288109536],[55.5351260641938,-21.325893709724973],[55.53147486580242,-21.322470194011498],[55.52101908234987,-21.331514500590423],[55.5302201333718,-21.319528981136735],[55.52741322993465,-21.319832324072078],[55.52707424087826,-21.313989366027155],[55.523873972527696,-21.31439534817167],[55.5192358720265,-21.30098443570966],[55.508522508726244,-21.299586977263193],[55.52435611140618,-21.297675875136473],[55.529171446555516,-21.29434804158816],[55.5322184448474,-21.286121421513336],[55.52730538092314,-21.27732559027744],[55.52951331419735,-21.275912315941344],[55.53396575716476,-21.266315542769277],[55.53794184798781,-21.26293627140906],[55.53804446373195,-21.261141815811268],[55.520437797942115,-21.25298578715626],[55.50608290343799,-21.238534572622047],[55.49343341331707,-21.243976674526383],[55.487988866747294,-21.23893853637097],[55.492207256306585,-21.244599385529877],[55.47074678607108,-21.257750566453975],[55.47006511455693,-21.273138105756352],[55.45857477523064,-21.28622494255541],[55.440496682460356,-21.2945755360291],[55.42297093497463,-21.297183851975536],[55.40851348237794,-21.307487273041936],[55.40272335411114,-21.302588665146395],[55.39888210703874,-21.298308599672882],[55.406569733478975,-21.294102203173704],[55.438414292370865,-21.289513368280744],[55.45320026069994,-21.282221134121944],[55.454309138145206,-21.274871841036028],[55.45170982505098,-21.270661212588948],[55.45841034045446,-21.256333459857487],[55.43770232892098,-21.247386666481027],[55.43263936814228,-21.242185606828315],[55.434078326575325,-21.23563829757436],[55.42932409062637,-21.23938483112946],[55.428665054099866,-21.235968873950032],[55.43566903782826,-21.23269252493753],[55.4388238564236,-21.224201815162225],[55.442652443891454,-21.225374075500362],[55.44394792606789,-21.214293035651863],[55.45163935562606,-21.230058615208648],[55.450426771622375,-21.244386013641797],[55.455752670662555,-21.23530544364375],[55.451762415084694,-21.224379008634696],[55.453270704143186,-21.22020036936393],[55.44969223604686,-21.217100577308972],[55.452439624039094,-21.215127785362473],[55.44941648314604,-21.2138130277248],[55.45021909505322,-21.209025879401597],[55.452012526921465,-21.212204865046143],[55.453465641702884,-21.211995067685883],[55.45400417375318,-21.21141719208939],[55.44780943026794,-21.204456370612984],[55.44951583535653,-21.20240774040287],[55.44648132354504,-21.201838600390992],[55.44761355162331,-21.19422075627283],[55.44449374654629,-21.19440930355947],[55.449600325595135,-21.191108710164887],[55.44939770507843,-21.187736192027327],[55.43717074918394,-21.180054575550212],[55.43835700400206,-21.176311168801703],[55.44586983754709,-21.174335239862536],[55.44219055873637,-21.172727925378307],[55.44073434875184,-21.166019078465236],[55.432085287556085,-21.168292744134583],[55.4299580910411,-21.162971391022996],[55.42392826586257,-21.16490409430114],[55.42124118346031,-21.161360168404023],[55.42251294931664,-21.156018937855823],[55.41852102295454,-21.152438598094573],[55.42709233164595,-21.1397275492809],[55.4415254776319,-21.13986915895709],[55.44163163692493,-21.132801351090247],[55.44742585078535,-21.128524043956727],[55.44451277263437,-21.12289936403342],[55.44741424426196,-21.123730192241613],[55.44514554540804,-21.122126073311698],[55.4477432818886,-21.121900944357062],[55.44698929491507,-21.11888530706352],[55.45697822232842,-21.114477643249373],[55.45447058665966,-21.120626368216843],[55.45915663315833,-21.12033329115456],[55.45645436167228,-21.123983529353335],[55.46973356194803,-21.129923317293194],[55.467667947932945,-21.12422498557186],[55.47258304156191,-21.120961443769364],[55.493374743637126,-21.127074470486654],[55.49591858688835,-21.124686118588002],[55.501479468294356,-21.134435441608627],[55.49944224860709,-21.140105784337752],[55.48948139806345,-21.14532572089887],[55.489298141355626,-21.15602592887568],[55.4847600144718,-21.158128819524894],[55.49006326843301,-21.16084290814571],[55.48622964386345,-21.168425197809604],[55.489885326393896,-21.176658698004932],[55.47975735905943,-21.18289298933363],[55.4635596238899,-21.180728092043992],[55.46838679040316,-21.18929223426776],[55.45450989183374,-21.191829808648563],[55.44814848485208,-21.198584532991443],[55.45352987910048,-21.21046140483134],[55.45725016010048,-21.21130118158412],[55.459081273412735,-21.229746278954046],[55.45590258438554,-21.238931833001892],[55.45820655420009,-21.23791267409435],[55.45639403733446,-21.242986077346583],[55.46063250645531,-21.24869960153056],[55.459342266758085,-21.23488363847262],[55.465030530347526,-21.231651460028708],[55.4607380632288,-21.221545940307458],[55.4654313526059,-21.224980714322097],[55.465775790171776,-21.22029201308353],[55.47210142634171,-21.217624762898982],[55.47238161456821,-21.222224387638605],[55.47688785592067,-21.209809629389575],[55.47447756265085,-21.22457359746331],[55.47676230249168,-21.228283689086698],[55.48091598531098,-21.227803542701345],[55.48578213913252,-21.21761444296515],[55.48921974299414,-21.22334096366189],[55.49336445023339,-21.22136634755534],[55.493561356583704,-21.21419212326149],[55.4890044602894,-21.212636008487415],[55.4906056952287,-21.19221835743868],[55.479902411976376,-21.189024055446858],[55.49469114419509,-21.179350073177744],[55.4973274200801,-21.17213716229458],[55.51086530655708,-21.176780208690367],[55.5187054734752,-21.183161943923494],[55.515255516796955,-21.185727181649412],[55.50963829084382,-21.17942650780183],[55.51539071276491,-21.18710936470458]]],[[[55.824134861810535,-21.204751118099047],[55.80608346847481,-21.21747159083334],[55.79884766992642,-21.215179933919035],[55.802908455405806,-21.214112596066627],[55.804062256854635,-21.199445096144558],[55.7977493619302,-21.19751995798647],[55.80527158608394,-21.192787660653767],[55.8045874992093,-21.18431454526409],[55.807535606885196,-21.183984217989146],[55.80050902288248,-21.16597664702316],[55.79270720555138,-21.16594914613393],[55.78479773909046,-21.15734429895591],[55.779663434348244,-21.160893193691546],[55.780477322850864,-21.15542638197205],[55.75733796637884,-21.137810482143326],[55.756372294416124,-21.142363983378303],[55.752425256373996,-21.142919346140182],[55.752987242000515,-21.135933050007655],[55.74467263477516,-21.13397314500161],[55.748328546825974,-21.129474852725966],[55.746402086666045,-21.125978398195702],[55.74040805836067,-21.129511535169822],[55.74033738178461,-21.134229767182514],[55.735613321931616,-21.125798482680803],[55.72309484057451,-21.140340121246233],[55.700983503324565,-21.12876325147196],[55.70290049690268,-21.122035392593858],[55.69857350771028,-21.117244026223393],[55.69564595508621,-21.127579461438422],[55.693293459591914,-21.127712374683814],[55.693660362717665,-21.121175751717068],[55.686073137161365,-21.126254123276336],[55.686933260297316,-21.12079293535159],[55.68352164880567,-21.11823809769895],[55.69015213716121,-21.110539412463034],[55.68703237610677,-21.107274773727283],[55.67774209240961,-21.11305245184657],[55.683575755587455,-21.105741677852915],[55.68006412977607,-21.1024352125377],[55.668288600888474,-21.11124513713975],[55.66218994445727,-21.11267719098548],[55.65807410024566,-21.108062497795586],[55.66560145319038,-21.102673779388752],[55.65360694168306,-21.09677499581571],[55.652460519842094,-21.09242565682],[55.6606508550897,-21.095065405727368],[55.67510537767781,-21.091417737951744],[55.68003730384666,-21.083432216042308],[55.67243373633415,-21.07504016041913],[55.67698305170091,-21.07215452166264],[55.670122319870366,-21.072454401986036],[55.666405959658015,-21.06829673315955],[55.673113709564845,-21.0580296510288],[55.67983845350349,-21.05616029508062],[55.67062855268041,-21.05455299295191],[55.65986990110501,-21.06098376963844],[55.66281563278987,-21.05462437486786],[55.6601074146461,-21.051857768705695],[55.64630554283763,-21.06452065191314],[55.63983400621527,-21.06476460756955],[55.63986940892879,-21.065485959385068],[55.63790829508115,-21.06739919836711],[55.637382203259136,-21.06749750901666],[55.637110408989386,-21.06862823971487],[55.63556656263969,-21.06991596370987],[55.63583768355688,-21.07039069344209],[55.63547104247031,-21.071039164048933],[55.6342472088233,-21.071395637002173],[55.63738423727847,-21.072492781702397],[55.62994614929438,-21.080498234019416],[55.625402413600796,-21.079977466948684],[55.62805503628634,-21.074643163195308],[55.63229645101387,-21.074538275471888],[55.63226857279674,-21.071261997843354],[55.635279631063156,-21.07095261859936],[55.635328994630676,-21.069846211346697],[55.63718929799175,-21.067416825742153],[55.63971322990649,-21.064626328127655],[55.641226271123735,-21.063848718101095],[55.64102109138832,-21.060552852642356],[55.65198373945998,-21.05240860791694],[55.649634116476854,-21.047179206258217],[55.65325747352116,-21.042127752007723],[55.65804054950218,-21.037796864844445],[55.66148872222665,-21.036291745933752],[55.66246375325458,-21.034847422850486],[55.66343496794983,-21.03451918599973],[55.66372972204005,-21.033998447585805],[55.64009804858824,-21.04095589907193],[55.6378180209478,-21.03751233222681],[55.64636416855533,-21.0350891047373],[55.646283969463745,-21.032687120574117],[55.644649745685484,-21.0300181845132],[55.635739121635915,-21.02925737756087],[55.637111832731506,-21.025599526131185],[55.63359994396763,-21.026646173568025],[55.64159261185262,-21.013373987995855],[55.63832374677317,-21.009272651744144],[55.640400446361085,-21.00479081712916],[55.63706337280465,-21.003149165266297],[55.62353874613862,-21.010741546845328],[55.61218024151326,-21.030459432156583],[55.60994141392699,-21.029818906234006],[55.61764677330204,-21.01451529346574],[55.61856043660094,-21.00427843801569],[55.623395576233236,-21.00101137382255],[55.622929762748555,-20.993661311778315],[55.618805424340835,-20.993168360690078],[55.61702780420088,-20.997841419565162],[55.605870308851664,-21.006299582526328],[55.58008756426736,-21.000475482760358],[55.553563710776956,-21.018246680611227],[55.54849043441122,-21.02422119254607],[55.54991317216353,-21.02636459404623],[55.545013073012576,-21.03075960147612],[55.54330394576777,-21.028793654055594],[55.54370859165506,-21.03248050328795],[55.535255919610385,-21.040264597933085],[55.5368817161811,-21.048406855951725],[55.527135255887366,-21.06232173135588],[55.528193323774346,-21.071628031144552],[55.52208065154051,-21.075986706777286],[55.5183345367535,-21.084704880947797],[55.514997827077266,-21.08461861783889],[55.51518058420235,-21.0884856537177],[55.50875743016141,-21.08403408074468],[55.50396342912336,-21.07096536302848],[55.48881935359741,-21.063788009674187],[55.48675929573615,-21.055960253139823],[55.48192312233671,-21.054149566206338],[55.47550054460561,-21.06456395867131],[55.47175003293566,-21.060966652063897],[55.466190442947166,-21.061295829640315],[55.46939284599146,-21.053133889031656],[55.46000855564099,-21.053287364812387],[55.458555009794864,-21.045831584866544],[55.46138851358745,-21.042280042140355],[55.458738409294675,-21.040306038409714],[55.46498522120584,-21.02565040017686],[55.471715902168455,-21.021385558486173],[55.471018671008885,-21.013743778206862],[55.47902238982914,-21.014501599015183],[55.478428074552546,-21.009727991499318],[55.487197722047604,-21.008049756897996],[55.499457530597674,-21.010705796819853],[55.50122674414768,-21.00512370841948],[55.50903396155969,-21.005420198482344],[55.512512249734385,-21.015556708230793],[55.5181483348416,-21.018576973053044],[55.537578450867606,-21.00816915582837],[55.5396419205683,-21.012117960530755],[55.548811202002796,-21.010700113440393],[55.55419903064953,-21.013470479972636],[55.57783397203333,-20.997141259853667],[55.58599743616108,-21.00010317206258],[55.60226796987589,-20.992253260438265],[55.59924890366665,-20.98710077659891],[55.59521772566195,-20.98650992663833],[55.57830670157276,-20.991276728187206],[55.577063201776404,-20.983217423908826],[55.563509319144565,-20.980234240803963],[55.56855922028715,-20.97394070029064],[55.56252890258447,-20.975549395579478],[55.549607207503804,-20.971905707079898],[55.55467168741347,-20.955494337443266],[55.54587053044946,-20.955418875586656],[55.54563634120936,-20.95900218929084],[55.528225524675925,-20.973575404861304],[55.525352692515455,-20.979845332994074],[55.51560313918128,-20.97418632369405],[55.5124183768724,-20.98008318934964],[55.506934165450716,-20.979703323154894],[55.507171791088076,-20.957060786518205],[55.49843910540378,-20.95594237422723],[55.50614086495354,-20.930587128445318],[55.49643816969582,-20.954238573250993],[55.49381382489828,-20.955313146022707],[55.49567132742896,-20.96058759192045],[55.49127739574628,-20.962700774949877],[55.491757165900054,-20.96926178013433],[55.49123065275602,-20.972812458861927],[55.48880955737148,-20.97503424890544],[55.4913445912331,-20.96931765790626],[55.48830646652931,-20.968538439680266],[55.489852944187675,-20.961730356570126],[55.494713489492106,-20.95927950813165],[55.493023184262604,-20.955799019913915],[55.50053191842064,-20.936652289341243],[55.489799767043905,-20.959660979820896],[55.483158864697096,-20.965989389728442],[55.469990400220155,-20.963621769032336],[55.473558685150536,-20.954281090399757],[55.48009700366377,-20.95045724702422],[55.47915610328549,-20.939040135145408],[55.48246450997409,-20.936417224662527],[55.47942714918013,-20.933489581931493],[55.47377859081191,-20.938521480781073],[55.47327340518647,-20.947935897355286],[55.46952228227479,-20.95064866846827],[55.466940510692105,-20.9499599976405],[55.46747289535899,-20.944583023989345],[55.4635152417923,-20.943006345099807],[55.46388878725031,-20.931565084525502],[55.455214354235956,-20.935276058532466],[55.455872321010325,-20.932415670471585],[55.453309908435,-20.932276027859373],[55.45221157203906,-20.93848049130864],[55.443539684268316,-20.948837308589663],[55.44115291615456,-20.93939080951154],[55.436434210355166,-20.953594406810403],[55.42284185910698,-20.942693689414096],[55.42416120978849,-20.936960888672633],[55.42669735725168,-20.936911214290358],[55.42741183315011,-20.922130679947205],[55.424723060172006,-20.917903479756692],[55.43573257902316,-20.90706727579186],[55.433168490364956,-20.90817961305146],[55.43535825648745,-20.904386852847882],[55.43228833280276,-20.90170023542087],[55.41450912344778,-20.91846547501192],[55.40429636267922,-20.941015587260985],[55.39453370147613,-20.932913659043198],[55.39236106024698,-20.923306150287083],[55.386295973538786,-20.915660175214718],[55.389457214597584,-20.91163182545587],[55.38854038923356,-20.905647715413885],[55.39778614373907,-20.902727290225034],[55.3892303433441,-20.89301189145454],[55.37725350412056,-20.900964108036476],[55.378189829346326,-20.90374108143967],[55.37913428817579,-20.908850186233938],[55.37915669390576,-20.910924653850014],[55.37561524876606,-20.902317044842732],[55.36542102934451,-20.913158677575602],[55.36327120079989,-20.91490900227935],[55.35408689353236,-20.92165170862461],[55.36793708866119,-20.920909286515904],[55.37319077516827,-20.912114218387384],[55.38867097156689,-20.934835644981202],[55.37845044272189,-20.937554685782295],[55.372446041835474,-20.94444604392434],[55.369659372989254,-20.943353993521253],[55.371692853772615,-20.947086509935154],[55.36880721186353,-20.9527001991675],[55.35304634563251,-20.950052278997802],[55.37248926019562,-20.961537733459874],[55.37044027317712,-20.964411231516173],[55.35665077049608,-20.960569021724904],[55.372267688726765,-20.97019984653964],[55.36944492066942,-20.97501740482579],[55.38110750481669,-20.978601800875406],[55.39910749047062,-20.973675111783304],[55.402578078815495,-20.97864026988376],[55.400777847078714,-20.98366164403414],[55.389675587002436,-20.990694272977397],[55.38181888922009,-20.990176991452188],[55.36436297364454,-20.97491955300577],[55.36010784005594,-20.981978689758293],[55.35312158965787,-20.976242882148703],[55.34880596231678,-20.978263131032023],[55.36100061069382,-20.989123723112876],[55.35223078255707,-20.997489143848],[55.37134330539343,-21.01778024850552],[55.36971711084839,-21.020823658875383],[55.36474108288817,-21.02071599835154],[55.35715944527199,-21.032708732587693],[55.369894789965315,-21.042254248493673],[55.37368747594716,-21.03545955781646],[55.37909520074591,-21.039039375880634],[55.37825454476965,-21.047357520632552],[55.36468550185577,-21.072983144364482],[55.3669293929453,-21.154022208390685],[55.367468404049795,-21.16010916117143],[55.387679667284814,-21.174763176942374],[55.38593726486772,-21.18097333422973],[55.37468834903379,-21.18083010759865],[55.3718183660994,-21.18460508973996],[55.36422171612049,-21.185256247041572],[55.355918888869724,-21.199582076900533],[55.35391474323404,-21.199298803547535],[55.358688653519586,-21.19081795416961],[55.34313849470853,-21.206685008883955],[55.35443759928633,-21.204111714055443],[55.3689359626036,-21.20938456907375],[55.37420247656693,-21.205215553433597],[55.37051084411839,-21.212995516448245],[55.36477560040837,-21.216892493030514],[55.36317604752166,-21.224462629556797],[55.37065933878113,-21.223203631137867],[55.37355930389482,-21.23016248885932],[55.38544650141693,-21.219544773645964],[55.382780097984714,-21.228427059262103],[55.38800365825818,-21.228413561286413],[55.392495426212534,-21.236625900409763],[55.401260861864884,-21.22952859623465],[55.39635656379724,-21.22075232230197],[55.39887305495515,-21.216042126989162],[55.39595561402577,-21.204679809579385],[55.39799633856869,-21.201213872141718],[55.404179220181376,-21.200657809910197],[55.40189708791083,-21.195714698047706],[55.4040111931502,-21.196546645462544],[55.405510716488635,-21.192199208660977],[55.40980600323578,-21.19484693296313],[55.41501445600285,-21.191345959770157],[55.415015954487096,-21.188080589286407],[55.4082318705616,-21.18608939109712],[55.40850246962601,-21.181558527726327],[55.41736184331124,-21.185739573240838],[55.417519180907824,-21.182938141124456],[55.41925622530285,-21.186498542231156],[55.425220939361374,-21.184492015772193],[55.42539213329113,-21.191406226572834],[55.429555582446774,-21.190987548278173],[55.429316549586886,-21.19350045248981],[55.43074584084007,-21.19037768355706],[55.42714797441843,-21.184707329773623],[55.42744304697173,-21.18133167228951],[55.430263540810785,-21.18157160907432],[55.4338167398465,-21.185557561360536],[55.43204612900019,-21.19013764546051],[55.43804616144824,-21.191351058860867],[55.438737760343365,-21.2042606499644],[55.41590060042851,-21.216429321287993],[55.412934657645835,-21.215004080845056],[55.42014029619905,-21.211584531477342],[55.407315133736695,-21.214956394678207],[55.41397541539831,-21.23120757525485],[55.414757729842684,-21.225679876779996],[55.42260056708012,-21.225901332111203],[55.42277042031685,-21.228890449096465],[55.4292385823295,-21.229375877590833],[55.43022167184477,-21.232012873879665],[55.42479702389303,-21.23836010596537],[55.423209110144384,-21.234974567799522],[55.41728381954548,-21.240374186233815],[55.41861347064799,-21.260147866418986],[55.41418186086842,-21.26774047365628],[55.41168014518747,-21.265573967802883],[55.41641575943579,-21.259816229317824],[55.41652986428745,-21.25382140972094],[55.41389058896353,-21.248383683458616],[55.40922303689906,-21.249572142787596],[55.411181365012524,-21.26260190329858],[55.40898537751828,-21.266645844862307],[55.40782226552984,-21.24832467854537],[55.404562865878674,-21.246480534643812],[55.402586591948705,-21.248564653524035],[55.398947083162575,-21.244381560965415],[55.39657531928209,-21.24734028695528],[55.393017671336864,-21.245143162953806],[55.38176610561072,-21.249638534025763],[55.378701109920904,-21.24355609249487],[55.373157759049725,-21.24486889672258],[55.372389545403564,-21.241879342900173],[55.3636569801508,-21.24768900024067],[55.35746131941076,-21.238338780876],[55.34214401500719,-21.23870756287473],[55.34341742965678,-21.233013193070263],[55.338488829942044,-21.233291429531995],[55.33315345102365,-21.228694511672117],[55.32908370138661,-21.231618648127338],[55.32352321682005,-21.24796708224037],[55.32228740538527,-21.242762088334302],[55.328453257884945,-21.23107189500817],[55.33258347522916,-21.227610301219336],[55.319720277404,-21.219251712930237],[55.32021537925546,-21.215331554445772],[55.314153438475685,-21.20747199568784],[55.31067482553637,-21.19355994326986],[55.311786727524314,-21.18109830522142],[55.3094810190122,-21.181747731838353],[55.30854756230416,-21.177647199454594],[55.31074741844518,-21.175467605601543],[55.30657210854545,-21.169983193849685],[55.30900764504985,-21.166283269956697],[55.30648127671315,-21.16492587209447],[55.30755979309467,-21.161224113039232],[55.29982749072229,-21.153539021501693],[55.30235956806685,-21.14956791034857],[55.29568257790229,-21.14373281277105],[55.29864106740479,-21.142739641915075],[55.29183572115885,-21.140253914560613],[55.29093961519386,-21.128873119455147],[55.285085624309595,-21.12137026116328],[55.28662594030731,-21.11766878798974],[55.29485216071366,-21.114406934318442],[55.280705519642865,-21.115133279602333],[55.2758718789102,-21.1054830905109],[55.278298214444256,-21.10263424380911],[55.27400790520452,-21.102569030701936],[55.269894941214986,-21.095090763267276],[55.28563227991124,-21.091161473363726],[55.282266770383615,-21.087769399942307],[55.284909107480026,-21.083798336108963],[55.28128349242898,-21.07918829482023],[55.28592096003425,-21.072781356828838],[55.28214674649192,-21.070067579209784],[55.289285426481484,-21.071711612485988],[55.287486777591454,-21.062848426524017],[55.29196499115828,-21.056260635107847],[55.29075289371769,-21.052971688712287],[55.29639692559476,-21.049763463161298],[55.28452291298907,-21.04329949013936],[55.281801048762354,-21.037372726811984],[55.28501125120914,-21.02914277095849],[55.290307306976814,-21.02502738100627],[55.29424501529067,-21.02654990491568],[55.294141084141096,-21.02002585813015],[55.2973630003828,-21.020579869749554],[55.32169480601473,-20.998703439719222],[55.323116859061905,-20.998848972136702],[55.32511802388658,-21.003463097897935],[55.32794185467725,-21.00588518090841],[55.32876584043506,-21.0060753759923],[55.32866808097443,-21.002381368455158],[55.34360160717883,-20.992392445348806],[55.33062774671497,-20.97603632741469],[55.32243672995017,-20.976036710980846],[55.307147150901166,-20.961360841255903],[55.28435822456981,-20.95787094410891],[55.278554208502406,-20.96175854235941],[55.27812400670501,-20.95214525977645],[55.28268743437814,-20.955605352325378],[55.30598942544509,-20.956904963916948],[55.32602899183206,-20.969526796252573],[55.347980916867336,-20.96949153754719],[55.35348573213247,-20.96074172067142],[55.35268285039197,-20.955315129863763],[55.34343445509797,-20.949690272870505],[55.341060845320015,-20.94392058026795],[55.349726733070725,-20.948908057719823],[55.353923584985175,-20.935877537727965],[55.357910197729055,-20.93609922834548],[55.35515130417532,-20.92978546622486],[55.35801303636656,-20.930149679996433],[55.356925254874206,-20.92572336852931],[55.35976495602297,-20.923821330647858],[55.347578619706105,-20.923904969091165],[55.346599187238404,-20.921499145230175],[55.35904683530263,-20.91798826487674],[55.35446952231762,-20.911541573553908],[55.391936095222825,-20.88770703188186],[55.394953627289944,-20.88266555768157],[55.40596571861772,-20.87971410442027],[55.40885377348493,-20.898721365407084],[55.404853839415885,-20.91415536921479],[55.40658216747238,-20.915394497694006],[55.40978913428196,-20.910225644145093],[55.41297974294053,-20.911020607235166],[55.41219493354482,-20.90741938749832],[55.41642305145151,-20.908234222533295],[55.4168747301698,-20.90466714963295],[55.421265663013784,-20.902945680660796],[55.42195695945393,-20.895314239602033],[55.42458146421911,-20.894670538335404],[55.427674642258715,-20.90024631325305],[55.430219392273315,-20.89760093893677],[55.433008153351864,-20.900071193797075],[55.4348128354746,-20.888636760544255],[55.439395448299976,-20.889026346685913],[55.44494281276091,-20.883504546187126],[55.4436915349414,-20.87521172853219],[55.44567483109874,-20.883534688663637],[55.44158530647876,-20.890431935415457],[55.44061147853957,-20.905204785509085],[55.44568449448266,-20.909140734125337],[55.45029628982195,-20.899549016122158],[55.45430388148469,-20.899083153935347],[55.45550280331249,-20.914160880107058],[55.45778450232233,-20.912859840133766],[55.45762835297818,-20.916170031648395],[55.46070220974932,-20.91527826834148],[55.46383973726424,-20.91899436508417],[55.466480251598014,-20.9173336594733],[55.46735697363932,-20.920433993937007],[55.46897356151456,-20.904873426251267],[55.47338303052133,-20.90025330536363],[55.47065388970087,-20.905639869107908],[55.4710624591147,-20.920487450683083],[55.47965637585127,-20.927620677849244],[55.48434007003551,-20.926317625653763],[55.488920935411656,-20.918702001747228],[55.48576144855048,-20.93184384033269],[55.4922696772455,-20.934355286839565],[55.49238395240224,-20.937338031753082],[55.50103987769059,-20.933060736717053],[55.51075026033149,-20.922773559742538],[55.50405564498367,-20.903438775131736],[55.50103192269472,-20.882427591625472],[55.50490702925344,-20.882395799786075],[55.50719340103132,-20.910893157179498],[55.521735589961956,-20.93034368708332],[55.52384394955147,-20.940855212206813],[55.54090167342045,-20.938967150024897],[55.545900454775,-20.943035346665233],[55.54959444148413,-20.93924244380811],[55.555465585025004,-20.942195638333004],[55.55546238543519,-20.94003342901854],[55.565611600571145,-20.94091536845847],[55.58135989060915,-20.948880016329905],[55.58499288976583,-20.9355497970384],[55.59226205049554,-20.93115541399361],[55.595744592050515,-20.923826252271734],[55.60413101890041,-20.918626742051906],[55.608862450924605,-20.91984850217406],[55.613385250951204,-20.915161903297204],[55.606927349495834,-20.90988423430438],[55.61054391454131,-20.90688521540172],[55.61209393476159,-20.909531697146416],[55.6172620619065,-20.908470357068907],[55.61557540988468,-20.91588547924171],[55.61005309844745,-20.921312540021866],[55.60024327585879,-20.923231288296797],[55.59565862293961,-20.93721645056553],[55.6004354698669,-20.93831236883112],[55.6017178746101,-20.944873756149985],[55.60377961737691,-20.94253989508806],[55.60437290543462,-20.948953073724482],[55.6151675620246,-20.949847231664066],[55.61869695402023,-20.946244561993918],[55.62588009840226,-20.944101232566595],[55.63367300856868,-20.935280904711977],[55.6285219003815,-20.92563062172104],[55.62828009621272,-20.910627156958203],[55.631435332916155,-20.911440977603686],[55.630603118222936,-20.925554552119376],[55.63362814389865,-20.924939288096652],[55.64145901818323,-20.929682568269005],[55.646271346184584,-20.93598639567438],[55.64648848435681,-20.93919485485037],[55.6456112017945,-20.942681000122544],[55.637831329211295,-20.949887828396488],[55.63769295919002,-20.955516306996767],[55.628489432015854,-20.956770490526655],[55.62564606814942,-20.95543977991297],[55.62345759053239,-20.95288789071971],[55.61914070547947,-20.957516111115417],[55.612206884048966,-20.961701681284396],[55.616960166651054,-20.972757193206327],[55.62366395129811,-20.97737458618773],[55.62075335316564,-20.979749408079364],[55.624639413261406,-20.978303903415135],[55.6257563012826,-20.983868746425692],[55.63003835179118,-20.97935168441421],[55.64378216309409,-20.97621057780473],[55.655639527435646,-20.97787372286831],[55.661714073416356,-20.982536206338125],[55.67224157272419,-20.982014317592725],[55.69929956424947,-20.974273039529134],[55.700140832771645,-20.98665118447771],[55.69330061144568,-20.98287024547597],[55.67191034409069,-20.98896174500788],[55.654667474712966,-20.979496109750244],[55.64190686178681,-20.97850927945878],[55.63805407865227,-20.981848927528283],[55.64807680565127,-20.989934866183678],[55.64804441285076,-20.993992490265775],[55.65089040534537,-20.994191675351644],[55.64939442414389,-20.99816316734894],[55.65410846185297,-20.996916439977664],[55.65035123668121,-21.00336047732525],[55.6528159031843,-21.005281794152502],[55.65506145475592,-21.001677459692207],[55.658929490743986,-21.00275571880195],[55.65754342969457,-21.010012925162695],[55.66193565944415,-21.003839404662454],[55.668617369463014,-21.00705409194959],[55.666178442149324,-21.00803268735046],[55.66593793581477,-21.009806396854785],[55.66901995323051,-21.010441579513856],[55.66471016873716,-21.0127117936507],[55.67148297202489,-21.0128182031143],[55.67028806149641,-21.016573258561397],[55.67432900239031,-21.017304556773393],[55.673741819518945,-21.012463000204985],[55.679116766760295,-21.009166266823065],[55.69041053713864,-21.007559346504134],[55.692241975737936,-21.00440560967303],[55.700867934505816,-21.004530612723876],[55.70110207201123,-21.006639148039444],[55.69270660447603,-21.006165637174302],[55.691456485394525,-21.00921417791867],[55.68137729513661,-21.011392394178483],[55.67497510742616,-21.019858483605443],[55.67012708775057,-21.01981875130389],[55.67269444884744,-21.025501649844582],[55.67777349164736,-21.025660191999243],[55.675599613201236,-21.027767487000414],[55.67548567522135,-21.02999045334267],[55.67941276526481,-21.027164685687573],[55.67796747643579,-21.03063346342875],[55.68344698123856,-21.033804216993076],[55.68045964491816,-21.038657150125623],[55.70511163885786,-21.04649256903923],[55.71197143860686,-21.042895193325013],[55.71183685292905,-21.040798308915534],[55.71563281017797,-21.03099641080631],[55.71826624717994,-21.032313865363395],[55.714101030476925,-21.036702407298076],[55.713492406162686,-21.042652138841653],[55.70747568821659,-21.05027905099061],[55.6820435092967,-21.043185625676365],[55.685254271432925,-21.048018929090066],[55.68344957381904,-21.048825496266787],[55.683193595992876,-21.049482077573206],[55.6864034981151,-21.050768769881635],[55.682061053047306,-21.054727087581593],[55.68359540692295,-21.058571036086374],[55.68756374352258,-21.058401558456165],[55.685579233541475,-21.06120412786558],[55.693323780445944,-21.06390384935383],[55.68892231288969,-21.067092283359383],[55.686645280155446,-21.078894688241512],[55.6937991207228,-21.081820665251396],[55.7240451773204,-21.11117925810935],[55.73817665611346,-21.115317056522684],[55.737259806403486,-21.1181166050779],[55.750672236175745,-21.11764769756552],[55.767246387324846,-21.103681436237782],[55.78293840452815,-21.124576523452003],[55.79630625870876,-21.125435405894624],[55.809701285328146,-21.137509209994214],[55.82661871472657,-21.1445148730706],[55.82754025117878,-21.152349290070553],[55.83496960946418,-21.160524956070123],[55.83253435161904,-21.165634105183003],[55.83662922671042,-21.183283285696373],[55.82579290190751,-21.186088410533184],[55.824134861810535,-21.204751118099047]],[[55.646143648970785,-20.937066641095946],[55.64154390488318,-20.930089765718805],[55.62981215848311,-20.92599004817588],[55.63577150891107,-20.9351588442806],[55.62770715111912,-20.944887242697448],[55.60076715358474,-20.95716712454207],[55.60504380523903,-20.95916563911643],[55.60810148580999,-20.957026608038998],[55.61143993570654,-20.96041599272461],[55.623090647716836,-20.952642101317302],[55.6297237485569,-20.954768957692043],[55.636390331949535,-20.950198638777923],[55.639965113718596,-20.94259416592813],[55.64457980434533,-20.942515710774888],[55.646143648970785,-20.937066641095946]]],[[[55.65122857722749,-21.120566583216366],[55.662279458593744,-21.11876795950587],[55.65894069516241,-21.122076168924192],[55.660913145716194,-21.123825152454607],[55.651703383917585,-21.128152938686473],[55.656676635926786,-21.13251523951615],[55.64233377226571,-21.13856757223368],[55.646696011600994,-21.148917351450038],[55.6414302063576,-21.15814083174689],[55.639514951884365,-21.15714114226717],[55.63738933142549,-21.166953649866006],[55.628641590703516,-21.168635997163598],[55.6205197718614,-21.175979234687667],[55.62001467006309,-21.17035644755521],[55.61733532542822,-21.170143051629985],[55.62051118387742,-21.16446151868132],[55.614649736862106,-21.17089090769029],[55.60758182236132,-21.166754872683423],[55.60310950993801,-21.16784880425442],[55.602383097613334,-21.152737293541666],[55.601107158523575,-21.154655037332297],[55.59642498594648,-21.15182284508375],[55.59516030860031,-21.15502022426823],[55.59045273802197,-21.151373114417822],[55.58775835120999,-21.142967701514348],[55.583569733832284,-21.144487813226313],[55.58358555412455,-21.134070758758398],[55.579551553622125,-21.133726219291685],[55.58395220025559,-21.129803712150704],[55.586762755017126,-21.135703813765947],[55.59086816166606,-21.135245974465555],[55.59061282025675,-21.14067205890782],[55.59995867622024,-21.146197247531177],[55.602258632538444,-21.142911713678778],[55.598620673508655,-21.133943542564303],[55.60560701924933,-21.131901553210096],[55.605362429942694,-21.128847746657794],[55.6097794783134,-21.131476229563383],[55.623303690526555,-21.12733035895182],[55.62567665494741,-21.120787184609014],[55.63448944997392,-21.11958876596893],[55.63636396392741,-21.114625887896423],[55.64181501204439,-21.114904716729384],[55.64359536502816,-21.11123297921899],[55.65337722650987,-21.114462463490348],[55.64881254099806,-21.11588461467671],[55.65084393078407,-21.117747549929824],[55.64533507002523,-21.1226114849609],[55.649061797059495,-21.125855955328326],[55.65122857722749,-21.120566583216366]]]]}},{"type":"Feature","properties":{"name":"Parc national du Mercantour"},"geometry":{"type":"Polygon","coordinates":[[[6.896375197782739,44.372774804099386],[6.896866163034663,44.39512324544046],[6.894278599971772,44.399861800318824],[6.897723312038074,44.40548367473627],[6.892486105652211,44.41984969926726],[6.898370767626282,44.42179755923644],[6.89834218075807,44.421798108158264],[6.896677605053953,44.422944435353806],[6.896071095779504,44.4234142134285],[6.895973397446175,44.42354167220484],[6.895405606722365,44.423752534772234],[6.895276106335475,44.423804809540535],[6.895128571702307,44.423981723585754],[6.894435986486156,44.424168380309354],[6.893916010170708,44.42434892779942],[6.893730118740201,44.42435550229139],[6.893535536053147,44.424429153760336],[6.893352091614489,44.42466456652269],[6.892650320684388,44.42471799660372],[6.892061978085007,44.42487233650743],[6.891271185809792,44.424986135932095],[6.89094185179515,44.42503592953735],[6.89048431882728,44.4251570221449],[6.890056613695326,44.4253247516219],[6.889759070121227,44.42544972669601],[6.889599544863065,44.42564613341678],[6.889527075571556,44.4257536175706],[6.889327900689813,44.42576065372813],[6.889298913069807,44.425532752740935],[6.889286196672541,44.424960889587716],[6.88925936061622,44.42457075756208],[6.889198114791481,44.42406737874641],[6.889103769472964,44.42346978398147],[6.888180126175171,44.42102239255393],[6.888043619653982,44.42077921226589],[6.887818099976604,44.420596406481856],[6.887710574492305,44.42058112667445],[6.887143582696499,44.4206583790316],[6.886936576283549,44.42055122593098],[6.88932790068982,44.425760653749286],[6.889527075571558,44.42575361759176],[6.890484318827284,44.42515702216606],[6.893352091614495,44.42466456654386],[6.895128571702312,44.42398172360689],[6.902830058608407,44.42040278085207],[6.917951002292068,44.42758526532265],[6.925067353156336,44.42249362453661],[6.932983518328087,44.425068237283384],[6.933747290058896,44.42997199201469],[6.946388760895098,44.42705723283932],[6.94817614083446,44.42976018539201],[6.939581640463568,44.43380667073931],[6.936782495239653,44.43985363165748],[6.912559225999246,44.45081598052113],[6.906362430451957,44.467638820341485],[6.891328459430181,44.472012153302245],[6.876910406704919,44.48104481688774],[6.876846198618084,44.48874864966362],[6.866369967702404,44.494311690525414],[6.861231968601705,44.50323702938143],[6.848146338582013,44.50149180549066],[6.840144447347006,44.493825134319486],[6.833865252338398,44.4923267755969],[6.807621586757707,44.507046482400696],[6.781401968774222,44.498948032173416],[6.774997493667009,44.49026413877582],[6.770220255651748,44.475413949046605],[6.763528101431168,44.47184852857705],[6.769765478863007,44.46629733092375],[6.767371824491944,44.45538784883141],[6.778510509714579,44.442071941386736],[6.738309906148123,44.43569794608326],[6.7092130506401,44.43586353607205],[6.68322454914547,44.44049006854244],[6.677459289642901,44.438278401823524],[6.72706933136158,44.39811825889572],[6.729308325203861,44.38988674640029],[6.73716020694171,44.386207588556495],[6.73826325144084,44.38070536993667],[6.748294028196265,44.378743760887915],[6.7586558414601,44.371408750734545],[6.759196420284598,44.36269385881242],[6.755241595177889,44.3535432260997],[6.760871863657819,44.34690199369461],[6.760076404053739,44.33757141392093],[6.75528731649417,44.332855280463],[6.747472192977256,44.34083233439286],[6.737533554662124,44.341539216429254],[6.726345135237403,44.334114996766516],[6.694979196791759,44.33251084619572],[6.664768973220549,44.337361764183996],[6.668171094266609,44.35043896942588],[6.667355058986934,44.36290988695345],[6.670292077072114,44.36769787314212],[6.667838633339465,44.37680909646127],[6.673731125833783,44.3839865413259],[6.661622060677763,44.40417475631279],[6.653348857318978,44.406150122671704],[6.653011838824678,44.41274686836015],[6.63641266610778,44.40236206402134],[6.633179150605629,44.3861485291802],[6.605114873473401,44.3834004522069],[6.585417377769534,44.38889197225653],[6.5817868238532,44.38047321387981],[6.584233353996768,44.37266035060505],[6.581994777131142,44.36434501511393],[6.570245688518718,44.366801282270266],[6.565427939450974,44.34818811372101],[6.545715126431723,44.337331557732725],[6.545281920860732,44.32329177565757],[6.538866032400954,44.3062218862048],[6.534367029242729,44.303053562923495],[6.535434337511114,44.292468100464916],[6.532549499467661,44.28806745659858],[6.546766810902843,44.26573860004539],[6.540908521354363,44.25658045187815],[6.54036500658665,44.24893842306773],[6.54504201233759,44.24252271839832],[6.541643175612583,44.2376696525008],[6.555924611824657,44.233637161345335],[6.559630785216934,44.236021854778656],[6.580096567063547,44.234952526095604],[6.594664408654165,44.22951615072924],[6.604718200891013,44.188411094471824],[6.603732759604606,44.178370087896745],[6.607154850456186,44.17350739654646],[6.615733563056298,44.17111912716775],[6.6052056519697,44.15830296561625],[6.61438435940536,44.15253514069094],[6.646344234265451,44.142146358509635],[6.651776164058329,44.13411034894719],[6.664023958896344,44.12976124260912],[6.665888641459218,44.11924157948114],[6.677270142783128,44.11629754513781],[6.679313714912474,44.10319560600741],[6.698670441094543,44.09624259899218],[6.706024251655013,44.09714004103024],[6.713831206318133,44.108225895130225],[6.712996144350234,44.116042826794676],[6.719085886066249,44.1182987741702],[6.707203373837693,44.12516029053318],[6.704267663296652,44.139596179702636],[6.707298361017773,44.14435576566197],[6.698143894776039,44.14939652431856],[6.69994072998619,44.15661820478007],[6.686518833186419,44.168288590583806],[6.692248706238442,44.173432728451395],[6.701051446324162,44.17748896553333],[6.708167095817101,44.17011026005189],[6.735569944503964,44.1709829696252],[6.741868836507406,44.165554470226354],[6.751727297062247,44.16351263456349],[6.777374158203081,44.1673346529774],[6.786127785085958,44.17808208537936],[6.792885234722569,44.17967058081354],[6.811474977946956,44.17457613803869],[6.816510832758947,44.16980699060433],[6.811058992752361,44.14169977841727],[6.815790348207115,44.13035232704429],[6.823681690459797,44.12589871482015],[6.820039358513394,44.11131616951648],[6.816746447372443,44.112175293417906],[6.80989560666537,44.10606203096665],[6.839527298251771,44.098792269978844],[6.847064194299118,44.083645938053344],[6.844400138527528,44.08075959950944],[6.848105869384775,44.080011221871494],[6.844860158907962,44.070996272548115],[6.846923568290737,44.0669481268936],[6.845375643576537,44.0631098155054],[6.840756700750669,44.06355047870151],[6.816909302451036,44.07310015853019],[6.791366277507376,44.06259767561767],[6.814424450604138,44.05376954659592],[6.823251117566089,44.05357587961874],[6.836724511161699,44.03889330319559],[6.845343751160804,44.043871842865904],[6.85845476483851,44.04102045836014],[6.874846380712596,44.029018732415295],[6.886695611265184,44.033729080547126],[6.905285819860024,44.03330200216713],[6.91424461904195,44.03797930593158],[6.912762662130294,44.046748853124676],[6.92370424303849,44.0432849843465],[6.936148437115841,44.04415352425962],[6.950068238916965,44.038465664541214],[6.97464106507814,44.03901724491157],[6.977111417458255,44.04438934042362],[7.00212983768297,44.05236774589217],[7.005130276521588,44.0571116763731],[7.023129978871737,44.066650915617195],[7.048016064827063,44.06051777054851],[7.066210175234411,44.07212938681102],[7.072968893058253,44.06914190871293],[7.083346146249188,44.07074415844721],[7.0822494018587,44.067044976295755],[7.085489069109122,44.06351019945781],[7.096243725040658,44.069059843842226],[7.109713448025627,44.07042484272175],[7.116498699890266,44.06362131047478],[7.118504840095087,44.053937624322806],[7.127977660782041,44.04929152344605],[7.127899437365047,44.0435283056523],[7.145281569666944,44.044931143801],[7.154971301351719,44.05316061418122],[7.166325273794337,44.048458530215136],[7.20686220054047,44.04671490956006],[7.217899385307142,44.0584249637117],[7.224463831304332,44.058192390307624],[7.243035051369584,44.06584512428354],[7.25527856254134,44.06277917605113],[7.263151520743124,44.049360975967474],[7.286468904714081,44.04049348577395],[7.290745327848814,44.045339950088824],[7.285753520738179,44.046440626013485],[7.291827527850014,44.05412077447833],[7.290694162234992,44.061315652158974],[7.304478843063383,44.063626927269425],[7.318263833845236,44.06154592525908],[7.322925857813593,44.051111417662696],[7.316636629198302,44.04761464969977],[7.309042256253956,44.0359982246705],[7.315340245085613,44.03014344044182],[7.312319017392285,44.02552154655898],[7.318058243634999,44.02033939580637],[7.313084327126362,44.00729954077365],[7.317460161006768,44.00792535735538],[7.317135993404377,44.00348553999027],[7.323217520460097,43.9987023690085],[7.316467764932076,43.99501683523909],[7.318965179633815,43.979941615867645],[7.331602956673393,43.978803095888004],[7.338836089414538,43.97204894355988],[7.349539262139996,43.968188239139785],[7.364300475788525,43.97058286179365],[7.380158877493233,43.966987070893936],[7.368121921015974,43.943268904025985],[7.370279402010324,43.93937259396191],[7.383086412182331,43.93617942542496],[7.382517233735387,43.93291327246262],[7.390289575597933,43.93365190478007],[7.389627342231917,43.927935155763144],[7.392147981428531,43.92751647484833],[7.388408889242225,43.92126013604472],[7.399449327697766,43.908939495634776],[7.396737126809407,43.90391930660556],[7.398796230677201,43.89783790841983],[7.393564869283861,43.89055777838138],[7.396348587219612,43.88862582967837],[7.393789080820001,43.887190402499975],[7.39400284694189,43.87878505739882],[7.40078630373791,43.87540645763897],[7.403408564434487,43.865162518882265],[7.410015772759504,43.86233570470113],[7.40817418093606,43.85478231641682],[7.411055799506753,43.84499101653238],[7.427217874514347,43.84868278379828],[7.445997139724314,43.840100186633116],[7.456281995856659,43.84791927525316],[7.473128187846885,43.850924748284164],[7.479217319177252,43.84739734049052],[7.496554429691036,43.851115483950984],[7.495294459705107,43.86440775581924],[7.500439804407352,43.86685635530764],[7.49770236035828,43.87156457086177],[7.510571773081069,43.87951686354155],[7.511836955657889,43.885493084119645],[7.517485519384476,43.88236394188105],[7.519876726030082,43.885993073999664],[7.526877929031326,43.88643914091527],[7.537389795148486,43.8930369838775],[7.550686569705491,43.89382074228564],[7.561756869693624,43.899475474277594],[7.56281506977412,43.909757268630536],[7.558178838177881,43.91728794266174],[7.568209652007445,43.922915422486156],[7.568470271283543,43.92864230617692],[7.571118329660044,43.92833129946558],[7.569700391737018,43.932302130784976],[7.573989081635784,43.93668751751916],[7.566862784057213,43.94343681250169],[7.570752843711468,43.94455589274694],[7.569322048870034,43.94739142209278],[7.575366389441521,43.9457950677422],[7.574964719302231,43.94828284697971],[7.581541825155576,43.94816117823331],[7.587805975596917,43.95538856446387],[7.59871280947617,43.957444895096515],[7.611330808112227,43.95401798790404],[7.643222263178397,43.97393522617252],[7.652091641011226,43.97356409702676],[7.655804648958641,43.97717252716775],[7.655455988290744,43.98524812595538],[7.664601270242399,43.986790917595584],[7.66326515029041,43.99174612300156],[7.670519845929219,43.99840530587637],[7.663320488273003,44.014867082217144],[7.652269571839592,44.00443098013936],[7.635848279234514,44.000778927341344],[7.622985957078078,44.00689268092511],[7.606529824767314,44.02156136072049],[7.595213010156679,44.023032090702664],[7.582220551631152,44.02939502441168],[7.580187545249808,44.03641203635348],[7.586354275899279,44.04338290729031],[7.589628579144708,44.051296251872685],[7.587876031095224,44.05758860965234],[7.592024891655031,44.059921693934456],[7.593755384909938,44.065914642758734],[7.606911680416885,44.06872506498921],[7.614649912070139,44.084820078150834],[7.62242991819071,44.08554473831551],[7.622126215811661,44.09273234019367],[7.64157152846246,44.10301519015059],[7.642178179359441,44.107761638374235],[7.652477606448691,44.11581484190925],[7.663854837447784,44.11488264493747],[7.674569819385284,44.117967237176835],[7.666353249803074,44.13075209155343],[7.676583945598985,44.14219474954391],[7.662024060383735,44.14462864437488],[7.655913890945995,44.15207003631365],[7.627046293877669,44.16436590098766],[7.627822135437513,44.1599467587782],[7.619855650551099,44.14951413437837],[7.603446106241516,44.14984521728893],[7.597727585982986,44.153019166521986],[7.588991635558969,44.150351611274836],[7.575933387209917,44.153843312979504],[7.57207553914556,44.151841498921925],[7.563799743931285,44.15651683005906],[7.56547821120672,44.15197328977772],[7.561158508468062,44.14887602281905],[7.548933361052754,44.14521104134757],[7.53404373135858,44.14820214288661],[7.521659120354514,44.13771074416272],[7.515238090486774,44.138195614141615],[7.507743403800651,44.1446184983441],[7.494218969872773,44.14114801662624],[7.483213368413823,44.133666704407766],[7.490881352784664,44.12911372141817],[7.482859647717505,44.13373417784452],[7.473268510623142,44.13359816751388],[7.460101232854485,44.1257801362528],[7.429993517784209,44.13040619438957],[7.425061161364702,44.112186831771965],[7.414455029707922,44.11914965325185],[7.404762244469959,44.118506028292124],[7.3931451351953,44.12543610886653],[7.368906474262441,44.11680554233399],[7.357702658147499,44.11620094711308],[7.345652341042625,44.13662555726209],[7.344571688208736,44.14531038736932],[7.319860706695274,44.14312994515036],[7.31004585967867,44.14772250056978],[7.308018128739938,44.14404610263242],[7.28789760487849,44.145251930045426],[7.28049090535807,44.14088682092156],[7.272098997861133,44.14763856072746],[7.262372148832379,44.148156229324286],[7.257015714880443,44.155308687261304],[7.249268178831587,44.15795118036959],[7.241767652623508,44.173163108433535],[7.235202070367667,44.175539731713464],[7.229135152127967,44.16852697852886],[7.218942860550042,44.168627756636084],[7.214074173843377,44.17527780792621],[7.204803717330105,44.179131982125355],[7.200605538295287,44.18729337149372],[7.197326298042173,44.18633102807545],[7.193451126906009,44.18705229651143],[7.188397026569137,44.200874246007544],[7.177543364952788,44.197189815029],[7.163178967679029,44.208218726944246],[7.148467480469434,44.200160311452905],[7.142799366417031,44.2002465983693],[7.113635937065645,44.217862850403215],[7.100091279838791,44.22146143867919],[7.092300809768846,44.220196664242565],[7.086376412444259,44.22915747704991],[7.076259051137521,44.232256657045966],[7.068684115420216,44.23259277964686],[7.06253990751144,44.22686197458449],[7.056042163997371,44.229491699298386],[7.038523858641337,44.22371987845552],[7.032839686426683,44.22542598580371],[7.030330277772298,44.231616226790614],[7.008447279568527,44.23520722910804],[6.996529970380624,44.25193583317294],[6.998439279805243,44.25911430634355],[6.995167320723561,44.26518271530473],[6.995834191569325,44.28021425150094],[6.981205574394449,44.28711753485048],[6.971705911786344,44.28365631398061],[6.968672159084753,44.28686182865505],[6.971554788567704,44.29333419101959],[6.957307264166626,44.29535981310278],[6.960189444685916,44.311462552839906],[6.952755564237489,44.31942436213729],[6.944881618046431,44.32118807361066],[6.935027393622332,44.33010786408853],[6.926771775504636,44.33284191937434],[6.920883742778789,44.34471712575598],[6.922002154834819,44.351634105975556],[6.911786611349304,44.353198481846306],[6.905548230343405,44.35839698709461],[6.887427465725825,44.36128675584912],[6.887918282725407,44.367261839503406],[6.896375197782739,44.372774804099386]]]}},{"type":"Feature","properties":{"name":"Parc national de Port-Cros"},"geometry":{"type":"MultiPolygon","coordinates":[[[[6.192392319632305,43.14178141592359],[6.221546426526208,43.15779526574779],[6.238387667562338,43.15722835279171],[6.240238593227962,43.16274008060465],[6.250049793201893,43.16572762172602],[6.254661995711629,43.163634884429364],[6.256056649511432,43.17320332712607],[6.261773036704058,43.17681898876605],[6.266168040270276,43.16780798545951],[6.282697969541265,43.16465099946308],[6.290759253454193,43.16663707737537],[6.29332016481503,43.17206708969715],[6.316159210510261,43.1729228608426],[6.324935406044467,43.178080321129436],[6.329822440764839,43.17162076117836],[6.340459940455024,43.16732337762444],[6.352955905728767,43.167375528505765],[6.368588645817549,43.172197144845605],[6.373899922876994,43.16513914108113],[6.39785932759967,43.16765555365397],[6.402243507234642,43.17023738866902],[6.406014344480742,43.17394474557889],[6.406070214864213,43.17460353844255],[6.423585692050705,43.17164836945619],[6.446198905140356,43.17348829951603],[6.478831192771885,43.16864841481758],[6.479172646865358,43.173273559300405],[6.500868130040297,43.18148550033351],[6.500452229873886,43.19002932941195],[6.508846148595567,43.18973048093967],[6.517187208762513,43.203969120958064],[6.553803623372263,43.2168213961591],[6.555969690829752,43.21229212992734],[6.558230332429439,43.21519500844342],[6.562230457958608,43.21253084241912],[6.569517750577667,43.21599461336714],[6.574152076975362,43.21135424818848],[6.582129057088062,43.216068792888684],[6.599224042161745,43.217822349666136],[6.608826204873753,43.19504318343971],[6.620048355424871,43.19147508120741],[6.64088031907865,43.19149914048289],[6.650960943294818,43.198965541247794],[6.665391498048195,43.199108363000335],[6.662494107478597,43.203760924521],[6.669457519589016,43.20631504375023],[6.682264888152796,43.19957530842241],[6.789436329214254,43.196589415939926],[6.763937803205486,43.04764961194649],[6.436388886052413,42.92972222151162],[6.041380486939059,42.929714139303485],[5.978405410121512,43.10745028731665],[5.991629642114003,43.105132044458536],[5.997401888042269,43.107422543812866],[6.003165580162363,43.114979299256014],[6.005235139360707,43.1130427522943],[6.004746325298,43.11591594349668],[6.033953936768714,43.13495177678348],[6.043761633442705,43.13181464858675],[6.038448850111843,43.117239473467116],[6.02782358666809,43.11807804150154],[6.033040566512753,43.10983529359624],[6.016774355241005,43.11086919850939],[6.01417993164833,43.11347967298602],[6.005462058109758,43.10939811086108],[6.00782202875263,43.10849192507251],[6.006385407300447,43.10505837491866],[6.01228266372355,43.10372989840921],[6.021186829689717,43.108507829751915],[6.022414185496723,43.10497550161048],[6.019460034598904,43.10198836835086],[6.023456890343366,43.10017523733558],[6.026199045669896,43.0919002089911],[6.022714092394141,43.08625004230101],[6.030397089044868,43.08592779829163],[6.046714476460818,43.096148549874975],[6.054104896077637,43.08902419870054],[6.047791673333987,43.081463000213915],[6.036726921324433,43.081396564231724],[6.035138805291048,43.07948707361514],[6.050876847961899,43.080326993128004],[6.077481884374407,43.08873167884276],[6.109655467707164,43.08483534204434],[6.106109084673779,43.089712148905434],[6.106420968263496,43.09641592360167],[6.094922488152429,43.10510941553456],[6.084870916661903,43.108936432217014],[6.079955040911105,43.11456765558757],[6.085918031609805,43.125699039553126],[6.080588775696087,43.129481868979944],[6.086860725075709,43.13655460388396],[6.11373540280368,43.13609886962946],[6.119766470241769,43.14318084888779],[6.116930160857731,43.14794365011705],[6.123186782453143,43.150195306760146],[6.131550359013865,43.141574760327856],[6.133018486505354,43.14398703254503],[6.143070091025564,43.14363230239522],[6.147485399509444,43.13701812916782],[6.170622880758994,43.13958749054313],[6.183298667023074,43.14771079444577],[6.192392319632305,43.14178141592359]],[[6.378145856553413,42.99799863808628],[6.378133843290821,42.998041652574855],[6.378133682400497,42.99804222865564],[6.378145856553413,42.99799863808628]],[[6.372049639259131,42.99806219378253],[6.372014500371848,42.99806329589798],[6.372014139641764,42.99806330721207],[6.372049639259131,42.99806219378253]],[[6.415578214230588,43.00570978169239],[6.415574377302636,43.00564472092821],[6.41557434602497,43.00564419056873],[6.415578214230588,43.00570978169239]],[[6.406746758814887,42.996050128928644],[6.406746756976131,42.99605009766399],[6.406746006450027,42.996037336346866],[6.406746758814887,42.996050128928644]]],[[[6.095073970911757,43.10485235059605],[6.095021698169078,43.10493038857509],[6.094994464941413,43.10499744994042],[6.095073970911757,43.10485235059605]]],[[[6.413891879870448,43.17348043515688],[6.414149473415757,43.17357159809404],[6.413832706650414,43.1734248270871],[6.413891879870448,43.17348043515688]]],[[[6.405922742990606,43.17434488284717],[6.405983518705486,43.17463003536422],[6.406070214864213,43.17460353844255],[6.405922742990606,43.17434488284717]]]]}},{"type":"Feature","properties":{"name":"Parc national de Guadeloupe"},"geometry":{"type":"MultiPolygon","coordinates":[[[[-61.50014199886261,16.516690021498317],[-61.99971260061618,16.37709920909958],[-62.01548501229112,16.30442802186627],[-62.017739989307564,16.262306973120197],[-62.01344610450918,16.231068008034267],[-61.99953600001882,16.180244013632997],[-61.99604602391076,16.12929700271554],[-61.983337852950264,16.08888885232967],[-61.76649884831446,16.090444267752467],[-61.76978324658622,16.086595768940708],[-61.767489270515256,16.083424216252382],[-61.77000077563559,16.059929157043086],[-61.76488759664559,16.04912321580328],[-61.75081242443935,16.033805441473245],[-61.746079985069585,16.0100905969818],[-61.71127093485358,15.974582175845388],[-61.70763138715975,15.948261986900311],[-61.696850224892216,15.946516357505391],[-61.68035750107243,15.950580715366979],[-61.66850921913237,15.962419507999437],[-61.66230403478184,15.96431712109809],[-61.65873899297089,15.960732212794406],[-61.64849728698612,15.969825323880126],[-61.6338436103075,15.966342472534679],[-61.62708886780158,15.97209661376776],[-61.61926672518043,15.971804886786412],[-61.620888712935894,15.976788916621146],[-61.614568989805875,15.982169046906005],[-61.613869113777746,15.990003066866045],[-61.569550468235434,16.025362058528327],[-61.56449568120777,16.03409413143875],[-61.564129861935044,16.04273820676479],[-61.55511909959329,16.05293940108755],[-61.56070230368786,16.06343423347234],[-61.558533976423725,16.09441731913327],[-61.562297883658374,16.10664266424449],[-61.567732143586625,16.10900616625429],[-61.57042834724147,16.11446017940148],[-61.569385440156196,16.12214319467407],[-61.56047572919737,16.130781330449604],[-61.56290879191464,16.134506340146757],[-61.57416372932624,16.13759711600959],[-61.58446112811676,16.163847033093948],[-61.584558313375034,16.1720000348641],[-61.58009445892363,16.175040845154932],[-61.58529949587996,16.17901696204801],[-61.59062365441962,16.192181833747647],[-61.5830944222909,16.204680292091737],[-61.58783409107145,16.209670958424965],[-61.600506959223985,16.21001070853374],[-61.59395801767902,16.210898810018843],[-61.59868402115108,16.21350782005858],[-61.593584085911075,16.212875913567746],[-61.593621082553334,16.21606490002538],[-61.589161242855766,16.217896044983334],[-61.58369484238969,16.234494348657],[-61.58925277064962,16.235439579596537],[-61.58760079508077,16.25217705528173],[-61.60113043748602,16.2552420249194],[-61.59622658190922,16.260372517393222],[-61.59613918806828,16.26618292474542],[-61.58325853309931,16.270472091327964],[-61.58326316320176,16.26739581693791],[-61.57740225174423,16.266607251423913],[-61.57667015350916,16.263211579409006],[-61.5778806736817,16.261205500382406],[-61.58312506645185,16.260154251984055],[-61.585881311456916,16.257399519362266],[-61.57536405878899,16.25957231990003],[-61.57404515086328,16.265691010516584],[-61.57087708285334,16.26487412370563],[-61.570826885421,16.2607741685351],[-61.55701121826901,16.260114929444715],[-61.54713913893401,16.253680481276422],[-61.54799636812329,16.27179454579153],[-61.522902565464534,16.277010399165263],[-61.515580807523435,16.272272129064575],[-61.50905917480785,16.275451778293085],[-61.50675432359302,16.28140995282952],[-61.500931411142396,16.280899003113685],[-61.49891237943194,16.278434474939235],[-61.50160248196325,16.27625894889221],[-61.49567113826062,16.269273383014028],[-61.50665515756055,16.260303214827992],[-61.502639228824314,16.254636923398476],[-61.511930027302476,16.248671911977496],[-61.516878033553795,16.253570472230695],[-61.52678228341583,16.248096185935605],[-61.521956586766045,16.239425162528836],[-61.5247827669704,16.22305086268012],[-61.519236096098595,16.225271097823185],[-61.512538624768595,16.23668669732044],[-61.50854290539359,16.238454401221134],[-61.50354480259217,16.23557409939942],[-61.50052829873047,16.240572328034297],[-61.49212868192119,16.241273653597503],[-61.48607289693403,16.246931382233168],[-61.46257312785593,16.253815948382684],[-61.453775511994394,16.257835039314614],[-61.452037276232886,16.261646966414315],[-61.4449577621883,16.261404449008964],[-61.445310212477146,16.2792612060519],[-61.44049785690278,16.278457614148735],[-61.43679417002533,16.281926826124792],[-61.44208097948555,16.291257118925188],[-61.43854760549008,16.292214296937228],[-61.44023056286552,16.294277293758775],[-61.43544080540259,16.29672081446429],[-61.42898405615914,16.310111402890424],[-61.421825803667005,16.302539043650867],[-61.40043390784646,16.309138870460533],[-61.405782045248245,16.32588717612731],[-61.403654424784584,16.329972197688793],[-61.40741279706594,16.332078211835476],[-61.41956143415989,16.32898309055464],[-61.429368600720004,16.3423591475683],[-61.423513045252456,16.345531761052236],[-61.42443737143298,16.354334614510083],[-61.41754741010529,16.356414871934977],[-61.419862019586375,16.363421634435817],[-61.41631415959542,16.364483020545244],[-61.42123372762956,16.371515673589382],[-61.4127333114292,16.37436988697114],[-61.41783012736469,16.389606954658923],[-61.40530739365574,16.393327784215497],[-61.4058484722566,16.40659505857964],[-61.40170459036082,16.407795772642995],[-61.400286713039286,16.414038200271676],[-61.402995764551726,16.41616409879278],[-61.398448901018845,16.418630117888988],[-61.40103028599675,16.441413176836686],[-61.404081410662954,16.446987168025803],[-61.40760946510224,16.447383521636223],[-61.41041177755653,16.467574021573085],[-61.41819682714908,16.471395929572854],[-61.42001394223685,16.47639162508344],[-61.42199077289586,16.4747797668764],[-61.4286557530532,16.478780668078006],[-61.433828966010275,16.48733370334918],[-61.440197568447076,16.490696119252412],[-61.441814953871166,16.486726226179062],[-61.44370807836299,16.50041269776323],[-61.45210587657519,16.497307281169892],[-61.45408589655736,16.500740165266766],[-61.462470335543635,16.500029317313373],[-61.461799962268024,16.505260017305908],[-61.466733762368285,16.506522264717315],[-61.464655854908536,16.514491408431464],[-61.50014199886261,16.516690021498317]]],[[[-61.5547689846396,16.245300615121742],[-61.55420262279596,16.252208659142603],[-61.54966254814141,16.253340075382297],[-61.55326793340297,16.249763578209638],[-61.548584963020765,16.242426664090104],[-61.55085247432885,16.237904997912228],[-61.555378973767596,16.238241297898394],[-61.55515334036334,16.240829006602937],[-61.54905667065982,16.242938821096292],[-61.5547689846396,16.245300615121742]]],[[[-61.55474903604338,16.250733055253846],[-61.56977106684292,16.253004236917178],[-61.567242996794036,16.251899595322353],[-61.570986582625984,16.24850114504549],[-61.56768512077988,16.247394814061565],[-61.57083964146899,16.24581827698958],[-61.56488668874141,16.24368252586857],[-61.5609518716802,16.24747200126408],[-61.554868547219826,16.247458801518157],[-61.55474903604338,16.250733055253846]]],[[[-61.584842714295306,16.24410909222738],[-61.574408759163596,16.249754804317458],[-61.57758452490956,16.246553455531107],[-61.57900027187824,16.24187398853854],[-61.57781267695129,16.24051776231437],[-61.57083989070847,16.25312820108082],[-61.57880232958481,16.250891858022072],[-61.57665097320822,16.24998619736173],[-61.57834263534951,16.247701235372674],[-61.581605123080465,16.247271473840772],[-61.584842714295306,16.24410909222738]]],[[[-61.579610295114826,16.240373128576078],[-61.577881551669016,16.240423075659],[-61.57793469052737,16.24002765447416],[-61.579610295114826,16.240373128576078]]],[[[-61.58099216445926,16.238629032546267],[-61.578443924646415,16.2390053025836],[-61.581032959126944,16.238082266113608],[-61.58099216445926,16.238629032546267]]]]}},{"type":"Feature","properties":{"name":"Parc national de la Vanoise"},"geometry":{"type":"Polygon","coordinates":[[[7.115461091430888,45.43307446768796],[7.152236517177442,45.4232000000169],[7.156880345376402,45.41700562284105],[7.18426317311901,45.4074812470604],[7.185873028285691,45.40321946802122],[7.178855189891503,45.3968554149073],[7.179435367651262,45.390340738595285],[7.163174420301166,45.381356602019245],[7.158275002217424,45.369176642686895],[7.16448943261426,45.36052589101673],[7.152733583173238,45.3528986159993],[7.138140844166924,45.35101444807994],[7.133918953436699,45.347228012816046],[7.131662295220161,45.340060556340475],[7.134706396187699,45.33124072827274],[7.131736380889205,45.329243406704265],[7.126171265992842,45.32677284515945],[7.114484947815559,45.329148560422375],[7.110685288240943,45.32650630110249],[7.109640566616318,45.31852969781604],[7.11800629433058,45.311555593295445],[7.122385034555591,45.29497338485546],[7.136147074502157,45.281519050825],[7.134466340558784,45.275824339892004],[7.128140549960703,45.271761096192634],[7.13166981876228,45.26977089503618],[7.132145989734306,45.26154927094605],[7.137585325935407,45.25569084441947],[7.125203674500352,45.243943724869006],[7.110597389817642,45.24634429070622],[7.106141401116676,45.23710902944121],[7.088715132795191,45.22588144435136],[7.080746970557509,45.22445247461493],[7.083073942568273,45.21781898517844],[7.079427704046729,45.21602832484677],[7.079925815320525,45.21276359487534],[7.071844386097294,45.20994669901835],[7.066833654599741,45.210152009777495],[7.056960033679275,45.221178533352145],[7.047202905741078,45.225810240159504],[7.026341976620966,45.21543659100346],[7.023279904958582,45.218575727665765],[7.019581662185949,45.214668282630235],[7.003553177427241,45.21991096478358],[6.994652516492833,45.21544284006599],[6.99306245328322,45.20997096711186],[6.965749096836422,45.20794621565478],[6.960544851391751,45.20270225718908],[6.96726766173159,45.19589797366486],[6.952312424151682,45.189689831494775],[6.954189944639612,45.179613803946594],[6.942895799711094,45.17618618294401],[6.947093739239564,45.170434635440884],[6.931867680745107,45.171221000493986],[6.922188596883,45.16714286259764],[6.914019105876203,45.16858884801639],[6.910527639008273,45.16547988042983],[6.893358560691262,45.16836382920065],[6.89221658514024,45.16267983700203],[6.88410116607162,45.156741891666954],[6.890240505838344,45.146497568484335],[6.897790790201368,45.142772252774726],[6.89643765255199,45.13931359190901],[6.880564858973551,45.134894830118725],[6.873627042923591,45.135924178544286],[6.849853183848155,45.127164441092766],[6.845575582854349,45.13025786428182],[6.847252787922877,45.13556060689018],[6.836023232947853,45.13522281336919],[6.8213929272173,45.14525832882138],[6.768955987564143,45.15969941269955],[6.740023710033077,45.136741990161006],[6.711290159702297,45.1447612901215],[6.708530420866845,45.15806954928234],[6.714588178395543,45.16238888344164],[6.691878598082115,45.173066245796974],[6.697420207593765,45.18069634456463],[6.691606005564474,45.186320763769345],[6.691936445966015,45.19166893117296],[6.684936107760569,45.20103360692831],[6.685596623973181,45.20735872757395],[6.677916007527007,45.20700915116098],[6.652440012736989,45.192507955378886],[6.64543432659331,45.19696017014034],[6.635622007108211,45.19605884933009],[6.637250827011409,45.19307089394444],[6.626113128271752,45.198392350187326],[6.618508569107657,45.19628917553552],[6.584497882805216,45.203567849798375],[6.579649640120731,45.20599690651917],[6.579910241072614,45.21139207760985],[6.576068569217525,45.215501993456215],[6.579331764490137,45.23568973304959],[6.601712640066566,45.244520310923335],[6.604176397737393,45.253660227905186],[6.612040624453352,45.26351123747423],[6.601937542741342,45.2666735996645],[6.567740204633982,45.26575466901726],[6.530974611655394,45.25294172235183],[6.52019552150349,45.258328618675115],[6.516129995880714,45.26649040800895],[6.507292233163794,45.27127247256259],[6.503574175834292,45.28802303467427],[6.46712277337882,45.2913916199722],[6.449995307328705,45.29722347868266],[6.44681466039702,45.31354721903496],[6.433879942767071,45.32112246633567],[6.427734575635943,45.320888186824526],[6.421483056005512,45.33101806909835],[6.42288456811603,45.337362184582894],[6.415172565447485,45.34208571086638],[6.421487880599524,45.341195075531125],[6.43311032236976,45.34646374580297],[6.432978011773089,45.35173825050819],[6.438904358079972,45.357069478673814],[6.437902633048604,45.36856424240698],[6.44357810650145,45.37614722616127],[6.454163479385748,45.38098191217076],[6.458162429219801,45.39092361881205],[6.474664197227184,45.39616714588124],[6.490753172461491,45.409487502002776],[6.488591444249494,45.41902720743232],[6.493085947645615,45.4328674614795],[6.496756654766012,45.434037255134925],[6.503512895354283,45.44729822562267],[6.506345933428316,45.44845148345507],[6.51569335908666,45.43918344029277],[6.522024190699143,45.437371090584776],[6.523500435283136,45.44335157245049],[6.53018403327052,45.44287550284705],[6.539623224454126,45.450897876574906],[6.558161889875133,45.452358486214436],[6.56396138184085,45.44785920498444],[6.564110985880298,45.44312381117483],[6.575274929163909,45.44351147674534],[6.58011964169442,45.427425473849446],[6.592959804152548,45.413062602208136],[6.601772994765612,45.409572221853985],[6.601796083244232,45.40407560051511],[6.60672167408307,45.40077889388657],[6.615408002440896,45.41049297896915],[6.601131832215585,45.44514111187008],[6.61176578642828,45.44527393630752],[6.618973708186598,45.46563010675807],[6.626558502815267,45.47096949063364],[6.623008168832177,45.478853639265],[6.624872896790224,45.49049450523989],[6.641628176856667,45.49516301995464],[6.649744032581296,45.491651696321945],[6.663667433245796,45.49278012875839],[6.674064976868304,45.488142054620084],[6.675248788611738,45.48120319480271],[6.680197092747828,45.48060504447203],[6.688999559801277,45.4858050821962],[6.696032612551838,45.48489855764528],[6.708338577415005,45.48986815434085],[6.725179461869749,45.48578413452546],[6.731704092972772,45.48881856716559],[6.734718438058365,45.49370028702139],[6.720230029164277,45.510488268031295],[6.726084104091955,45.530937330850634],[6.71670285965206,45.54923642593588],[6.701633441832036,45.56383655512472],[6.740601992016386,45.577130920711035],[6.753120620163312,45.59583894214928],[6.784335131452517,45.61671182264734],[6.787789711637995,45.629280778177716],[6.786956434204134,45.641207720269406],[6.823904676425238,45.67681762013352],[6.830191845210188,45.68066226521308],[6.840297361500411,45.67841249903958],[6.846108842867918,45.69056656913692],[6.866972777469013,45.68395726506187],[6.869081278626719,45.68067220830332],[6.878878182283747,45.678653301635336],[6.882843919140278,45.680745400343866],[6.893077295699207,45.675463293651035],[6.903023071022241,45.68069079537094],[6.906996186968948,45.67588747699103],[6.906505203596063,45.66919390561106],[6.902132358661883,45.66373973567043],[6.915134384409392,45.660911500733036],[6.914821631489647,45.65173254584032],[6.930827569764776,45.645669412456066],[6.960899894499195,45.65493056208336],[6.970448289137229,45.65385946155645],[6.974175080986925,45.64699124783243],[6.989466478073673,45.6439683511498],[6.992310617719462,45.6396143578653],[7.001107704471033,45.63956306708238],[7.001039548877718,45.63496975684754],[6.984566530444686,45.620154726673434],[6.986345806498518,45.61309632945342],[6.977841317229164,45.58988170200346],[6.980743344513653,45.58318263843749],[6.995378501307035,45.575634840326394],[6.993761797688298,45.571691605448336],[6.996989575988297,45.568898175027606],[6.989776741689959,45.56248473797774],[6.99594576749396,45.54514977280003],[6.991177097421452,45.530432845144965],[7.005194815441609,45.51804233153632],[6.99997238649217,45.5047873418384],[7.022470278990165,45.49654505797555],[7.045360828714927,45.49747478481874],[7.054565943484303,45.494968279277614],[7.055739669646649,45.48770890672186],[7.050042878685485,45.48551674532843],[7.045802346290095,45.47862026310056],[7.049868898476677,45.47223021214177],[7.077030807034936,45.47378318086094],[7.103881419145534,45.46799866221197],[7.099179860926316,45.45878061831421],[7.114608173383578,45.44171820504281],[7.115461091430888,45.43307446768796]]]}},{"type":"Feature","properties":{"name":"Parc national des Cévennes"},"geometry":{"type":"Polygon","coordinates":[[[3.940547587887374,44.039939337585444],[3.941468905228983,44.03309895944623],[3.951641901305246,44.030040738099515],[3.955982630999217,44.01996353059951],[3.962511100700172,44.015682284613284],[3.96188372090788,44.007996757566374],[3.943978387709016,44.005277036594165],[3.943451755138492,44.00133573077518],[3.939634872372307,44.00087535431269],[3.904773084054695,44.008024962458876],[3.904037622634024,43.98729032220489],[3.926839216308083,43.98454062468991],[3.898677093684424,43.97090880473346],[3.882313601550657,43.978367460749304],[3.863359469735568,43.976537788027166],[3.860834444243918,43.98265182504293],[3.851839309809626,43.98511905841888],[3.84803537962996,43.975347268878785],[3.838102602204931,43.97588197092873],[3.828371913029287,43.983218464718284],[3.821297855633119,43.97939449416382],[3.806306175387064,43.98495034045763],[3.804740048745837,43.991450203445254],[3.796607960677393,43.99456534904574],[3.797930198374019,43.98953892868611],[3.788989914265098,43.976242891359746],[3.806967943951845,43.969265206718276],[3.803889161569165,43.96638532128121],[3.758367861452077,43.96763669130179],[3.752133631229505,43.972753150251215],[3.749643789121875,43.96774096071805],[3.743638804456444,43.966605653737005],[3.731418530711963,43.97187847261188],[3.716683188285655,43.96077362562457],[3.704762775478855,43.9620742374239],[3.69038448456131,43.95162605629068],[3.685561097641235,43.95382451754306],[3.682725425411108,43.94683577793395],[3.688537646438008,43.94486792119239],[3.689775305428316,43.93936654748121],[3.671465444235051,43.938443801244695],[3.667254154189354,43.947364230001256],[3.670395216169906,43.952087991759505],[3.666960954002771,43.95478289843297],[3.668462493775462,43.9577851268209],[3.661876371316634,43.955508605348754],[3.656449216912775,43.96523434820003],[3.648010922977872,43.96260988493928],[3.642538280403008,43.969563211813146],[3.63266549029281,43.97253320395838],[3.616073882742169,43.95563505920241],[3.610384436858035,43.963353849876036],[3.602789292966657,43.96388289257203],[3.600970031034059,43.95985732195517],[3.572109319891291,43.96237376460853],[3.56445567229198,43.959907069494705],[3.556907729827584,43.96271146270361],[3.531760832637413,43.96096289558989],[3.527225190023022,43.957016811058146],[3.529116052811623,43.94703762938756],[3.539414426675935,43.935631323344744],[3.5102238142135,43.94599348467005],[3.503264366221084,43.95050046520929],[3.504513397622991,43.95552202133962],[3.49067502480143,43.95687289729328],[3.469924888245973,43.948830934229164],[3.461528460167393,43.9353760741734],[3.465015794924658,43.93326435384552],[3.464750620239906,43.929146317751794],[3.460432579222672,43.925352335997566],[3.458524239555145,43.93099596367761],[3.440258465709651,43.942975919130646],[3.434265516195191,43.95452051270771],[3.428696798650277,43.957014743399405],[3.437372942317543,43.96253057154038],[3.41813220487449,43.96589890310506],[3.405187204141405,43.97172826035361],[3.416490881676135,43.986508662697844],[3.417965632447198,43.992987523083315],[3.440264763961087,43.99818845097195],[3.4494586615784,44.01181678109284],[3.44840528226599,44.019632319820296],[3.451758941379409,44.021814565138804],[3.429008103034927,44.035014895398234],[3.42202884707298,44.03614725531123],[3.417270438029983,44.04158633893034],[3.400009011497615,44.04363892983846],[3.393579201961471,44.04777535162372],[3.390054979384584,44.057205863107974],[3.382887248496356,44.057182560577054],[3.371406813717261,44.04939906165349],[3.372262494843603,44.05430670390752],[3.367395318298428,44.058172568744006],[3.352659328351612,44.04991196898254],[3.33767941347501,44.05829164322429],[3.336881088342299,44.066804793064506],[3.328914138138084,44.079025392513095],[3.324790397125729,44.0770819153573],[3.318390600468366,44.08332087251369],[3.313917510404778,44.08345168753865],[3.322992473700463,44.09642643624934],[3.337918267188996,44.108425895812545],[3.351223318382607,44.114309127827845],[3.337591641225956,44.11064193521364],[3.328607581183863,44.11178350843692],[3.324164627379593,44.10860334957679],[3.323945235393582,44.12601650223176],[3.320295975266547,44.135904522040946],[3.332273203308469,44.141785024659924],[3.334620793396367,44.158821675957284],[3.344249928000855,44.158733372108436],[3.357219697482499,44.16798253230419],[3.374010836665969,44.17096615589465],[3.372060715134432,44.172798160334125],[3.374803325745475,44.179255054599466],[3.368015711947554,44.18699810759502],[3.360654598386073,44.18766071232078],[3.361755007672509,44.191527491423635],[3.357412235884962,44.19323119767018],[3.357544982614543,44.19782485434892],[3.362197398508235,44.19832265552599],[3.362813296382582,44.20150876893606],[3.345287086195865,44.200835321081016],[3.33518661461499,44.20431580524248],[3.317276002658262,44.2005508229659],[3.307966167735377,44.205458564270366],[3.293897453452141,44.20709660633242],[3.288636863065418,44.19971897380095],[3.267004501754797,44.20169002854323],[3.237371268193186,44.19017124177435],[3.202605914529989,44.190581164114064],[3.211898716898441,44.195430394057645],[3.224584667536551,44.21188498928275],[3.223319262511328,44.220109980797545],[3.229622472620577,44.22568841977169],[3.232874165218555,44.2524616584325],[3.220615895248136,44.253007225837244],[3.222345606830623,44.25498039533889],[3.215880210088975,44.26537346681965],[3.21871285164843,44.28336678107504],[3.213222654944086,44.28684307018059],[3.217332869254549,44.29045535196378],[3.223688182721508,44.29025267592331],[3.228858070630547,44.29597949144952],[3.221942620501136,44.29956721007021],[3.221178834181917,44.306514217855636],[3.20605763363635,44.308279962907335],[3.197916534068253,44.31893459964094],[3.183418591122532,44.32313730659215],[3.184381663041018,44.33896662612107],[3.198325555409342,44.34876126972374],[3.187404629880324,44.352689796366334],[3.19153647642853,44.368455325628105],[3.219277355951514,44.37332207618017],[3.21935887697536,44.378492487389785],[3.224478248757768,44.3850705282468],[3.238770363570332,44.385867724029154],[3.241933983477659,44.37800321051353],[3.241887731659905,44.363648330989584],[3.245296517746618,44.359476626794695],[3.25416759754581,44.358148560691156],[3.257435134234961,44.36485439521616],[3.277577012585712,44.36192041189284],[3.276305897166505,44.3487920334945],[3.283262909277099,44.33694266965611],[3.295282219037774,44.34372705882751],[3.292183202061409,44.34941984116741],[3.299552279502382,44.348277527385406],[3.307107937002066,44.35175742994864],[3.309382635946208,44.34835204648249],[3.306751110895309,44.33845046179374],[3.310834658453773,44.33405704004958],[3.320815072917526,44.33382135281717],[3.324465088197166,44.33024347505841],[3.337549589104321,44.34047354593068],[3.342240925577289,44.33728883964106],[3.356700317831977,44.351489523240836],[3.366841640369414,44.35564327224495],[3.362942624990103,44.363338238990714],[3.376651985832666,44.366461684386415],[3.378173845104829,44.36980060949338],[3.375665630156996,44.377998993232616],[3.369125794138509,44.37462654992472],[3.354143124825752,44.375242876153216],[3.355933852567641,44.38199382449782],[3.351421637234179,44.383654743838214],[3.348340495885019,44.39046809058701],[3.354118408518806,44.38955578231896],[3.36087204274802,44.39462978808624],[3.366861171561849,44.394115799237674],[3.36582332525118,44.39806925925028],[3.372282175852965,44.41032077543673],[3.385447355254128,44.403527675959964],[3.395537854449924,44.41625391498458],[3.408731289593754,44.4163488879692],[3.425750787092593,44.42933820712435],[3.426299396266179,44.434123360338525],[3.41661091602421,44.44359725377148],[3.421438639117749,44.450334959811904],[3.412844838905456,44.45873493456679],[3.412787290203555,44.469620538694684],[3.417534725051788,44.47171727448658],[3.411928275693414,44.485272261747674],[3.417568772702382,44.491307758071024],[3.424466360774803,44.49307198160248],[3.418168145142362,44.50007639604496],[3.423495124213055,44.50914480336261],[3.435788668877136,44.513707934717],[3.433601853996702,44.51532616860783],[3.436243184645549,44.51766087315048],[3.454634233315175,44.522754912137046],[3.461608383814509,44.51032969554333],[3.458589280019749,44.508502204465536],[3.467258076308723,44.49401531357235],[3.486517830988126,44.50561167475173],[3.497906131975916,44.50760080758623],[3.515447002886817,44.501712835861476],[3.523586499353575,44.508064394200474],[3.536736273130666,44.50232971166001],[3.538559832270513,44.504268040070464],[3.525569461450602,44.51269660254254],[3.532739333078698,44.51480929781489],[3.54818138410469,44.51303851454973],[3.564756205097968,44.51971757380169],[3.581544611539948,44.515345213243855],[3.58141436853135,44.52689698359118],[3.589311516526338,44.52524275433006],[3.600098197951911,44.53420156947614],[3.60949393835712,44.528968229130186],[3.619558552698058,44.528199195636155],[3.620357153035163,44.53399415489789],[3.62541921040852,44.53466779264601],[3.640788745752232,44.52582735176999],[3.674772979962836,44.53826898604932],[3.676376906917265,44.524002644965606],[3.681976218374001,44.525414905375136],[3.68572269269525,44.5184795124652],[3.698049695641552,44.51824738711061],[3.696238767189529,44.52874144991056],[3.700887850739638,44.52358143950849],[3.712938028209018,44.52825134278819],[3.730223801317401,44.547741689942605],[3.735875102845444,44.54029853876568],[3.742348425598893,44.53748056930103],[3.774810834537178,44.53336923215762],[3.778812161895137,44.519963968427696],[3.803775923509469,44.505712904728234],[3.812808757119583,44.50311068622466],[3.836492681959078,44.508574747218645],[3.854584876722289,44.506559942842195],[3.861702958962644,44.51498065668955],[3.85606681310923,44.52092312770986],[3.843789732023252,44.524761921179],[3.845429440813708,44.53392411126898],[3.86324340881405,44.53822734108072],[3.878689134144007,44.524856013835404],[3.888608843231596,44.53129374723204],[3.897170673592723,44.531110155144226],[3.888390516724981,44.538137677036204],[3.885722666790195,44.547812908116434],[3.895564884711939,44.55215575485122],[3.898736950016287,44.55859320002623],[3.918742759922085,44.55593295319652],[3.919625767476847,44.56839926149788],[3.92296505762283,44.57166741970448],[3.929822871205644,44.568751439498485],[3.936130633035165,44.57379298995052],[3.956258063656215,44.5749683507031],[3.968019197717667,44.58468562993327],[3.967979663001349,44.588329553444574],[3.972031578782353,44.58482686450032],[3.981075456368778,44.5929992455114],[3.986633024094245,44.58210542625287],[4.003596688732937,44.58528651527455],[4.022036725316871,44.572558005417],[4.032152998065857,44.570058289214835],[4.021164345521386,44.55859227519168],[4.03231207433788,44.535717080833784],[4.030914865817031,44.52744103496179],[4.047890719182669,44.517505678249165],[4.053907159640067,44.50936638286103],[4.068792654126047,44.51111833747571],[4.075351050444685,44.50593549822604],[4.099491066063012,44.51583593864577],[4.107282366491148,44.51326507771426],[4.11318894544598,44.51596780344569],[4.114036328836722,44.50393562403115],[4.120705009225038,44.50551384992375],[4.124402173713045,44.50290675329965],[4.124668360327812,44.4916304087888],[4.121958176184065,44.48835029594433],[4.129271500545876,44.48355987954418],[4.126293754075382,44.48073007423314],[4.127558679115566,44.476499247058236],[4.112913886101615,44.470196500949136],[4.114833416601979,44.4645682864493],[4.122669260411294,44.461401674138706],[4.125469948667535,44.45324889734157],[4.130112343655467,44.45240014352274],[4.125500636867646,44.441085713395324],[4.115051353287189,44.442979890893945],[4.111378753499231,44.448322357374686],[4.100482980563211,44.44964616181373],[4.093319674976782,44.4569575283909],[4.089599487555545,44.45632995083949],[4.088435984825067,44.43754448844455],[4.076748987244363,44.432403496952645],[4.07496720210324,44.434577046887455],[4.079201325513107,44.44214029040286],[4.074872878913172,44.44297123179805],[4.070656061557631,44.43855231226984],[4.06972878976727,44.44327425736944],[4.063293221726394,44.44587350879101],[4.0592621627216,44.444022645116746],[4.057406633906336,44.44808810038033],[4.05089854484111,44.45063150150211],[4.04479892471052,44.45007549735524],[4.037174777385367,44.446084566703],[4.046259748411718,44.43154935764016],[4.035779360112621,44.419501108136814],[4.057270682929238,44.41365320669229],[4.0843778654545,44.39660250155698],[4.090711775980157,44.389131720660316],[4.097667713282776,44.39013390686208],[4.103075023481563,44.39850451834775],[4.098650057636821,44.4033606590702],[4.113357043208329,44.41365879304977],[4.140393951376337,44.41152224683618],[4.149118242289407,44.40145024354805],[4.155051096792143,44.400742686133924],[4.15655850030626,44.40623744357287],[4.14978625208775,44.415481258031754],[4.153136494119997,44.41734492729301],[4.16139996083965,44.413524660620055],[4.173013435275434,44.4138364418195],[4.178142158699554,44.40787766890247],[4.184766058220654,44.40830807573868],[4.1865050211107,44.412478368884884],[4.188583818732726,44.410568965536626],[4.196216831925295,44.413858802097764],[4.208707827529863,44.422307606101505],[4.214503622458575,44.421465116070856],[4.215571889857316,44.42382650399994],[4.229300444044069,44.420644691616275],[4.232113124368031,44.41464613061763],[4.228513167370348,44.41423889244028],[4.226294996084534,44.404096651952706],[4.222140568828615,44.402753689325706],[4.226487111446522,44.39963269854108],[4.223445293054611,44.39310617332578],[4.231253583464563,44.39153547846875],[4.230415869815284,44.384186851445136],[4.237689716839982,44.38327076375985],[4.227553271852183,44.37554554129712],[4.229146446806202,44.367001277153086],[4.225436312847681,44.359388558016754],[4.217726752283797,44.35478735219482],[4.215141677363425,44.335937479924795],[4.207713344994233,44.335338688378044],[4.199940275716185,44.33793995742846],[4.199361827410964,44.34261318635489],[4.195694530880644,44.3420553332213],[4.198550843186545,44.33386705522913],[4.18830653688697,44.33228122197293],[4.189908576223187,44.330088901904816],[4.185084031545141,44.32824506374167],[4.186434678208264,44.325365918153885],[4.177794711103816,44.31761315687535],[4.177751173759883,44.31286215430063],[4.186486542965878,44.29980662394744],[4.176604505481416,44.29651804811174],[4.178118472914118,44.291440734409676],[4.167308459621896,44.294910310838894],[4.166046441083852,44.289371095648676],[4.169692768681977,44.28599341334124],[4.167560127814244,44.282478202736854],[4.177971836302237,44.27955390212509],[4.181081113597701,44.27385632227663],[4.190776246607609,44.271639770107114],[4.193991767535073,44.26773842042291],[4.20435942924607,44.273138253954336],[4.211723464986765,44.273339071995494],[4.211183835283826,44.26883848550033],[4.217612076821415,44.26282145239654],[4.218754606414471,44.2555340841787],[4.215633759054041,44.251815645771735],[4.202993750639793,44.25098256108751],[4.207768908697783,44.24760836452016],[4.201444528759162,44.23986297334059],[4.220887015506066,44.23407804673478],[4.209869585355597,44.23023995909972],[4.206950548514325,44.22437933065991],[4.199500705927225,44.22159292154782],[4.18635909295278,44.22199946498782],[4.186018909565256,44.21769928713385],[4.189597363594789,44.21488255923352],[4.187651170705069,44.21105799156],[4.171598834084007,44.205120887187434],[4.153633348723893,44.21571646775906],[4.141591424636006,44.21616461403325],[4.13028629507953,44.22640873260186],[4.123018915504093,44.227032416775735],[4.1198360974824,44.22161246919344],[4.098725649948676,44.223333562133625],[4.088719356661858,44.21566555475908],[4.083306388212324,44.22218060794494],[4.090305549182934,44.224028722319574],[4.089301367907514,44.229628848190686],[4.077570252184977,44.233764826726315],[4.081535890316509,44.238059355830856],[4.068277115034993,44.24584614107955],[4.05430852101401,44.24636188579496],[4.039266301668854,44.240166122603014],[4.03586982284895,44.24651481357339],[4.026496520323273,44.25102812697848],[4.012244560268229,44.249366307628385],[4.009164879854728,44.24302134556288],[4.013161404872436,44.238288307355596],[4.005376020274596,44.231024304448404],[4.019554786861356,44.21660960859586],[3.988326084539756,44.218108600322566],[3.973729995796413,44.206555809169906],[3.973316999212937,44.20297593797484],[3.988555447024473,44.18534071163483],[4.00535488029038,44.18543292064884],[4.015479433993441,44.189383197125174],[4.036070095598275,44.164737101138485],[4.043506776713059,44.162211896831494],[4.057433132793721,44.16409576298792],[4.057523794494324,44.152435248024744],[4.063661319795054,44.144087347193356],[4.055876699306355,44.13497304855311],[4.014723182215475,44.13506552458725],[4.008347481472936,44.12504470420518],[4.013249399185272,44.12074460539964],[4.007393449861254,44.12056815119012],[4.018894138609677,44.1122671175421],[4.011798591668219,44.09615415261178],[4.023452767632881,44.08961459871923],[4.011043811597514,44.08284669772048],[4.013758917902555,44.079365196456315],[4.010587002515257,44.07863932041456],[4.000298772034336,44.059261042673405],[4.002940034848763,44.055227869038376],[3.995453539889347,44.04813598725441],[4.012653805414764,44.04448048759623],[4.010651974302768,44.038769941876026],[3.988083660123988,44.0372289415974],[3.977998986187101,44.032532902913665],[3.957157510847423,44.03963423835382],[3.947978760079507,44.03766464570085],[3.940547587887374,44.039939337585444]]]}}]}