{"type":"FeatureCollection","features":[{"type":"Feature","properties":{"name":"Parc national des Calanques"},"geometry":{"type":"MultiPolygon","coordinates":[[[[5.54493317,43.20772089],[5.54497844,43.20776114],[5.54490894,43.20772724],[5.54493317,43.20772089]]],[[[5.34580214,43.21917652],[5.34638007,43.21543699],[5.34487574,43.21705352],[5.3429566,43.21612204],[5.34972466,43.21382241],[5.34580214,43.21917652]]],[[[5.40354136,43.222437],[5.40117491,43.22212907],[5.40071066,43.2213247],[5.40252285,43.22000014],[5.40354136,43.222437]]],[[[5.53971665,43.22630727],[5.52348169,43.21637781],[5.52311728,43.21272661],[5.51768752,43.21262959],[5.51243289,43.2066209],[5.52125321,43.21069243],[5.51411356,43.20351586],[5.52105417,43.2058189],[5.51947809,43.20757286],[5.52296549,43.2121756],[5.52715678,43.21324118],[5.52580627,43.21634878],[5.53971665,43.22630727]]],[[[5.39888789,43.23567092],[5.39685193,43.22675886],[5.40361153,43.22509414],[5.41013675,43.233554],[5.41744305,43.22326718],[5.41667931,43.22927487],[5.41093473,43.23508086],[5.40030132,43.2318087],[5.39888789,43.23567092]]],[[[5.43344678,43.23450446],[5.434165,43.235086],[5.433594,43.235067],[5.43344678,43.23450446]]],[[[5.3776094,43.2370014],[5.373545,43.2384519],[5.37749455,43.2353938],[5.3776094,43.2370014]]],[[[5.41645256,43.23808677],[5.41355868,43.2352167],[5.41877599,43.23373346],[5.41645256,43.23808677]]],[[[5.39889068,43.236399],[5.38685126,43.23894761],[5.378881,43.23663117],[5.39889068,43.236399]]],[[[5.426775,43.23972],[5.42850977,43.23654248],[5.4327858,43.23599146],[5.431583,43.238428],[5.426775,43.23972]]],[[[5.52288324,43.2373729],[5.51441143,43.23919905],[5.51179318,43.23522595],[5.52288324,43.2373729]]],[[[5.51491418,43.26002627],[5.49858412,43.25914496],[5.47312924,43.24450301],[5.50491099,43.23699095],[5.50438492,43.23865637],[5.52479793,43.24080159],[5.53415554,43.23533987],[5.5308917,43.23122584],[5.53444032,43.22784641],[5.5319727,43.23182545],[5.53615515,43.23065908],[5.54343643,43.23461448],[5.54377126,43.23157138],[5.53784783,43.22799001],[5.55160491,43.22271965],[5.55014417,43.2146649],[5.55886995,43.21356694],[5.55764713,43.20732308],[5.55091518,43.20730687],[5.54946046,43.20963229],[5.55458803,43.21072933],[5.54807347,43.21024087],[5.54971122,43.2142031],[5.54404822,43.21486737],[5.5451324,43.20803766],[5.54964081,43.20790874],[5.55107535,43.20311577],[5.55864743,43.20671856],[5.56057593,43.21358588],[5.57098001,43.220522],[5.57997489,43.22157158],[5.58828854,43.22671236],[5.58918556,43.23452],[5.59453309,43.23643985],[5.5882626,43.24013261],[5.57699908,43.23327601],[5.57102224,43.24175341],[5.56172592,43.24234815],[5.55993829,43.23914011],[5.56309098,43.23785616],[5.56330533,43.23325337],[5.55948172,43.23693678],[5.55362021,43.23409238],[5.55638187,43.23216673],[5.56154983,43.23081295],[5.56174939,43.23028762],[5.55369932,43.23103577],[5.55001609,43.23983816],[5.55900529,43.24458336],[5.55502342,43.24871722],[5.51962377,43.2443613],[5.51748294,43.24717823],[5.50990491,43.24671526],[5.49579877,43.2422833],[5.49695682,43.24487331],[5.49360448,43.24678971],[5.50154194,43.2490423],[5.50748008,43.25581329],[5.51593881,43.25650715],[5.51491418,43.26002627]]],[[[5.36101891,43.27430881],[5.36107673,43.27433725],[5.36099629,43.27435791],[5.36101891,43.27430881]]],[[[5.3441577,43.27722193],[5.34413737,43.27786669],[5.34353714,43.2772273],[5.3441577,43.27722193]]],[[[5.30744698,43.27972208],[5.30802565,43.28008499],[5.3073638,43.28001364],[5.30744698,43.27972208]]],[[[5.34512882,43.27917354],[5.34410899,43.27966005],[5.3448583,43.27857915],[5.34512882,43.27917354]]],[[[5.31101476,43.28226419],[5.30313862,43.27975374],[5.3030559,43.27543096],[5.31009027,43.27557212],[5.30358028,43.27872917],[5.30883905,43.28148052],[5.31205478,43.28091589],[5.31075752,43.2771909],[5.31527424,43.2815435],[5.31101476,43.28226419]]],[[[5.31936281,43.28420412],[5.31815265,43.28299228],[5.32006271,43.28332704],[5.31936281,43.28420412]]],[[[5.46911731,43.28626816],[5.46691587,43.28425097],[5.45747814,43.28626054],[5.4462095,43.28267292],[5.43810946,43.27777011],[5.4221995,43.25761332],[5.43039212,43.25195195],[5.42659553,43.24862027],[5.4292935,43.24798086],[5.42464599,43.24681447],[5.42744172,43.24501796],[5.41560415,43.24401418],[5.41329784,43.23994085],[5.41826269,43.24410775],[5.4233876,43.24413001],[5.42447281,43.2412855],[5.42974765,43.2456707],[5.436863,43.24610247],[5.4385,43.239871],[5.43046269,43.23013746],[5.44525007,43.2249679],[5.44910873,43.23139136],[5.43841999,43.239173],[5.442508,43.24354145],[5.43941243,43.24680518],[5.45641136,43.24694801],[5.446613,43.251157],[5.43121043,43.24764334],[5.43160921,43.2502735],[5.43990267,43.25270929],[5.43921422,43.25699162],[5.434656,43.256626],[5.43412197,43.25998398],[5.44490413,43.25768426],[5.45144336,43.25985247],[5.44391,43.267033],[5.4375171,43.26492266],[5.43072828,43.26736067],[5.43716196,43.27279366],[5.44341044,43.26999951],[5.44025673,43.27441853],[5.44714956,43.27452151],[5.44185215,43.2784611],[5.44796415,43.28283748],[5.46644257,43.28216429],[5.46280733,43.27892163],[5.46699283,43.27838646],[5.46657401,43.28286857],[5.46989415,43.2847601],[5.47738786,43.28292373],[5.476029,43.28024805],[5.49250691,43.2814682],[5.50658322,43.27415609],[5.51117067,43.26830556],[5.53227212,43.26845232],[5.53002343,43.27194258],[5.5052697,43.27725493],[5.50569874,43.28062945],[5.46911731,43.28626816]]]]}},{"type":"Feature","properties":{"name":"Parc amazonien de Guyane"},"geometry":{"type":"MultiPolygon","coordinates":[[[[-53.98912499,4.28933299],[-54.01116399,4.28419698],[-54.02641302,4.28623797],[-54.04914499,4.27433702],[-54.05157797,4.257257],[-54.056041,4.25039396],[-54.06036104,4.25003103],[-54.06938598,4.24042797],[-54.07542101,4.24096598],[-54.08373203,4.22733999],[-54.08998201,4.22689597],[-54.08996101,4.23205804],[-54.09703402,4.24083196],[-54.10233802,4.23365602],[-54.10550802,4.23567497],[-54.109954,4.23159],[-54.11023401,4.22729403],[-54.11729503,4.22665497],[-54.12320102,4.22053102],[-54.13835501,4.22303896],[-54.13812696,4.22070001],[-54.14393099,4.22994804],[-54.14821201,4.20921099],[-54.14211198,4.15447397],[-54.14310597,4.13769401],[-54.13533797,4.13070197],[-54.12210601,4.13449003],[-54.11822399,4.13121801],[-54.11507502,4.08699401],[-54.09766696,4.06411903],[-54.06888601,4.034564],[-54.05337997,4.02744902],[-54.08788799,4.02193804],[-54.09381003,4.01354603],[-54.11261697,4.00882203],[-54.11829603,4.02207202],[-54.11534996,4.02678197],[-54.11942503,4.03193496],[-54.11418397,4.04824497],[-54.12041803,4.04696803],[-54.11918598,4.05088801],[-54.121528,4.05150602],[-54.12694,4.04998103],[-54.12889301,4.05410604],[-54.13194799,4.05363999],[-54.13197603,4.05833502],[-54.14139998,4.05446103],[-54.14330599,4.05669502],[-54.14464102,4.05280196],[-54.14730598,4.05436303],[-54.15496097,4.06191204],[-54.15396199,4.07641499],[-54.194481,4.09357299],[-54.191791,4.09931601],[-54.19776799,4.10547196],[-54.20672996,4.10366297],[-54.22155002,4.10947804],[-54.22499502,4.10496804],[-54.23024897,4.10767003],[-54.23567001,4.12223502],[-54.23352098,4.13070099],[-54.23987803,4.13042999],[-54.24851602,4.13596397],[-54.24700197,4.16521503],[-54.253234,4.16115603],[-54.27143496,4.13733099],[-54.28459802,4.13660399],[-54.30110802,4.12964698],[-54.30780297,4.13605903],[-54.32119297,4.13645102],[-54.345838,4.11174598],[-54.34575603,4.09208201],[-54.351734,4.07979602],[-54.35698999,4.05321504],[-54.35114301,4.04773004],[-54.34642799,4.05063096],[-54.33267303,4.03093897],[-54.31986903,4.02097103],[-54.31149497,4.009771],[-54.31418197,4.00387102],[-54.30552899,3.984357],[-54.30902503,3.971377],[-54.30308597,3.964918],[-54.29549702,3.94005504],[-54.28432003,3.92985404],[-54.27708,3.91810403],[-54.25907599,3.90800403],[-54.25691299,3.89036401],[-54.24093398,3.86101099],[-54.218897,3.85872199],[-54.19793799,3.85142596],[-54.19477098,3.83948504],[-54.20358597,3.826905],[-54.20430702,3.81664502],[-54.19573403,3.80319897],[-54.18897698,3.80195196],[-54.169,3.80863802],[-54.144429,3.80576196],[-54.12692401,3.79650001],[-54.11610496,3.76830796],[-54.10520603,3.75718102],[-54.095908,3.73227202],[-54.08302399,3.71260502],[-54.088544,3.68764403],[-54.08410199,3.67679697],[-54.05440498,3.65799204],[-54.05595998,3.644308],[-54.05353601,3.63787904],[-54.03390498,3.63512999],[-54.02194102,3.65005603],[-54.014742,3.65289604],[-54.00432003,3.64971304],[-53.994236,3.62802102],[-53.99178503,3.61314302],[-53.98536699,3.60994601],[-53.98413997,3.60190296],[-53.98769898,3.588212],[-54.00207898,3.57730204],[-54.01044498,3.56399803],[-54.00721197,3.55475503],[-54.00954102,3.53221696],[-54.003916,3.52620104],[-54.01104797,3.50284301],[-54.01292699,3.46421399],[-54.019726,3.461779],[-54.02287397,3.44446903],[-54.02325301,3.437628],[-54.01828703,3.43431501],[-54.01601296,3.42678902],[-54.02477797,3.41308198],[-54.05951702,3.38440798],[-54.05506503,3.36873198],[-54.064199,3.34537],[-54.06311302,3.33466596],[-54.07191002,3.30267797],[-54.07122198,3.29597498],[-54.07410096,3.29194304],[-54.08987601,3.28742398],[-54.09879597,3.29544202],[-54.10502699,3.29698702],[-54.12369398,3.284475],[-54.12653003,3.27546399],[-54.13984399,3.26648303],[-54.155789,3.24564898],[-54.15841498,3.23200796],[-54.16907297,3.22728198],[-54.18167901,3.205565],[-54.19657501,3.20529501],[-54.21242099,3.15295302],[-54.21885397,3.14801697],[-54.21460698,3.14087898],[-54.20659703,3.138669],[-54.214797,3.13015196],[-54.21211003,3.12367898],[-54.20320298,3.11901396],[-54.19678701,3.12931298],[-54.18611296,3.12867498],[-54.17940103,3.114393],[-54.17757299,3.09786099],[-54.18418698,3.07951602],[-54.18013903,3.06366204],[-54.18858097,3.06162502],[-54.195658,3.049313],[-54.19408302,3.04306001],[-54.18472102,3.03437199],[-54.17664403,3.00892001],[-54.18550301,2.99749598],[-54.18171199,2.99326102],[-54.18079399,2.98343099],[-54.17365401,2.97406501],[-54.16141498,2.96963104],[-54.16473702,2.96537599],[-54.17317998,2.963787],[-54.17634802,2.95498904],[-54.17091097,2.94770299],[-54.17936103,2.94857303],[-54.17332697,2.93719198],[-54.180414,2.92800903],[-54.18885598,2.92642097],[-54.19128899,2.92194402],[-54.18460298,2.91592996],[-54.193851,2.88461702],[-54.18958698,2.86987901],[-54.18601599,2.864526],[-54.17934003,2.86186299],[-54.17954703,2.85627502],[-54.18506302,2.84151],[-54.19281398,2.831209],[-54.19704901,2.83544298],[-54.205813,2.83230504],[-54.20693496,2.82780698],[-54.20245896,2.82546501],[-54.20305602,2.81019502],[-54.19920501,2.80335598],[-54.209252,2.792555],[-54.20879202,2.77985599],[-54.21868202,2.76363396],[-54.222306,2.76583502],[-54.22492602,2.76390202],[-54.22490097,2.75469797],[-54.23482899,2.75253104],[-54.24590398,2.73966404],[-54.24705203,2.73309098],[-54.25853897,2.73077701],[-54.26629897,2.72083703],[-54.27400401,2.69377796],[-54.26637499,2.68951899],[-54.276938,2.68642304],[-54.27620196,2.67643698],[-54.28237896,2.66805803],[-54.29241497,2.663837],[-54.29922697,2.65281802],[-54.30755502,2.646241],[-54.31361498,2.63281798],[-54.31801098,2.63194998],[-54.31780503,2.62014397],[-54.31379399,2.61568601],[-54.31966303,2.61275603],[-54.31954797,2.60695597],[-54.32297698,2.60511304],[-54.33300299,2.56915804],[-54.34429299,2.56417999],[-54.34732701,2.55789403],[-54.34426397,2.55305096],[-54.34491097,2.53471698],[-54.35079902,2.52913597],[-54.35486498,2.51770899],[-54.35931101,2.51859096],[-54.36217698,2.510093],[-54.37105601,2.50694196],[-54.37530801,2.48876697],[-54.38282497,2.48803498],[-54.38853797,2.48008497],[-54.38605603,2.47561401],[-54.39192697,2.46932202],[-54.399391,2.46732098],[-54.41975403,2.43822303],[-54.431305,2.43819398],[-54.43684599,2.433041],[-54.46999797,2.43587996],[-54.49538701,2.40863797],[-54.50422901,2.39094203],[-54.51039401,2.36970301],[-54.50984598,2.35322804],[-54.50550001,2.34128002],[-54.50818797,2.33884797],[-54.51953599,2.33974702],[-54.52824899,2.33637203],[-54.53144301,2.33757696],[-54.53252103,2.34313697],[-54.57024201,2.355956],[-54.58926598,2.35083703],[-54.596016,2.34261801],[-54.58856903,2.34916404],[-54.58172697,2.34911004],[-54.57220296,2.35426999],[-54.53242801,2.34132004],[-54.53291303,2.33689604],[-54.52822798,2.33462704],[-54.50519598,2.33853599],[-54.50392896,2.34196299],[-54.50920097,2.35679604],[-54.50917096,2.36847801],[-54.50164803,2.39345701],[-54.49261202,2.40902604],[-54.468605,2.43465504],[-54.43537902,2.43192299],[-54.43042699,2.436465],[-54.41830297,2.437138],[-54.398485,2.46564502],[-54.39125801,2.46816003],[-54.384716,2.47502404],[-54.38657499,2.48125997],[-54.38283,2.48626202],[-54.31787498,2.46323802],[-54.29203203,2.44994098],[-54.28652998,2.45052701],[-54.28160699,2.45531201],[-54.27616702,2.48128499],[-54.249849,2.50693],[-54.20030098,2.52956604],[-54.128068,2.54842798],[-54.11800797,2.55442701],[-54.09352499,2.57838904],[-54.07036497,2.61559698],[-54.05334102,2.62680997],[-54.03217203,2.63335798],[-54.00373197,2.63325103],[-53.98801998,2.644897],[-53.96687597,2.65056501],[-53.95614897,2.65992701],[-53.93650803,2.69373903],[-53.92075497,2.70105296],[-53.87419999,2.69947701],[-53.849206,2.68917204],[-53.82767303,2.69360998],[-53.81759101,2.69207397],[-53.76766601,2.67035999],[-53.73769601,2.66530904],[-53.72667603,2.653651],[-53.72373499,2.64208599],[-53.72264699,2.61360604],[-53.72955797,2.59506496],[-53.72671297,2.58873496],[-53.71571002,2.58450201],[-53.69822999,2.58878099],[-53.684789,2.58725001],[-53.67520703,2.57739504],[-53.66246601,2.55448303],[-53.647452,2.54407702],[-53.63552902,2.54062202],[-53.59767699,2.53842903],[-53.58089897,2.54513897],[-53.56010599,2.563667],[-53.53107798,2.57207102],[-53.49664297,2.57506],[-53.47632098,2.58052504],[-53.47178399,2.59472303],[-53.47429099,2.60348202],[-53.48573902,2.62223801],[-53.49783098,2.65142599],[-53.51612699,2.66933203],[-53.52352801,2.68621401],[-53.52917103,2.72406703],[-53.52367199,2.75541603],[-53.52907802,2.76808804],[-53.53080098,2.79289302],[-53.54016697,2.80969404],[-53.53879902,2.81770198],[-53.52736897,2.82241698],[-53.50612398,2.82243104],[-53.47645202,2.82746601],[-53.44560302,2.84400098],[-53.42778497,2.86853996],[-53.40367498,2.88844801],[-53.40247099,2.90215497],[-53.39263401,2.92311103],[-53.35803499,2.94755404],[-53.32679301,2.98537799],[-53.30199298,2.993868],[-53.28863502,2.99177399],[-53.275988,2.98296399],[-53.26421801,2.98074902],[-53.25715197,2.981584],[-53.25186201,2.98706104],[-53.25419901,3.00003799],[-53.26592596,3.01791404],[-53.27764897,3.05251804],[-53.34540099,3.09948804],[-53.42835897,3.13975004],[-53.45042501,3.15800401],[-53.46156903,3.18446399],[-53.44857796,3.20780901],[-53.43265203,3.22663897],[-53.417243,3.23892699],[-53.40562597,3.25955499],[-53.40352403,3.28492697],[-53.40863504,3.31136895],[-53.42490102,3.32727401],[-53.46101401,3.34965104],[-53.485024,3.37575298],[-53.51677503,3.39853598],[-53.520254,3.41261399],[-53.51692396,3.43572203],[-53.53233703,3.44778001],[-53.54288898,3.44888299],[-53.54291503,3.45440696],[-53.55745697,3.44649699],[-53.55669798,3.45472898],[-53.57127501,3.44913003],[-53.58014803,3.455744],[-53.58485697,3.45419096],[-53.58732603,3.45883698],[-53.59690902,3.45925597],[-53.60254099,3.46341601],[-53.60962399,3.45634799],[-53.61078299,3.46672101],[-53.620982,3.47237803],[-53.633332,3.468824],[-53.64389503,3.47381101],[-53.64643902,3.48064897],[-53.65909,3.47979596],[-53.66457601,3.48346204],[-53.66845398,3.48094597],[-53.68081399,3.48814896],[-53.68994201,3.48502101],[-53.69801199,3.49052704],[-53.71197399,3.49125204],[-53.71421703,3.49741797],[-53.71738903,3.49445503],[-53.72898203,3.49336002],[-53.735129,3.49638599],[-53.734194,3.50089802],[-53.73832798,3.50280796],[-53.740559,3.49452599],[-53.74310397,3.49404998],[-53.748873,3.50220802],[-53.75427403,3.50156797],[-53.758072,3.505051],[-53.76187999,3.52207596],[-53.78720803,3.53928497],[-53.79792601,3.54118698],[-53.81332403,3.54939599],[-53.81730898,3.56338103],[-53.81241599,3.56423398],[-53.816398,3.57030304],[-53.81996698,3.56963698],[-53.82271298,3.56382497],[-53.83108199,3.56804699],[-53.827535,3.58708498],[-53.8188,3.59413198],[-53.82099103,3.59989702],[-53.81127102,3.60988003],[-53.80895203,3.62124699],[-53.81528501,3.61920097],[-53.82404201,3.62700703],[-53.828401,3.62479996],[-53.84059296,3.63384902],[-53.85182902,3.63632],[-53.84314103,3.65044796],[-53.84284902,3.65702798],[-53.85066599,3.66295697],[-53.85970902,3.662615],[-53.86097801,3.669191],[-53.865628,3.66040196],[-53.87092801,3.65975898],[-53.86782096,3.66352901],[-53.86969902,3.66571601],[-53.875928,3.66287596],[-53.89526897,3.66406599],[-53.90429802,3.65933703],[-53.90206898,3.64524503],[-53.90455999,3.64367001],[-53.91019801,3.651485],[-53.914245,3.64927896],[-53.91612696,3.65240598],[-53.91738801,3.65678804],[-53.91302897,3.65899504],[-53.91409803,3.66277899],[-53.917729,3.66555998],[-53.91958598,3.66116701],[-53.92457998,3.66126096],[-53.93072999,3.666594],[-53.93442996,3.67802398],[-53.93182101,3.68337198],[-53.93495197,3.68712199],[-53.92718998,3.69748701],[-53.923504,3.71473104],[-53.93288098,3.72096601],[-53.93073697,3.73287903],[-53.92484503,3.74323801],[-53.93050803,3.75763198],[-53.930102,3.76846099],[-53.94307999,3.78610002],[-53.96090698,3.80045096],[-53.97119703,3.79947603],[-53.97654703,3.813242],[-53.983885,3.81556701],[-53.99146098,3.82335203],[-53.97562297,3.83881798],[-53.96408002,3.84496302],[-53.947416,3.835524],[-53.91217297,3.84844997],[-53.88500302,3.88336101],[-53.91187303,3.91013399],[-53.93911502,3.92955799],[-53.94965797,3.95755198],[-53.96448703,3.97439297],[-53.98804099,3.98203996],[-53.99758699,3.98067103],[-54.01494596,3.97137701],[-54.02764302,3.98068404],[-54.035922,3.99397803],[-54.04441297,4.01941496],[-54.04477998,4.02750996],[-54.03438398,4.06259201],[-54.04077497,4.07947404],[-54.04165903,4.09127799],[-54.03274897,4.10035102],[-54.012248,4.10696904],[-54.00629197,4.15601301],[-53.96931601,4.19612997],[-53.95238197,4.20547097],[-53.91873696,4.20603901],[-53.90081,4.19902696],[-53.86164197,4.16867203],[-53.85004402,4.15248702],[-53.83931796,4.14815696],[-53.82631099,4.148649],[-53.80251101,4.13397099],[-53.76281398,4.14070396],[-53.75656199,4.13641198],[-53.75829202,4.15649203],[-53.75508503,4.17773498],[-53.75916797,4.19858696],[-53.78238297,4.266592],[-53.78209098,4.28661798],[-53.78637999,4.28495501],[-53.79290602,4.26661697],[-53.80641499,4.25232598],[-53.81852203,4.25451602],[-53.82684798,4.24952902],[-53.83798201,4.25158201],[-53.85270697,4.24705996],[-53.886824,4.24545004],[-53.89420903,4.24108698],[-53.90032403,4.24242597],[-53.90763897,4.252884],[-53.92153599,4.25441901],[-53.92223401,4.26055202],[-53.937609,4.277004],[-53.95925203,4.28603696],[-53.98912499,4.28933299]]],[[[-53.34046702,4.32783998],[-53.34514798,4.33373396],[-53.34702003,4.34812698],[-53.35522502,4.36260203],[-53.37737401,4.32434797],[-53.391191,4.31002297],[-53.40867698,4.302645],[-53.41998001,4.30114404],[-53.45501596,4.30688997],[-53.45828504,4.30248604],[-53.46448597,4.30283204],[-53.47796197,4.29656296],[-53.50227103,4.30980804],[-53.51736398,4.29936298],[-53.525017,4.29750698],[-53.53780697,4.30393503],[-53.53995402,4.29258997],[-53.53734498,4.28250196],[-53.51789702,4.25614597],[-53.55104398,4.19944502],[-53.54738797,4.17433098],[-53.521446,4.14340197],[-53.51000498,4.108334],[-53.49426299,4.10658396],[-53.48063599,4.08700201],[-53.46018397,4.07980597],[-53.45366301,4.07383198],[-53.45077998,4.06548204],[-53.45064498,4.04018003],[-53.43763197,4.03292396],[-53.42194397,4.04052796],[-53.40907602,4.03802597],[-53.40231503,4.03028797],[-53.400678,4.01809597],[-53.38686399,4.00968601],[-53.38213997,3.99582604],[-53.37248202,3.98419597],[-53.33019502,3.96406799],[-53.32291301,3.937625],[-53.326661,3.92962399],[-53.33407903,3.92421601],[-53.33895997,3.90957399],[-53.32114003,3.896297],[-53.32109203,3.87543696],[-53.31239601,3.86285604],[-53.29264103,3.85929402],[-53.29773002,3.84800304],[-53.30477103,3.84700102],[-53.30406099,3.84429098],[-53.31046101,3.841365],[-53.31012101,3.83751405],[-53.29372,3.83594701],[-53.28793997,3.83234604],[-53.28898996,3.83033899],[-53.28375,3.83023499],[-53.28255898,3.82481399],[-53.268936,3.82869204],[-53.26659699,3.80691801],[-53.28481702,3.79196704],[-53.312843,3.78297803],[-53.329937,3.78717798],[-53.33119999,3.783093],[-53.33585103,3.78465099],[-53.34414303,3.77911401],[-53.35380097,3.77774798],[-53.382643,3.78489198],[-53.38545,3.78107096],[-53.396222,3.77894897],[-53.41351298,3.78616001],[-53.42488303,3.778869],[-53.45116298,3.781334],[-53.45573699,3.77782098],[-53.46697801,3.78004799],[-53.469358,3.77651996],[-53.46385402,3.77102703],[-53.44464599,3.76319902],[-53.44755702,3.76813696],[-53.43274603,3.76605702],[-53.42496596,3.76127699],[-53.41467601,3.76526704],[-53.40375501,3.76201597],[-53.40257498,3.76818302],[-53.394745,3.76760397],[-53.39332397,3.74951703],[-53.39713501,3.743744],[-53.38924398,3.74424596],[-53.38861399,3.74692903],[-53.38593402,3.74241403],[-53.38816398,3.74224698],[-53.38939397,3.73195798],[-53.38708399,3.73380499],[-53.38389401,3.73157298],[-53.38275399,3.72289098],[-53.37777397,3.72342404],[-53.37650296,3.71870503],[-53.371203,3.71831899],[-53.35639297,3.706032],[-53.353442,3.71264401],[-53.33976196,3.70911796],[-53.32170097,3.695476],[-53.32017103,3.69155802],[-53.32323103,3.686827],[-53.34028102,3.69218498],[-53.341182,3.68778004],[-53.34286202,3.68977697],[-53.34827202,3.68740096],[-53.35181203,3.69315496],[-53.35996301,3.685049],[-53.38184398,3.69543599],[-53.39285396,3.69504604],[-53.39456398,3.69304103],[-53.38967401,3.68160704],[-53.39579403,3.67602797],[-53.40209499,3.67841196],[-53.40465501,3.68380798],[-53.413895,3.68338299],[-53.419855,3.69201096],[-53.41964501,3.69673502],[-53.431063,3.69480602],[-53.41981299,3.67402103],[-53.41926502,3.64746299],[-53.41115003,3.64078602],[-53.39887397,3.636751],[-53.39741398,3.62503103],[-53.38703402,3.61740102],[-53.38818398,3.612188],[-53.30900803,3.58120698],[-53.268266,3.57712303],[-53.23088797,3.55367697],[-53.22558503,3.55250996],[-53.21680298,3.55904503],[-53.20618501,3.56031998],[-53.20093101,3.55737296],[-53.18643099,3.51907104],[-53.17220899,3.49773897],[-53.14467697,3.48635503],[-53.13268404,3.50213201],[-53.13089902,3.51861704],[-53.121809,3.528526],[-53.10906798,3.53588004],[-53.10289301,3.545783],[-53.1,3.55567896],[-53.10481402,3.588996],[-53.08990002,3.60258196],[-53.09247002,3.61063403],[-53.09977297,3.61574496],[-53.10852403,3.61682301],[-53.11689797,3.61204199],[-53.11871003,3.60764301],[-53.12891298,3.605788],[-53.136574,3.60833302],[-53.140598,3.61454999],[-53.13188497,3.62958701],[-53.13080902,3.63728],[-53.13970902,3.70061897],[-53.17516599,3.73898701],[-53.18324498,3.76240496],[-53.20294702,3.76784904],[-53.23366197,3.80292799],[-53.23185802,3.81062303],[-53.22238902,3.81467598],[-53.19978897,3.81656503],[-53.197262,3.82646001],[-53.16999,3.85582904],[-53.16016201,3.86244602],[-53.14485399,3.86504897],[-53.13794303,3.87202497],[-53.13469203,3.88411897],[-53.13836898,3.89619502],[-53.15771797,3.90493603],[-53.16870297,3.91787504],[-53.18448703,3.96809899],[-53.19998703,3.997175],[-53.19999599,4.01097804],[-53.20858201,4.02116199],[-53.20957003,4.03324598],[-53.22793699,4.04301799],[-53.23910103,4.059332],[-53.24350002,4.07489802],[-53.24119896,4.09938401],[-53.23536299,4.10733199],[-53.21497003,4.12171202],[-53.20977197,4.14174598],[-53.21530199,4.13500403],[-53.22607602,4.13220204],[-53.23855801,4.122145],[-53.24990799,4.12229103],[-53.27453802,4.11025697],[-53.27954004,4.09754299],[-53.276914,4.082709],[-53.28271003,4.06773701],[-53.29102402,4.05826198],[-53.29302203,4.04856498],[-53.30043798,4.04445801],[-53.30549796,4.036805],[-53.314426,4.033908],[-53.31811801,4.033419],[-53.33432201,4.04973796],[-53.35034801,4.05497999],[-53.36346099,4.06694796],[-53.37684402,4.06843202],[-53.38763297,4.07864902],[-53.42560503,4.09279903],[-53.44035602,4.09040002],[-53.43805197,4.10397904],[-53.45258904,4.15318497],[-53.453013,4.20827701],[-53.45708604,4.21596702],[-53.45626899,4.22507499],[-53.44395298,4.220192],[-53.44303698,4.212874],[-53.431129,4.21231296],[-53.419951,4.20726802],[-53.41545597,4.19756996],[-53.40641399,4.20091498],[-53.40144399,4.198605],[-53.397767,4.20189101],[-53.38862597,4.19584397],[-53.38306097,4.19999001],[-53.37231898,4.196131],[-53.36860803,4.20402],[-53.362786,4.20296199],[-53.32906598,4.17745196],[-53.31074102,4.18588002],[-53.29743601,4.19979698],[-53.28102297,4.21073203],[-53.27379798,4.225588],[-53.25790602,4.23316497],[-53.27966101,4.23893503],[-53.292891,4.25548799],[-53.316921,4.25125502],[-53.31922498,4.25462399],[-53.30763698,4.264788],[-53.31922399,4.27986996],[-53.31985901,4.28761804],[-53.306967,4.29640496],[-53.30639098,4.3083],[-53.31677,4.32791298],[-53.34046702,4.32783998]]],[[[-52.04307601,3.56455302],[-52.058269,3.56447502],[-52.07078597,3.541278],[-52.088792,3.529418],[-52.09259603,3.52043298],[-52.09272298,3.50711602],[-52.108272,3.49589302],[-52.11334001,3.47154597],[-52.13561702,3.44802497],[-52.15725301,3.40303396],[-52.16618999,3.393954],[-52.17825899,3.363953],[-52.21031202,3.32812697],[-52.21408402,3.30781396],[-52.21814296,3.30263304],[-52.221657,3.29997699],[-52.23040802,3.30351403],[-52.24268598,3.28442799],[-52.25733897,3.287555],[-52.27743804,3.28406204],[-52.28578197,3.27762496],[-52.29102296,3.26849003],[-52.31322903,3.26007599],[-52.32182803,3.24501896],[-52.32945504,3.24720802],[-52.35305102,3.24366096],[-52.36266497,3.24836599],[-52.38209602,3.24724198],[-52.43799097,3.26445801],[-52.450853,3.22420202],[-52.46412201,3.22011402],[-52.46772504,3.21297098],[-52.46773903,3.20223297],[-52.47992002,3.19576297],[-52.484653,3.18923698],[-52.49350601,3.18898196],[-52.50262903,3.19723598],[-52.51333199,3.19656301],[-52.52136999,3.20182202],[-52.52936897,3.20184297],[-52.53604897,3.19645597],[-52.54648404,3.17553501],[-52.56096199,3.17607798],[-52.56914397,3.16992299],[-52.58062702,3.17597896],[-52.58888397,3.17570403],[-52.59655797,3.16904],[-52.60142098,3.15727396],[-52.60908501,3.16195802],[-52.63319803,3.16268401],[-52.64683299,3.14879999],[-52.64903103,3.14146298],[-52.64626399,3.13421503],[-52.65271597,3.12881901],[-52.69704999,3.126642],[-52.70310303,3.12162297],[-52.70826498,3.106111],[-52.73975201,3.09887203],[-52.74411302,3.09493497],[-52.74453697,3.08714299],[-52.73870001,3.08195301],[-52.71087596,3.08603599],[-52.70449696,3.08176202],[-52.69720699,3.08195698],[-52.68501496,3.09645996],[-52.68540902,3.10785298],[-52.65809003,3.10950698],[-52.65090697,3.10284101],[-52.641414,3.10496198],[-52.63682897,3.11705102],[-52.629959,3.11939101],[-52.62486498,3.12549303],[-52.62452798,3.13277102],[-52.62889103,3.14045197],[-52.62457603,3.14624902],[-52.61563798,3.14385799],[-52.61611399,3.13050597],[-52.61085102,3.12268],[-52.60285497,3.12031703],[-52.58712497,3.12224998],[-52.57938603,3.12878297],[-52.57765003,3.148466],[-52.554307,3.14772997],[-52.54806902,3.15429304],[-52.53263897,3.158781],[-52.52226602,3.178888],[-52.51366899,3.17621504],[-52.50508498,3.164681],[-52.490489,3.16754105],[-52.49704598,3.13703098],[-52.49685704,3.12109398],[-52.48391499,3.10320304],[-52.48078098,3.091566],[-52.48034303,3.04458096],[-52.47669103,3.03247096],[-52.46126299,3.01016699],[-52.44948302,3.00295797],[-52.416517,2.99587496],[-52.39573396,2.97300298],[-52.41122697,2.95586396],[-52.414985,2.93157297],[-52.41176502,2.91993296],[-52.431272,2.91047702],[-52.43869298,2.90349703],[-52.48988296,2.805384],[-52.49836296,2.78630203],[-52.49740298,2.77319302],[-52.50160903,2.75328897],[-52.51659697,2.73266596],[-52.52738598,2.70685598],[-52.53715901,2.69310803],[-52.540006,2.68085197],[-52.54390003,2.67538197],[-52.56236003,2.66825696],[-52.56979899,2.65858502],[-52.57476201,2.64015399],[-52.567444,2.62275504],[-52.56816196,2.60556596],[-52.56188797,2.59627002],[-52.54895902,2.588932],[-52.55079401,2.58438597],[-52.56551498,2.57587304],[-52.57635202,2.55812599],[-52.57788099,2.54537699],[-52.57226701,2.52983302],[-52.59185398,2.51115198],[-52.594934,2.497566],[-52.62210603,2.49178098],[-52.63315799,2.48381903],[-52.63913896,2.46328799],[-52.64849598,2.45737604],[-52.66102102,2.440258],[-52.66358901,2.42504803],[-52.67501801,2.40751101],[-52.67572503,2.39129803],[-52.68425301,2.38986297],[-52.72718501,2.42880997],[-52.73328803,2.43557104],[-52.74331396,2.46244602],[-52.74955703,2.467051],[-52.75641899,2.46869497],[-52.76903203,2.46553497],[-52.78954101,2.44549198],[-52.79825503,2.45167496],[-52.813925,2.45399498],[-52.84016102,2.44309997],[-52.84784198,2.43529602],[-52.84455402,2.42348502],[-52.84645799,2.397255],[-52.84949097,2.37967797],[-52.85688002,2.36455001],[-52.86381202,2.36385304],[-52.87694498,2.36979697],[-52.88372597,2.37532397],[-52.89221302,2.389791],[-52.90534703,2.39615998],[-52.92523903,2.39144801],[-52.93454503,2.38611201],[-52.95147603,2.36166698],[-52.96593702,2.34951302],[-52.96883601,2.34407897],[-52.965079,2.32988202],[-52.96714203,2.32027198],[-52.98703203,2.289752],[-53.00030599,2.27970802],[-53.03184796,2.26796804],[-53.05261199,2.26960997],[-53.05931696,2.27345002],[-53.069473,2.271082],[-53.072891,2.26150101],[-53.06015903,2.23210601],[-53.07221803,2.21696804],[-53.08100199,2.22414997],[-53.09025201,2.22228304],[-53.10120701,2.22693996],[-53.12638099,2.22408498],[-53.13405297,2.226929],[-53.145213,2.22053499],[-53.156938,2.22211201],[-53.16235097,2.218433],[-53.17267303,2.21863996],[-53.18239704,2.21321198],[-53.20786699,2.212618],[-53.21633202,2.20415101],[-53.22517797,2.20373001],[-53.23621297,2.21257501],[-53.24620203,2.21285701],[-53.24968701,2.20952396],[-53.250501,2.20335803],[-53.25775802,2.200566],[-53.26675498,2.18827401],[-53.27741101,2.18513002],[-53.281051,2.18900399],[-53.27992996,2.185763],[-53.277409,2.18413799],[-53.26884802,2.18406497],[-53.25635699,2.199419],[-53.249165,2.20238998],[-53.24648398,2.21113098],[-53.23680803,2.21145597],[-53.227023,2.202311],[-53.21680598,2.20210298],[-53.20527099,2.211503],[-53.182395,2.21131403],[-53.17640498,2.21556804],[-53.16241402,2.21648196],[-53.15531199,2.22029098],[-53.145759,2.21851696],[-53.13421802,2.22456596],[-53.12533003,2.22167497],[-53.10134602,2.22483697],[-53.09134502,2.22015996],[-53.07757298,2.21973196],[-53.06467098,2.20545001],[-53.05910102,2.19316897],[-53.04754198,2.18648201],[-53.03021503,2.18471801],[-53.00407203,2.17554403],[-52.99963697,2.17742897],[-52.98865001,2.16875103],[-52.96203398,2.17419001],[-52.95525997,2.17302401],[-52.94335497,2.17750302],[-52.93869297,2.18408703],[-52.939866,2.18831403],[-52.93413701,2.19396896],[-52.93122801,2.19114497],[-52.91674897,2.191868],[-52.90561803,2.18705901],[-52.89340098,2.21373899],[-52.88739203,2.21777999],[-52.88875302,2.2366],[-52.87606703,2.23820803],[-52.88096501,2.24355601],[-52.87384399,2.24894303],[-52.87118397,2.258581],[-52.85670997,2.26174199],[-52.85159296,2.26756899],[-52.85048198,2.26981104],[-52.85627903,2.27383702],[-52.85495298,2.28235396],[-52.83959096,2.28042003],[-52.83735501,2.28215202],[-52.83959498,2.29200896],[-52.80050999,2.30012499],[-52.78943699,2.306335],[-52.78782704,2.31179304],[-52.78248197,2.31269702],[-52.78026297,2.31964598],[-52.77402099,2.31651701],[-52.77113302,2.32234602],[-52.76667699,2.32190401],[-52.76311798,2.32683801],[-52.72033204,2.34414299],[-52.72014998,2.349972],[-52.71147302,2.35917101],[-52.68519699,2.36973504],[-52.673611,2.36907703],[-52.661141,2.374471],[-52.65626201,2.39307603],[-52.65961101,2.39889903],[-52.645376,2.41886103],[-52.64672603,2.43006396],[-52.63359796,2.44442199],[-52.63047403,2.44039197],[-52.61822298,2.44376801],[-52.61086197,2.45039698],[-52.62381604,2.462362],[-52.62137304,2.46931198],[-52.61491602,2.47312897],[-52.59508497,2.47292903],[-52.58552598,2.49154104],[-52.55213503,2.51892204],[-52.54969601,2.52923399],[-52.55660902,2.53326001],[-52.56175303,2.54894098],[-52.55241103,2.563071],[-52.54148603,2.558378],[-52.54105101,2.56756701],[-52.53059699,2.58349103],[-52.53462701,2.59939804],[-52.54377298,2.60745401],[-52.55023703,2.60856696],[-52.54490904,2.62493303],[-52.55696,2.63903698],[-52.54605797,2.65272104],[-52.53446503,2.64892596],[-52.531347,2.65072297],[-52.52075103,2.68355904],[-52.51051702,2.69522202],[-52.50007999,2.722567],[-52.49095702,2.73198796],[-52.48206701,2.75014597],[-52.48282399,2.75913797],[-52.47672603,2.76857504],[-52.47965403,2.78084204],[-52.47365701,2.79586001],[-52.42585798,2.88239901],[-52.42497497,2.88867404],[-52.41272301,2.89249802],[-52.40760603,2.89877702],[-52.39200601,2.89790101],[-52.37776697,2.91629004],[-52.37799298,2.91920202],[-52.38935801,2.91941204],[-52.39583198,2.92836596],[-52.39094501,2.94114297],[-52.39317898,2.94539696],[-52.38338298,2.95325096],[-52.37083697,2.978613],[-52.37184098,2.99090502],[-52.36472101,2.99965104],[-52.36229297,3.018923],[-52.35444601,3.02323998],[-52.35028,3.036413],[-52.34182303,3.04605798],[-52.32759502,3.07565002],[-52.32715402,3.07923604],[-52.33362797,3.08751796],[-52.34589801,3.09691199],[-52.34702399,3.10587296],[-52.33968798,3.12156496],[-52.35127999,3.12289497],[-52.354411,3.13095599],[-52.34929099,3.13566799],[-52.34015103,3.135008],[-52.33436096,3.13927203],[-52.34060401,3.14015996],[-52.34192899,3.14418597],[-52.33482599,3.15383496],[-52.33373297,3.17086403],[-52.31167401,3.17738998],[-52.30297401,3.17224698],[-52.29718401,3.17651203],[-52.30104697,3.20096601],[-52.29255103,3.21527903],[-52.29078401,3.228052],[-52.26594201,3.24320197],[-52.262725,3.251389],[-52.25670898,3.25318896],[-52.25246998,3.25095403],[-52.24822197,3.24065296],[-52.24108001,3.23393998],[-52.23083502,3.24179396],[-52.22683901,3.25546596],[-52.21348697,3.27497596],[-52.20079902,3.291572],[-52.19010601,3.29853097],[-52.19279303,3.30771401],[-52.18857402,3.32205903],[-52.17543198,3.33238098],[-52.17098802,3.34493402],[-52.16341503,3.35076903],[-52.11224199,3.44516096],[-52.08862802,3.464682],[-52.08218901,3.48844096],[-52.070388,3.50436304],[-52.07017897,3.51668702],[-52.061038,3.51826602],[-52.03967301,3.556831],[-52.03786898,3.56092601],[-52.04307601,3.56455302]]]]}},{"type":"Feature","properties":{"name":"Parc national de la Guadeloupe"},"geometry":{"type":"MultiPolygon","coordinates":[[[[-61.5890470536,16.2353759024],[-61.5876007951,16.2521770553],[-61.6011304375,16.2552420249],[-61.5962265819,16.2603725174],[-61.5960028261,16.2661093574],[-61.6011661896,16.2689368686],[-61.5972842818,16.2746329858],[-61.5976714945,16.2817519756],[-61.6077855514,16.2682223224],[-61.6152088792,16.2697396758],[-61.6120043229,16.2792356154],[-61.6242101333,16.2756380168],[-61.625432965,16.2736646234],[-61.6264732767,16.2727513115],[-61.6274448308,16.2727042724],[-61.6277611385,16.273242257],[-61.6265748564,16.2729417914],[-61.6250890426,16.2744161485],[-61.6245341308,16.2756227516],[-61.6288741317,16.2898007842],[-61.631472798,16.284857861],[-61.6371597529,16.2906463671],[-61.6422868062,16.2894416658],[-61.6488107719,16.2937674224],[-61.6339761606,16.296343806],[-61.6387601025,16.2989116591],[-61.6352687344,16.3007522156],[-61.6373458773,16.3032841747],[-61.6402646272,16.2985100178],[-61.648507536,16.2979741795],[-61.6468047626,16.3019086619],[-61.6386206591,16.3043415794],[-61.639467393,16.3067289633],[-61.646237608,16.3037458792],[-61.6479440673,16.3063086228],[-61.6422354674,16.3072149352],[-61.6451936367,16.312637013],[-61.6476414988,16.3088020265],[-61.6488465108,16.3122140275],[-61.6414126968,16.3162181489],[-61.6526017071,16.3208809489],[-61.6499826883,16.3178820072],[-61.6548665073,16.3163652789],[-61.6523256033,16.3163889264],[-61.6540464612,16.3153248672],[-61.6507185781,16.3148149524],[-61.6508165885,16.3132379516],[-61.6547065469,16.3142608148],[-61.6563397565,16.3187536185],[-61.6626894615,16.3150837545],[-61.6610155761,16.3185527212],[-61.6648913489,16.3158426339],[-61.6848233254,16.3219542575],[-61.6867753963,16.3287292564],[-61.6941514444,16.3346601046],[-61.7029710642,16.3328343299],[-61.7034411615,16.3364083763],[-61.7140054844,16.3373044866],[-61.7175260854,16.3427496402],[-61.7159775567,16.3449963233],[-61.7217043805,16.3472556084],[-61.7207161312,16.3510147063],[-61.7280994683,16.3536925063],[-61.7292286413,16.3577578316],[-61.7343263737,16.3566213765],[-61.7439553657,16.3619461529],[-61.7494151544,16.354439082],[-61.7596871403,16.3557798112],[-61.7761578282,16.3499168042],[-61.7777537846,16.3427125595],[-61.7892091187,16.3326122315],[-61.7883907863,16.3224627954],[-61.8015862917,16.315105769],[-61.8025249106,16.3123670296],[-61.7947765439,16.306182215],[-61.8023801748,16.3009063057],[-61.8028291039,16.2782963407],[-61.8097987259,16.2725654644],[-61.8058647757,16.2682446497],[-61.8063394547,16.2581277691],[-61.801822187,16.2429527997],[-61.7875443913,16.2289478272],[-61.7825900321,16.2144352753],[-61.7878787154,16.1952324652],[-61.7825282449,16.1880723063],[-61.7829533531,16.1737992932],[-61.7760153297,16.1712296229],[-61.7751688374,16.14876132],[-61.7800587487,16.139615244],[-61.774982038,16.1388422647],[-61.7698346778,16.1304357247],[-61.7744845719,16.1263707401],[-61.7728379246,16.1058510016],[-61.7750163019,16.1041895629],[-61.7720963255,16.1014702709],[-61.7734451093,16.0963495366],[-61.7705608159,16.0956008411],[-61.7730948466,16.0912714668],[-61.7662923352,16.0899434218],[-61.7697832466,16.0865957689],[-61.767461092,16.0837036163],[-61.7702502446,16.0606622632],[-61.7650495125,16.0492554798],[-61.7504937392,16.0343722908],[-61.7443114977,16.0071337858],[-61.7262797957,15.9883612864],[-61.7151636775,15.9825855369],[-61.7173460782,15.9817516564],[-61.7111102704,15.9742838475],[-61.7084063686,15.9646588312],[-61.7100005133,15.9548390332],[-61.7076053287,15.9482464652],[-61.6968225182,15.946394623],[-61.6802142788,15.9504105488],[-61.668576125,15.9624006422],[-61.662648604,15.964456283],[-61.6587133507,15.960682704],[-61.6486077577,15.9698476187],[-61.6344485041,15.9662803313],[-61.6299773168,15.9672090708],[-61.6270888678,15.9720966138],[-61.6192070947,15.9716991191],[-61.6208347626,15.9767266594],[-61.6144879422,15.9820256316],[-61.6138241209,15.9898203865],[-61.5694758265,16.0253320966],[-61.564494873,16.034076502],[-61.5646059808,16.0417938562],[-61.5553456565,16.0535098664],[-61.560789736,16.0636888773],[-61.5604695179,16.1015447264],[-61.5705098504,16.1151572576],[-61.5693854402,16.1221431947],[-61.5604265159,16.1305466433],[-61.5629087865,16.1345063479],[-61.5772196898,16.1383771286],[-61.5751748391,16.1394119296],[-61.576951963,16.1477030155],[-61.5855034611,16.1713810217],[-61.5800944589,16.1750408452],[-61.5852994959,16.179016962],[-61.59062468,16.1920639167],[-61.5830944163,16.2046803323],[-61.5878340934,16.209670974],[-61.6005069857,16.2100106725],[-61.5941520137,16.2106568887],[-61.5986190268,16.213623776],[-61.5935840859,16.2128759136],[-61.5936210826,16.2160649],[-61.5889473214,16.2183290477],[-61.5836948069,16.2344943246],[-61.5890470536,16.2353759024]],[[-61.7255137036,16.1338411486],[-61.7349410572,16.1391767067],[-61.7423054005,16.1387835344],[-61.7494884821,16.1445876229],[-61.7497900529,16.1522752152],[-61.7434998011,16.1491340512],[-61.7419231846,16.155122424],[-61.7490034185,16.1618791314],[-61.7435188128,16.1626215483],[-61.7401744692,16.1742465858],[-61.7444258651,16.1760776723],[-61.7450904103,16.182527202],[-61.7491771313,16.1789941108],[-61.7563534405,16.1826342878],[-61.7623077741,16.1804735701],[-61.7628333559,16.186729882],[-61.7665648209,16.1890530973],[-61.7647406039,16.1910598444],[-61.7571760017,16.1865500498],[-61.7576708992,16.1967216511],[-61.7558432266,16.1980852461],[-61.7529775925,16.1934428927],[-61.7416290593,16.1979195077],[-61.7380467105,16.2085920142],[-61.7399393187,16.2117307056],[-61.7336219385,16.2120854029],[-61.7296357846,16.2113154506],[-61.7325556744,16.2011528975],[-61.706295291,16.2073889153],[-61.6978509047,16.2037803134],[-61.6994161296,16.1976049207],[-61.6883265779,16.1894906713],[-61.668862236,16.1907515418],[-61.66446146,16.1839247398],[-61.66947905,16.1774261616],[-61.6679590989,16.1742129952],[-61.6730878233,16.1582709028],[-61.6819885371,16.1562518613],[-61.6823733876,16.1485327201],[-61.6754772135,16.144315336],[-61.6652416067,16.1567323242],[-61.660031238,16.1558774847],[-61.6578797753,16.1689900168],[-61.6561640249,16.1612374165],[-61.6656903605,16.14079391],[-61.6564146803,16.1384074418],[-61.6553584432,16.1410531288],[-61.6453894463,16.1363276465],[-61.6404282363,16.1298667501],[-61.6454589719,16.1156099847],[-61.6418193509,16.1125052974],[-61.6344227599,16.1150794589],[-61.6310087406,16.1059867035],[-61.6166433331,16.109361627],[-61.6159238778,16.0989678215],[-61.612584826,16.0958083358],[-61.6259790429,16.085206121],[-61.6219898259,16.0524741564],[-61.6311724545,16.0534825613],[-61.6245468592,16.0315763067],[-61.6272326354,16.0290808714],[-61.6219149217,16.0246646117],[-61.6262009227,16.0195234919],[-61.6230347424,16.016320789],[-61.6247110984,16.0113845914],[-61.6311533352,16.0096420685],[-61.6360060801,16.002381038],[-61.6393761613,16.0009974304],[-61.647025778,16.0070558595],[-61.6476734675,16.023252193],[-61.6573767413,16.0236418691],[-61.6562089107,16.0253293414],[-61.6608905806,16.0255813926],[-61.6762141594,16.010479405],[-61.6831346124,16.0089691639],[-61.6893909085,16.0115598752],[-61.6939608435,16.0053421848],[-61.709570167,15.9972088207],[-61.7240040606,16.0036020717],[-61.7296798193,16.0094031821],[-61.7306336883,16.0116621227],[-61.7154615455,16.0215105871],[-61.7138965191,16.0374938372],[-61.710798538,16.038464037],[-61.707916189,16.0473016222],[-61.7020684083,16.0475211674],[-61.6930036487,16.0620358259],[-61.6949143294,16.0599172208],[-61.6997001528,16.0681020762],[-61.7126816854,16.063996788],[-61.7147285803,16.0733923048],[-61.7259372147,16.0654734096],[-61.7319479033,16.072505885],[-61.7294716469,16.0745092552],[-61.7333193885,16.0777210013],[-61.7324628893,16.0831600407],[-61.7229108452,16.1048489351],[-61.7166953306,16.1067864442],[-61.7111990599,16.116987674],[-61.7166762364,16.1268994675],[-61.7165871775,16.1330124553],[-61.7255137036,16.1338411486]]],[[[-61.4293686019,16.3423591545],[-61.4235130453,16.3455317609],[-61.4244373714,16.3543346147],[-61.4175474101,16.3564148718],[-61.4198620199,16.3634216348],[-61.4163141595,16.3644830204],[-61.4212337281,16.371515674],[-61.4127333114,16.3743698869],[-61.4178301274,16.3896069547],[-61.4053073937,16.3933277841],[-61.4059551818,16.4057587607],[-61.4004796273,16.4119834629],[-61.4029042926,16.4164960579],[-61.3983188852,16.4188198084],[-61.3985662726,16.4304560129],[-61.4031312079,16.4456794084],[-61.4076094651,16.4473835216],[-61.4113562984,16.4694588224],[-61.4181807051,16.4713513449],[-61.4200139422,16.4763916251],[-61.4219909142,16.4746813541],[-61.4284606822,16.478661178],[-61.4286043972,16.4825581644],[-61.4331172319,16.4833592599],[-61.439109131,16.4906979401],[-61.4417866836,16.4865364052],[-61.4436942588,16.5004118253],[-61.4521887065,16.4974456218],[-61.4541088746,16.5007602167],[-61.4624703355,16.5000293173],[-61.4617718032,16.5053263236],[-61.4667337624,16.5065222647],[-61.4646971076,16.514487193],[-61.4666411083,16.5106696809],[-61.4734539201,16.5107267989],[-61.4859898803,16.4913697011],[-61.5040294668,16.4841060164],[-61.5074381275,16.473576468],[-61.5172937104,16.4710590779],[-61.5226771685,16.4623090892],[-61.5289821588,16.4610719414],[-61.535276887,16.4550798831],[-61.5413332648,16.4389439978],[-61.5371258656,16.4362974213],[-61.5331456678,16.4242298151],[-61.53299393,16.4098762194],[-61.5314856715,16.4124748224],[-61.5257839301,16.3949924347],[-61.5084845259,16.3850710716],[-61.5068053809,16.3889516038],[-61.5112619062,16.390846906],[-61.5084740786,16.3949219257],[-61.5027229287,16.3850150431],[-61.5065472936,16.39458685],[-61.4964780229,16.3874451731],[-61.4944278825,16.3780752219],[-61.4871767659,16.3734153402],[-61.4864316684,16.3699982365],[-61.4912297203,16.3689322309],[-61.4818796213,16.364004421],[-61.485332551,16.3584742929],[-61.4816605805,16.3568753966],[-61.481290999,16.3515370405],[-61.4863184244,16.3532203114],[-61.4880074536,16.3501611442],[-61.4764962828,16.343872525],[-61.4968501313,16.3500879602],[-61.5064238938,16.3448388913],[-61.5065927559,16.3370377762],[-61.5099168668,16.342634685],[-61.5190096687,16.3412576434],[-61.5218457783,16.3445276072],[-61.520792697,16.342344598],[-61.5298865828,16.3395874171],[-61.5247636859,16.3404495229],[-61.524440646,16.3377604838],[-61.5269045603,16.3380334203],[-61.523703463,16.3353914836],[-61.5221826648,16.3375375744],[-61.5200135141,16.3308136022],[-61.5282504082,16.3287624558],[-61.5307692047,16.3245242491],[-61.5219050971,16.3112065432],[-61.5249685764,16.3085479341],[-61.5197992236,16.3019435189],[-61.5244149384,16.3018921296],[-61.5242334848,16.2985580171],[-61.5181863901,16.2957234762],[-61.5377984061,16.2906811653],[-61.5329613434,16.2879812814],[-61.5411262511,16.2863160771],[-61.5408580374,16.2746030246],[-61.5488134718,16.2721354712],[-61.522902566,16.2770103996],[-61.5155808075,16.2722721291],[-61.5090591747,16.2754517783],[-61.5067543239,16.2814099529],[-61.5027496044,16.281437668],[-61.495671138,16.2692733829],[-61.5066551576,16.2603032148],[-61.5026392286,16.254636923],[-61.5119300271,16.2486719119],[-61.5168780337,16.2535704726],[-61.5267822834,16.248096186],[-61.5219565864,16.2394251621],[-61.5254602819,16.2233870962],[-61.5192360956,16.225271098],[-61.512538625,16.2366866973],[-61.5085429057,16.2384544017],[-61.5035448026,16.2355740994],[-61.5005282986,16.2405723284],[-61.4921286819,16.2412736536],[-61.4860728969,16.2469313822],[-61.4625731282,16.2538159479],[-61.453775512,16.2578350393],[-61.452037297,16.2616469675],[-61.4449577295,16.2614044115],[-61.4453102125,16.2792612061],[-61.4404978569,16.2784576141],[-61.4367941489,16.2819268211],[-61.4420809911,16.2912571077],[-61.4354408049,16.2967208147],[-61.4297617586,16.3098668134],[-61.4218258331,16.3025390091],[-61.4004339041,16.3091388524],[-61.4057820453,16.3258871763],[-61.4036544248,16.3299721977],[-61.4074127852,16.3320782473],[-61.4195614342,16.3289830906],[-61.4293686019,16.3423591545]]],[[[-61.5076569778,16.3900569385],[-61.5077488455,16.3905029574],[-61.5075668507,16.3907609889],[-61.5077429117,16.3909678897],[-61.507925883,16.3907539589],[-61.5076569778,16.3900569385]]],[[[-61.4876866692,16.3631024344],[-61.4913926213,16.3659462264],[-61.4929384984,16.3604462024],[-61.4889215484,16.3601412954],[-61.4876866692,16.3631024344]],[[-61.4908535851,16.3651962034],[-61.4893684841,16.3607102204],[-61.4921325286,16.3607752038],[-61.4908535851,16.3651962034]]],[[[-61.5755848936,16.2604137005],[-61.5740451509,16.2656910105],[-61.5708770829,16.2648741237],[-61.570804107,16.2607661537],[-61.5570112183,16.2601149294],[-61.5529669416,16.2552261082],[-61.5502965572,16.2577517903],[-61.5544346853,16.2637598074],[-61.5512218737,16.2723857855],[-61.5633347504,16.2718666183],[-61.5653398102,16.2743275578],[-61.5610868988,16.2822356427],[-61.5642880245,16.2857466025],[-61.5695339085,16.2836434477],[-61.5683838656,16.2805894842],[-61.5792678163,16.282295266],[-61.5836994677,16.2741952716],[-61.5833609822,16.2675480045],[-61.5774022517,16.2666072514],[-61.5766701535,16.2632115794],[-61.5778806737,16.2612055004],[-61.5831250665,16.260154252],[-61.5860191707,16.2575191731],[-61.5755848936,16.2604137005]]],[[[-61.5548473463,16.2520911922],[-61.5699250799,16.2529360704],[-61.5672429968,16.2518995953],[-61.5709865826,16.248501145],[-61.5676851208,16.2473948141],[-61.5708079904,16.2457252637],[-61.5673258856,16.24312994],[-61.5609518717,16.2474720013],[-61.5548685472,16.2474588015],[-61.5548473463,16.2520911922]]],[[[-61.5789489599,16.2409947118],[-61.5709554754,16.2532218704],[-61.5788023296,16.250891858],[-61.5766509732,16.2499861974],[-61.5783426353,16.2477012354],[-61.58000601,16.248147379],[-61.5801645333,16.2473753206],[-61.5816051231,16.2472714738],[-61.5848526454,16.2441550627],[-61.5744913107,16.2497968352],[-61.5789489599,16.2409947118]]],[[[-61.5784439246,16.2390053026],[-61.5809921645,16.2386290325],[-61.5810329591,16.2380822661],[-61.5784439246,16.2390053026]]],[[[-61.5778815517,16.2404230757],[-61.5796102951,16.2403731286],[-61.5779346905,16.2400276545],[-61.5778815517,16.2404230757]]],[[[-61.5508270203,16.2421917324],[-61.5553789738,16.2382412979],[-61.5508524743,16.2379049979],[-61.548584963,16.2424266641],[-61.5532679334,16.2497635782],[-61.5496625481,16.2533400754],[-61.5521154398,16.2541334521],[-61.5547689846,16.2453006151],[-61.5508270203,16.2421917324]]]]}},{"type":"Feature","properties":{"name":"Parc national de Port-Cros"},"geometry":{"type":"MultiPolygon","coordinates":[[[[6.20346648,43.00328472],[6.19890457,43.00066717],[6.19331274,43.00623029],[6.19174442,43.00302859],[6.20085322,42.99941119],[6.20225753,42.99478806],[6.20245055,42.99651224],[6.20778199,42.99847858],[6.20507088,43.00004842],[6.20785141,43.00020957],[6.20650812,43.00289073],[6.20104865,43.00420461],[6.19857643,43.00402975],[6.20346648,43.00328472]],[[6.20171634,42.9976075],[6.20183975,42.99805317],[6.20170373,42.99753026],[6.20171634,42.9976075]]],[[[6.64015765,43.17234339],[6.64011552,43.17236407],[6.64017904,43.1723291],[6.64015765,43.17234339]]],[[[6.66945752,43.20631504],[6.66249411,43.20376092],[6.6653915,43.19910836],[6.65099969,43.19897683],[6.64559278,43.19303351],[6.63384697,43.19054193],[6.61009317,43.19371208],[6.59901596,43.21786558],[6.58212906,43.21606879],[6.57415208,43.21135425],[6.56951775,43.21599461],[6.56223046,43.21253084],[6.55823033,43.21519501],[6.55596969,43.21229213],[6.55380362,43.2168214],[6.5344761,43.208433],[6.54745989,43.20090119],[6.55238726,43.18741597],[6.56225989,43.18920163],[6.59257525,43.18576041],[6.60107032,43.18282082],[6.60457155,43.17552793],[6.60274026,43.17411908],[6.60690096,43.17348851],[6.60808209,43.17288914],[6.60990046,43.16582607],[6.61373582,43.16622721],[6.61744957,43.16323963],[6.61797923,43.16215547],[6.6176609,43.15979709],[6.620975,43.15956806],[6.62115661,43.15796631],[6.62214698,43.16459519],[6.62393532,43.16593647],[6.62681703,43.16662438],[6.62762716,43.16882927],[6.63059235,43.1709508],[6.63222369,43.170814],[6.63344795,43.17247551],[6.63950824,43.17235692],[6.64161724,43.17127018],[6.64345423,43.16837306],[6.64680571,43.16758784],[6.64638148,43.16949857],[6.64710346,43.16971061],[6.6448135,43.17001351],[6.64410285,43.17161835],[6.64024754,43.17230541],[6.64018061,43.17232808],[6.63996071,43.17244891],[6.63938538,43.17308745],[6.64160769,43.17547968],[6.64005532,43.18055718],[6.64073503,43.18197043],[6.64338493,43.18303529],[6.64286354,43.18725347],[6.6598534,43.19644043],[6.66409775,43.19465257],[6.66926156,43.19519205],[6.67028783,43.19653027],[6.67307253,43.19701626],[6.6742561,43.1968931],[6.67578195,43.19536074],[6.67744684,43.1982152],[6.68114573,43.19974408],[6.66945752,43.20631504]]],[[[6.64135651,43.17475053],[6.64186601,43.17510694],[6.64122487,43.17496457],[6.64135651,43.17475053]]],[[[6.66148438,43.19536033],[6.66169461,43.19565867],[6.66133115,43.1954885],[6.66148438,43.19536033]]],[[[6.67031737,43.19605741],[6.6705583,43.19645979],[6.67026864,43.19644816],[6.67031737,43.19605741]]],[[[6.68857708,43.19900303],[6.6885317,43.19929067],[6.68843624,43.1990426],[6.68857708,43.19900303]]],[[[6.67815454,43.19673428],[6.67822122,43.1969893],[6.67794284,43.19695479],[6.67815454,43.19673428]]],[[[6.64762485,43.1688164],[6.64730008,43.16882346],[6.64760582,43.16878272],[6.64762485,43.1688164]]],[[[6.64682773,43.16898843],[6.64698944,43.16909842],[6.64681268,43.1691207],[6.64682773,43.16898843]]],[[[6.68017835,43.19899767],[6.68015037,43.19917295],[6.67987048,43.1990235],[6.68017835,43.19899767]]],[[[6.6478158,43.18768936],[6.64765239,43.18779034],[6.64747199,43.18760374],[6.6478158,43.18768936]]],[[[6.65130331,43.19099255],[6.65153445,43.19107055],[6.65129978,43.19102017],[6.65130331,43.19099255]]],[[[6.67747856,43.19701289],[6.67759744,43.19713028],[6.67741542,43.19723252],[6.67747856,43.19701289]]],[[[6.67824522,43.19636032],[6.67791475,43.19643391],[6.67787746,43.19641578],[6.67824522,43.19636032]]],[[[6.68443093,43.19926271],[6.68446203,43.19940211],[6.68423648,43.19937539],[6.68443093,43.19926271]]],[[[6.67930835,43.19864787],[6.67902818,43.19873478],[6.67898673,43.1987131],[6.67930835,43.19864787]]],[[[6.6504787,43.18813591],[6.65060594,43.18820046],[6.65048709,43.18824909],[6.6504787,43.18813591]]],[[[6.68100198,43.19931906],[6.68083523,43.19948814],[6.68079109,43.19946901],[6.68100198,43.19931906]]],[[[6.6713339,43.19613536],[6.67124087,43.19623321],[6.67121944,43.1961531],[6.6713339,43.19613536]]],[[[6.64925501,43.16941208],[6.64927103,43.16953495],[6.64921658,43.16950942],[6.64925501,43.16941208]]],[[[6.64088659,43.181525],[6.6408717,43.18158538],[6.64069793,43.18155127],[6.64088659,43.181525]]],[[[6.68304732,43.19898155],[6.68294943,43.19906259],[6.68292524,43.19900617],[6.68304732,43.19898155]]],[[[6.67299585,43.19644922],[6.67290137,43.19653133],[6.6729283,43.19643226],[6.67299585,43.19644922]]],[[[6.64544973,43.17037851],[6.64541833,43.17045498],[6.64536713,43.17039663],[6.64544973,43.17037851]]],[[[6.67406331,43.19662955],[6.67413767,43.19670262],[6.67402944,43.19671346],[6.67406331,43.19662955]]],[[[6.67771573,43.19805025],[6.67778082,43.19810382],[6.67764394,43.19810132],[6.67771573,43.19805025]]],[[[6.68262683,43.19954865],[6.68261319,43.19963275],[6.68256119,43.19954899],[6.68262683,43.19954865]]],[[[6.68317904,43.19897139],[6.683243,43.19902864],[6.6831394,43.19902498],[6.68317904,43.19897139]]],[[[6.6832326,43.19925141],[6.68326483,43.19932661],[6.68319795,43.19928496],[6.6832326,43.19925141]]],[[[6.66610368,43.19467641],[6.666066,43.19474391],[6.66601563,43.19471379],[6.66610368,43.19467641]]],[[[6.64742615,43.1663109],[6.64689626,43.16704807],[6.64646908,43.16673578],[6.64742615,43.1663109]]],[[[6.64178263,43.17035125],[6.64147242,43.17073951],[6.64142397,43.17070548],[6.64178263,43.17035125]]],[[[6.64110605,43.17109235],[6.64065769,43.17157026],[6.6408077,43.17123839],[6.64110605,43.17109235]]],[[[6.60329454,43.17687019],[6.60296817,43.17701282],[6.60335175,43.17674412],[6.60329454,43.17687019]]],[[[6.63031591,43.17036943],[6.63038243,43.17056617],[6.63017114,43.17055168],[6.63031591,43.17036943]]],[[[6.62242185,43.15877836],[6.62281606,43.15884787],[6.62260745,43.1589143],[6.62242185,43.15877836]]],[[[6.64239347,43.16995123],[6.64218048,43.17002008],[6.64240784,43.1698175],[6.64239347,43.16995123]]],[[[6.60347056,43.17354295],[6.60337057,43.17373018],[6.60325133,43.17365345],[6.60347056,43.17354295]]],[[[6.61750018,43.16202838],[6.6175115,43.1622006],[6.61744375,43.16203124],[6.61750018,43.16202838]]],[[[6.64657329,43.16701711],[6.64655879,43.16714121],[6.64645285,43.16705489],[6.64657329,43.16701711]]],[[[6.62199174,43.16282568],[6.62199104,43.16297157],[6.62191661,43.1629406],[6.62199174,43.16282568]]],[[[6.60510881,43.17346999],[6.60498823,43.17366078],[6.60495813,43.17364156],[6.60510881,43.17346999]]],[[[6.60809007,43.17049111],[6.60821152,43.17064022],[6.60802472,43.17065268],[6.60809007,43.17049111]]],[[[6.62893081,43.16920723],[6.62905579,43.16930825],[6.62912717,43.16940545],[6.62893081,43.16920723]]],[[[6.6455084,43.16755525],[6.64555325,43.16770648],[6.64543122,43.16769412],[6.6455084,43.16755525]]],[[[6.60418777,43.17353946],[6.60432022,43.17361156],[6.60413277,43.17359849],[6.60418777,43.17353946]]],[[[6.60555864,43.17347415],[6.60537534,43.17358439],[6.60531654,43.17356922],[6.60555864,43.17347415]]],[[[6.63216007,43.17048585],[6.63211492,43.17063347],[6.63203179,43.17061869],[6.63216007,43.17048585]]],[[[6.62338419,43.15921865],[6.62342458,43.15931363],[6.62329476,43.15921835],[6.62338419,43.15921865]]],[[[6.62291797,43.16473654],[6.62279167,43.16472547],[6.62282479,43.16465284],[6.62291797,43.16473654]]],[[[6.5715968,43.18711111],[6.57150582,43.18726532],[6.57150752,43.18708341],[6.5715968,43.18711111]]],[[[6.58010731,43.18629282],[6.5799522,43.18624219],[6.57990969,43.18611667],[6.58010731,43.18629282]]],[[[6.6089754,43.16908252],[6.60903788,43.16906386],[6.60902889,43.16911395],[6.6089754,43.16908252]]],[[[6.57798631,43.18571317],[6.57782799,43.18583072],[6.57779984,43.18580029],[6.57798631,43.18571317]]],[[[6.61665398,43.16317049],[6.61656073,43.16326301],[6.61660177,43.16315973],[6.61665398,43.16317049]]],[[[6.62318756,43.16510407],[6.62311112,43.16512104],[6.62316053,43.16497665],[6.62318756,43.16510407]]],[[[6.62050709,43.15933696],[6.62048427,43.15943945],[6.62041566,43.15936522],[6.62050709,43.15933696]]],[[[6.62211661,43.15863817],[6.62217425,43.15875236],[6.62207885,43.15865544],[6.62211661,43.15863817]]],[[[6.60615559,43.173353],[6.60620685,43.17339322],[6.6061795,43.17340231],[6.60615559,43.173353]]],[[[6.60707962,43.17326493],[6.60718373,43.17325529],[6.6071895,43.17328239],[6.60707962,43.17326493]]],[[[6.56768515,43.18749241],[6.56768152,43.18757784],[6.56765734,43.18756924],[6.56768515,43.18749241]]],[[[6.58427147,43.1861788],[6.58417477,43.18620943],[6.58429094,43.18614846],[6.58427147,43.1861788]]],[[[6.57208429,43.18705621],[6.57204965,43.18714307],[6.57198691,43.18707268],[6.57208429,43.18705621]]],[[[6.59126796,43.18530336],[6.59120073,43.18532072],[6.59122763,43.18523879],[6.59126796,43.18530336]]],[[[6.57924271,43.18627024],[6.57917406,43.18629413],[6.5792152,43.18622344],[6.57924271,43.18627024]]],[[[6.58398468,43.1860065],[6.58394251,43.18609252],[6.583928,43.18608089],[6.58398468,43.1860065]]],[[[6.62238778,43.15860948],[6.62249763,43.15863724],[6.6224043,43.15865983],[6.62238778,43.15860948]]],[[[6.6207067,43.15902767],[6.62068095,43.15908438],[6.62062684,43.15902229],[6.6207067,43.15902767]]],[[[6.58326285,43.18611725],[6.58324263,43.18620027],[6.58322902,43.18617967],[6.58326285,43.18611725]]],[[[6.57652627,43.18627142],[6.57649401,43.18633353],[6.57647219,43.18631895],[6.57652627,43.18627142]]],[[[6.57708864,43.18625047],[6.57706001,43.18623224],[6.57710823,43.18622577],[6.57708864,43.18625047]]],[[[6.53238722,43.20789223],[6.53241212,43.20794112],[6.53038978,43.20806599],[6.53012289,43.20795413],[6.53238722,43.20789223]]],[[[5.97999196,43.10650084],[5.98016471,43.10676772],[5.97994528,43.10657158],[5.97999196,43.10650084]]],[[[5.98063351,43.10640758],[5.98077449,43.10655031],[5.98049064,43.10654823],[5.98063351,43.10640758]]],[[[6.02780671,43.11606182],[6.03844885,43.11723947],[6.04376163,43.13181465],[6.03395394,43.13495178],[5.99162964,43.10513204],[5.98542484,43.10777693],[5.98028349,43.10836907],[5.97819163,43.10697295],[5.985167,43.10690383],[5.99204356,43.10339403],[5.99383619,43.10541936],[6.00605661,43.10415785],[6.01453253,43.09828684],[6.01876105,43.09874739],[6.02482969,43.09199522],[6.01683989,43.08363756],[6.01796526,43.08110922],[6.03254788,43.07773735],[6.0437697,43.08598761],[6.04861856,43.09596353],[6.03039709,43.0859278],[6.02384748,43.08582831],[6.02619905,43.09190021],[6.02345689,43.10017524],[6.01946003,43.10198837],[6.02241419,43.1049755],[6.02118683,43.10850783],[6.01228266,43.1037299],[6.00638541,43.10505837],[6.00782203,43.10849193],[6.0054442,43.10864962],[6.01417993,43.11347967],[6.01677436,43.1108692],[6.03304057,43.10983529],[6.02780671,43.11606182]]],[[[5.99549415,43.10470816],[5.99550871,43.1050155],[5.9953762,43.10490233],[5.99549415,43.10470816]]],[[[5.99475078,43.10491178],[5.99477254,43.10498098],[5.99470882,43.10494374],[5.99475078,43.10491178]]],[[[6.10957717,43.08400239],[6.12593236,43.07802237],[6.13292001,43.05672529],[6.13207239,43.04872923],[6.12665922,43.04137453],[6.1194052,43.03899645],[6.10529714,43.04221188],[6.09400287,43.04056159],[6.091157,43.03602966],[6.09777002,43.03269643],[6.09551987,43.02874963],[6.10330884,43.02762425],[6.10331422,43.03092913],[6.10730685,43.03018113],[6.10778575,43.03204034],[6.11303358,43.03533228],[6.1169559,43.0349613],[6.12007301,43.03324181],[6.12037036,43.03229351],[6.12280233,43.03332103],[6.12506084,43.03208805],[6.1268751,43.03605688],[6.13460143,43.0364621],[6.13677377,43.03552031],[6.1374321,43.03073248],[6.14221422,43.03013837],[6.14845052,43.02621258],[6.1538995,43.02843278],[6.15358539,43.02665262],[6.1560681,43.02617297],[6.1603677,43.03027895],[6.16724794,43.03285339],[6.17317094,43.03281656],[6.16970579,43.03404563],[6.16876074,43.03538582],[6.15342477,43.03528196],[6.15042318,43.04434022],[6.15040491,43.0655382],[6.15483191,43.07821723],[6.1579994,43.07867974],[6.15471302,43.0788742],[6.15465195,43.08052412],[6.15856021,43.08209187],[6.15887065,43.07801689],[6.16032135,43.08369103],[6.15790972,43.08419025],[6.16075671,43.08527598],[6.16112189,43.08319406],[6.16121305,43.08571625],[6.15934699,43.08649203],[6.16280068,43.09193277],[6.18103728,43.10756502],[6.20116957,43.11606118],[6.23571917,43.11416027],[6.233839,43.1197583],[6.2193923,43.12476033],[6.19515224,43.12550802],[6.19473759,43.13503882],[6.20178544,43.14053955],[6.20150412,43.14629703],[6.19239232,43.14178142],[6.18329867,43.14771079],[6.17062288,43.13958749],[6.1474854,43.13701813],[6.14307009,43.1436323],[6.13301849,43.14398703],[6.13155036,43.14157476],[6.12287604,43.15014868],[6.11693016,43.14794365],[6.11976647,43.14318085],[6.1137354,43.13609887],[6.08686073,43.1365546],[6.08039872,43.12874075],[6.08591803,43.12569904],[6.07995504,43.11456766],[6.10658253,43.09627948],[6.10610908,43.08971215],[6.10957717,43.08400239]]],[[[6.20395752,43.14902668],[6.20400362,43.14902008],[6.20409129,43.14910356],[6.20395752,43.14902668]]],[[[6.25235394,43.00399087],[6.23709686,43.01230833],[6.23361924,43.00917142],[6.23531395,43.00523042],[6.2403862,43.00568126],[6.24122195,43.00497489],[6.2476177,43.00604829],[6.25235394,43.00399087]]],[[[6.17211686,42.99568637],[6.17556535,42.99986384],[6.16855103,43.00046395],[6.16853239,42.99828032],[6.17211686,42.99568637]]],[[[6.16875307,43.00149409],[6.1685019,43.00096478],[6.16902032,43.00092908],[6.16875307,43.00149409]]],[[[6.50413956,43.04286613],[6.51130437,43.04679897],[6.50788125,43.04716901],[6.50841726,43.05246764],[6.50515,43.05326823],[6.50333693,43.05150603],[6.49640478,43.04949434],[6.48405081,43.04714749],[6.47593403,43.04725787],[6.47604566,43.04901427],[6.46855829,43.04560088],[6.45785583,43.02765706],[6.44071758,43.02527914],[6.43377953,43.02034354],[6.43301589,43.00825023],[6.43786382,43.00346199],[6.45172483,43.01801365],[6.45983914,43.01357858],[6.4660202,43.01738193],[6.47087656,43.01671577],[6.47271599,43.02543725],[6.47709094,43.02726652],[6.47876299,43.02948557],[6.47924498,43.02988949],[6.4797954,43.0299212],[6.48119607,43.03431768],[6.48456676,43.03714426],[6.48392345,43.03869012],[6.48533048,43.04016687],[6.48811084,43.0405818],[6.4889798,43.039747],[6.48825889,43.04277363],[6.49212426,43.0407856],[6.49615671,43.04319336],[6.49690484,43.0419852],[6.50146135,43.04280478],[6.50339606,43.04141121],[6.50413956,43.04286613]]],[[[6.13985262,43.02063951],[6.14392914,43.01556013],[6.14512605,43.01871769],[6.14696651,43.01911029],[6.14814974,43.01835651],[6.14835434,43.01884826],[6.13985262,43.02063951]]],[[[6.09120745,43.0415015],[6.09022326,43.04101764],[6.09207149,43.04063152],[6.09120745,43.0415015]]],[[[6.14725742,43.02378578],[6.14693581,43.02303733],[6.14800354,43.02333911],[6.14725742,43.02378578]]],[[[6.08810257,43.03979323],[6.08830284,43.04051113],[6.08728431,43.04053316],[6.08810257,43.03979323]]],[[[6.09832634,43.04203751],[6.09821878,43.04284797],[6.09718261,43.04274729],[6.09832634,43.04203751]]],[[[6.06880487,43.03998264],[6.06974686,43.03988286],[6.06878465,43.04006422],[6.06880487,43.03998264]]],[[[6.50195597,43.0418308],[6.5013654,43.04164476],[6.50165969,43.04135611],[6.50195597,43.0418308]]],[[[6.09237149,43.04025207],[6.09275131,43.04053997],[6.09221731,43.04069663],[6.09237149,43.04025207]]],[[[6.14512531,43.02748986],[6.14541106,43.02796215],[6.14493107,43.02759545],[6.14512531,43.02748986]]],[[[6.1734775,43.03288043],[6.17369497,43.03257248],[6.17393074,43.03268794],[6.1734775,43.03288043]]],[[[6.14722718,43.0241323],[6.14778149,43.0243996],[6.14715885,43.02434221],[6.14722718,43.0241323]]],[[[6.51138289,43.04696026],[6.51162366,43.04692269],[6.51145578,43.04712983],[6.51138289,43.04696026]]],[[[6.53264012,43.05079192],[6.53243004,43.05052783],[6.5327165,43.05057515],[6.53264012,43.05079192]]],[[[6.08540777,43.03992815],[6.08519226,43.0396373],[6.0855457,43.03982248],[6.08540777,43.03992815]]],[[[6.10953991,43.02977279],[6.10951352,43.02950983],[6.1097404,43.02971389],[6.10953991,43.02977279]]],[[[6.10968983,43.03231294],[6.10960589,43.03214345],[6.10979052,43.03213182],[6.10968983,43.03231294]]],[[[6.48007734,43.02995709],[6.47998641,43.03017969],[6.47991236,43.0298868],[6.48007734,43.02995709]]],[[[6.46894343,43.01631183],[6.46925862,43.01610541],[6.46904502,43.01641027],[6.46894343,43.01631183]]],[[[6.16850281,43.03206306],[6.16868499,43.03227551],[6.16832697,43.03214564],[6.16850281,43.03206306]]],[[[6.12425076,43.03178665],[6.1243333,43.03199757],[6.1241497,43.03182379],[6.12425076,43.03178665]]],[[[6.06783055,43.04009773],[6.06809868,43.04008648],[6.06817158,43.04025812],[6.06783055,43.04009773]]],[[[6.10894251,43.02927161],[6.10918149,43.0291756],[6.10932122,43.02931017],[6.10894251,43.02927161]]],[[[6.1435962,43.01532414],[6.14342054,43.01552279],[6.14320412,43.01551291],[6.1435962,43.01532414]]],[[[6.14562242,43.02695238],[6.14595821,43.02681025],[6.14612356,43.02687292],[6.14562242,43.02695238]]],[[[6.08879174,43.04116495],[6.08900489,43.04127314],[6.08875151,43.04133082],[6.08879174,43.04116495]]],[[[6.09128712,43.03692688],[6.09149105,43.03677071],[6.09157548,43.03685829],[6.09128712,43.03692688]]],[[[6.0930667,43.03980545],[6.09311797,43.03966267],[6.09327812,43.03978947],[6.0930667,43.03980545]]],[[[6.10859254,43.02912872],[6.10881683,43.02914744],[6.10842353,43.02927131],[6.10859254,43.02912872]]],[[[6.08597109,43.03992999],[6.08588161,43.03972464],[6.08610577,43.03987842],[6.08597109,43.03992999]]],[[[6.50859897,43.05234648],[6.50846992,43.05228317],[6.50849175,43.05207629],[6.50859897,43.05234648]]],[[[6.13960359,43.0197116],[6.139916,43.01965928],[6.13973857,43.01980307],[6.13960359,43.0197116]]],[[[6.09017559,43.04083719],[6.0902544,43.04095734],[6.09009949,43.04099779],[6.09017559,43.04083719]]],[[[6.14538081,43.02681813],[6.14545496,43.02691858],[6.14529103,43.02692697],[6.14538081,43.02681813]]],[[[6.12183337,43.03223486],[6.12187514,43.03234976],[6.12168338,43.03232022],[6.12183337,43.03223486]]],[[[6.13354503,43.0356018],[6.13336016,43.03556398],[6.13357631,43.03556758],[6.13354503,43.0356018]]],[[[6.50288973,43.04133947],[6.50295916,43.04145244],[6.50279748,43.04155944],[6.50288973,43.04133947]]],[[[6.09073645,43.0368167],[6.09069526,43.03671167],[6.09087826,43.03669201],[6.09073645,43.0368167]]],[[[6.11369782,43.03511234],[6.1138518,43.03514659],[6.11376447,43.03523372],[6.11369782,43.03511234]]],[[[6.09086241,43.03692379],[6.09097374,43.03680268],[6.09099609,43.03692265],[6.09086241,43.03692379]]],[[[6.47422487,43.02549295],[6.47432364,43.02562569],[6.47419101,43.02556246],[6.47422487,43.02549295]]],[[[6.14329567,43.02856673],[6.14328555,43.02844822],[6.14341407,43.02844266],[6.14329567,43.02856673]]],[[[6.10800148,43.02908819],[6.10801234,43.02899337],[6.10826715,43.02896351],[6.10800148,43.02908819]]],[[[6.16752666,43.03559317],[6.16754345,43.03547387],[6.1676251,43.03555337],[6.16752666,43.03559317]]],[[[6.10833766,43.02913428],[6.10852472,43.02907667],[6.10835267,43.02916265],[6.10833766,43.02913428]]],[[[6.1492086,43.0262336],[6.14937534,43.02616391],[6.14942933,43.02620913],[6.1492086,43.0262336]]],[[[6.14291319,43.02861751],[6.14305202,43.02871157],[6.14289668,43.0286297],[6.14291319,43.02861751]]],[[[6.1503076,43.02618432],[6.15038808,43.02631067],[6.15027496,43.02626088],[6.1503076,43.02618432]]],[[[6.14025333,43.03015512],[6.14052843,43.03004718],[6.14055062,43.03007174],[6.14025333,43.03015512]]],[[[6.1189933,43.03315071],[6.11911543,43.03304906],[6.11915855,43.03312071],[6.1189933,43.03315071]]],[[[6.13592734,43.03228489],[6.1359608,43.0321777],[6.13605564,43.03222984],[6.13592734,43.03228489]]],[[[6.14088338,43.01824852],[6.14098256,43.01833563],[6.14081939,43.0183125],[6.14088338,43.01824852]]],[[[6.14681656,43.01883386],[6.14693406,43.01894203],[6.14679646,43.01887045],[6.14681656,43.01883386]]],[[[6.13483642,43.03577119],[6.1349466,43.03569868],[6.13499224,43.03579366],[6.13483642,43.03577119]]],[[[6.13607758,43.03403927],[6.1361458,43.03414349],[6.13597143,43.03409547],[6.13607758,43.03403927]]],[[[6.0958306,43.03093593],[6.09592822,43.03083412],[6.09596062,43.03086649],[6.0958306,43.03093593]]],[[[6.11820604,43.03393319],[6.1182521,43.03385445],[6.1182653,43.03389457],[6.11820604,43.03393319]]],[[[6.14783443,43.02453846],[6.14791376,43.02448574],[6.14794177,43.02454972],[6.14783443,43.02453846]]],[[[6.14471357,43.02835698],[6.14476499,43.02844548],[6.14457162,43.02836383],[6.14471357,43.02835698]]],[[[6.46718184,43.01698979],[6.46724726,43.01697598],[6.4673066,43.01702448],[6.46718184,43.01698979]]],[[[6.13953188,43.019837],[6.13964428,43.01991923],[6.13950628,43.01990796],[6.13953188,43.019837]]],[[[6.1173501,43.03442063],[6.11733976,43.03434262],[6.11745579,43.03435546],[6.1173501,43.03442063]]],[[[6.51389399,43.04754088],[6.51377884,43.04754464],[6.51386017,43.04742855],[6.51389399,43.04754088]]],[[[6.13535563,43.03316923],[6.13532563,43.03320431],[6.13526297,43.03318003],[6.13535563,43.03316923]]],[[[6.50843446,43.05181978],[6.5085371,43.05193347],[6.50848251,43.05194425],[6.50843446,43.05181978]]],[[[6.0960461,43.03088203],[6.09607615,43.03077856],[6.09610519,43.03083983],[6.0960461,43.03088203]]],[[[6.1171736,43.03449235],[6.1171459,43.03443375],[6.11718852,43.03445051],[6.1171736,43.03449235]]],[[[6.11778925,43.03398577],[6.11788369,43.03403074],[6.11777023,43.03406553],[6.11778925,43.03398577]]],[[[6.14709349,43.0240876],[6.14722797,43.02410167],[6.14710411,43.0241476],[6.14709349,43.0240876]]],[[[6.12843307,43.03518802],[6.12853096,43.03522837],[6.12836248,43.03524407],[6.12843307,43.03518802]]],[[[6.13588,43.03286052],[6.13581328,43.03294257],[6.13577982,43.03291385],[6.13588,43.03286052]]],[[[6.48502368,43.03973929],[6.48507461,43.03981056],[6.48500549,43.03976328],[6.48502368,43.03973929]]],[[[6.17084367,43.0339644],[6.17091982,43.03396575],[6.17095261,43.03400439],[6.17084367,43.0339644]]],[[[6.14166182,43.02056868],[6.14176326,43.0204487],[6.14168171,43.0205735],[6.14166182,43.02056868]]],[[[6.14863377,43.02610821],[6.1485158,43.02608196],[6.14863098,43.02607949],[6.14863377,43.02610821]]],[[[6.50823369,43.0530642],[6.50819201,43.05316639],[6.50817055,43.05309597],[6.50823369,43.0530642]]],[[[6.48512683,43.03898604],[6.48516838,43.03910532],[6.48510804,43.03900015],[6.48512683,43.03898604]]],[[[6.1423083,43.02954336],[6.14237476,43.02945682],[6.14241438,43.02950876],[6.1423083,43.02954336]]],[[[6.17289002,43.03315338],[6.17277113,43.03311098],[6.17296807,43.03314478],[6.17289002,43.03315338]]],[[[6.14631906,43.018663],[6.14639341,43.01874453],[6.1463578,43.01874377],[6.14631906,43.018663]]],[[[6.11919387,43.033207],[6.1191487,43.03327941],[6.1190766,43.0332392],[6.11919387,43.033207]]],[[[6.48071752,43.03182869],[6.48066531,43.03185828],[6.48065555,43.03177758],[6.48071752,43.03182869]]],[[[6.14091036,43.01865547],[6.1410051,43.0186608],[6.14085802,43.0187308],[6.14091036,43.01865547]]],[[[6.12511233,43.03201905],[6.12512107,43.0320674],[6.12502896,43.03206558],[6.12511233,43.03201905]]],[[[6.46716599,43.01676615],[6.46708535,43.01671023],[6.46710223,43.01670519],[6.46716599,43.01676615]]],[[[6.45140573,43.01745585],[6.45143499,43.01753503],[6.45134324,43.01749837],[6.45140573,43.01745585]]],[[[6.13709961,43.0321364],[6.13708327,43.03219718],[6.13699229,43.03217103],[6.13709961,43.0321364]]],[[[6.50371079,43.05240943],[6.50375703,43.05236201],[6.50373793,43.05247246],[6.50371079,43.05240943]]],[[[6.14194396,43.02988344],[6.14201218,43.02982924],[6.14205602,43.02986846],[6.14194396,43.02988344]]],[[[6.13740563,43.03060634],[6.1374474,43.03053942],[6.13743983,43.03060354],[6.13740563,43.03060634]]],[[[6.50555903,43.04297743],[6.50564108,43.04295405],[6.50563504,43.04301637],[6.50555903,43.04297743]]],[[[6.4867924,43.04021043],[6.4867336,43.04015111],[6.48679888,43.04013459],[6.4867924,43.04021043]]],[[[6.47806383,43.02779502],[6.47808115,43.02787908],[6.47801572,43.02783168],[6.47806383,43.02779502]]],[[[6.14780437,43.01841162],[6.14772173,43.01838074],[6.14779712,43.01836863],[6.14780437,43.01841162]]],[[[6.48112108,43.03258083],[6.48118768,43.03256607],[6.48119231,43.03262264],[6.48112108,43.03258083]]],[[[6.47948332,43.02975124],[6.4795454,43.02980415],[6.47952351,43.02986878],[6.47948332,43.02975124]]],[[[6.48655323,43.04000932],[6.48657822,43.04007783],[6.48648114,43.04003506],[6.48655323,43.04000932]]],[[[6.48032914,43.03036935],[6.48029587,43.03038753],[6.48022212,43.0303242],[6.48032914,43.03036935]]],[[[6.50434724,43.04258658],[6.50437991,43.04268005],[6.50432375,43.04266477],[6.50434724,43.04258658]]],[[[6.5115612,43.04652051],[6.51151119,43.04644472],[6.51155651,43.04640272],[6.5115612,43.04652051]]],[[[6.48631738,43.03988372],[6.48624468,43.03987888],[6.48624458,43.03983657],[6.48631738,43.03988372]]],[[[6.51376412,43.04764595],[6.5138267,43.04760519],[6.51379834,43.04766374],[6.51376412,43.04764595]]],[[[6.50855809,43.05201651],[6.5084939,43.0520105],[6.50850168,43.05197694],[6.50855809,43.05201651]]],[[[6.13732486,43.030678],[6.13739683,43.03069301],[6.13739118,43.03074718],[6.13732486,43.030678]]],[[[6.47841387,43.04787633],[6.47833022,43.04785293],[6.47833948,43.04784362],[6.47841387,43.04787633]]],[[[6.47934368,43.02967384],[6.479394,43.02973523],[6.47936553,43.02975145],[6.47934368,43.02967384]]],[[[6.48512643,43.03775631],[6.4850915,43.03776734],[6.48509357,43.03769975],[6.48512643,43.03775631]]],[[[6.14744288,43.0184636],[6.14745871,43.01841634],[6.14748786,43.01843348],[6.14744288,43.0184636]]],[[[6.47201923,43.01786989],[6.47205622,43.01785249],[6.47206147,43.01789913],[6.47201923,43.01786989]]],[[[6.48955634,43.04202215],[6.48964385,43.04202831],[6.48963998,43.04204554],[6.48955634,43.04202215]]],[[[6.48903044,43.04032242],[6.48904749,43.04027955],[6.48905753,43.04030353],[6.48903044,43.04032242]]],[[[6.4917503,43.04091387],[6.49175317,43.04085976],[6.49177197,43.04090686],[6.4917503,43.04091387]]],[[[6.48219682,43.03334813],[6.48215806,43.03329537],[6.4821775,43.03329204],[6.48219682,43.03334813]]],[[[6.48684352,43.04020337],[6.48684736,43.04026716],[6.48681506,43.0402403],[6.48684352,43.04020337]]],[[[6.51049212,43.04575235],[6.51045308,43.04575633],[6.51048063,43.04572482],[6.51049212,43.04575235]]],[[[6.51072293,43.045996],[6.51077174,43.04601151],[6.51076388,43.04602347],[6.51072293,43.045996]]],[[[6.50856073,43.05278886],[6.5085347,43.0527645],[6.50856209,43.05277081],[6.50856073,43.05278886]]],[[[6.16951021,43.00233007],[6.16959565,43.00249299],[6.16905103,43.0024059],[6.16951021,43.00233007]]],[[[6.19289223,43.00090606],[6.192697,43.00130198],[6.19259316,43.00105894],[6.19289223,43.00090606]]],[[[6.18815439,43.00375907],[6.18768149,43.00416729],[6.18754821,43.00399559],[6.18815439,43.00375907]]],[[[6.20466547,42.98313851],[6.20407818,42.983636],[6.20385769,42.98334641],[6.20466547,42.98313851]]],[[[6.19896987,42.99411595],[6.1989874,42.99500484],[6.19862223,42.99474703],[6.19896987,42.99411595]]],[[[6.20173536,42.98823499],[6.20081044,42.98859035],[6.19992741,42.98826839],[6.20173536,42.98823499]]],[[[6.20863897,42.99533718],[6.20790275,42.99591062],[6.20779477,42.99544305],[6.20863897,42.99533718]]],[[[6.20572719,42.98646468],[6.20580117,42.98709768],[6.20384761,42.98920147],[6.20572719,42.98646468]]],[[[6.20089989,42.9885979],[6.20192963,42.98895632],[6.20080713,42.98898363],[6.20089989,42.9885979]]],[[[6.19302906,42.99846633],[6.19340563,42.99911385],[6.1924798,42.99887582],[6.19302906,42.99846633]]],[[[6.200082,42.99696068],[6.19977259,42.99803403],[6.19959937,42.99701386],[6.200082,42.99696068]]],[[[6.20642901,42.99474747],[6.20590225,42.99566188],[6.20564473,42.99467895],[6.20642901,42.99474747]]],[[[6.20764556,42.9954618],[6.20732481,42.99713192],[6.20695874,42.99554561],[6.20764556,42.9954618]]],[[[6.20853345,42.99488894],[6.20668517,42.99555479],[6.20647524,42.99475324],[6.20853345,42.99488894]]],[[[6.19934141,42.99604624],[6.19788246,42.99708842],[6.19739961,42.99625515],[6.19934141,42.99604624]]],[[[6.19460057,42.99994232],[6.19248936,42.99978138],[6.19417283,42.99932595],[6.19460057,42.99994232]]],[[[6.23549229,43.00336634],[6.23656403,43.00526429],[6.23519485,43.00514107],[6.23549229,43.00336634]]],[[[6.20429654,42.99326897],[6.20317417,42.99599237],[6.20297811,42.99342774],[6.20429654,42.99326897]]],[[[6.19976993,42.99833844],[6.19880994,42.99952306],[6.19805601,42.99720786],[6.1994691,42.99704837],[6.19976993,42.99833844]]],[[[6.23830536,43.00360643],[6.24038655,43.00561283],[6.23801841,43.0053931],[6.23830536,43.00360643]]],[[[6.18701028,42.99915042],[6.18852665,43.002256],[6.18647927,43.00199193],[6.18701028,42.99915042]]],[[[6.1756206,42.99993268],[6.1727414,43.00289551],[6.17068558,43.00105257],[6.1756206,42.99993268]]],[[[6.19968914,42.99105734],[6.2028446,42.99468683],[6.19903995,42.9927035],[6.19968914,42.99105734]]],[[[6.20795722,42.98983463],[6.20539359,42.99240293],[6.20320311,42.99113141],[6.20654393,42.99069073],[6.20385468,42.98943001],[6.20795722,42.98983463]]],[[[6.19866427,42.99955599],[6.19465985,42.99993239],[6.19390077,42.99764693],[6.19779061,42.99723924],[6.19866427,42.99955599]]],[[[6.18639862,43.00204334],[6.18240025,43.0053705],[6.18151191,43.00340945],[6.18326866,43.00215749],[6.18428797,43.00224782],[6.18639862,43.00204334]]],[[[6.23054368,43.00098648],[6.23537368,43.00338523],[6.23467993,43.00509018],[6.229964,43.00466412],[6.23054368,43.00098648]]],[[[6.21958318,42.99472098],[6.21799272,42.99797228],[6.21464893,42.99776389],[6.21489293,42.99446408],[6.21958318,42.99472098]]],[[[6.18670514,42.99906654],[6.18327576,43.00210928],[6.18132032,42.99791983],[6.18274356,42.99607012],[6.18670514,42.99906654]]],[[[6.22375068,42.99803366],[6.21698038,43.00339378],[6.21335735,43.00229602],[6.21645145,42.99827882],[6.22375068,42.99803366]]],[[[6.21612429,42.99832537],[6.21312774,43.00222015],[6.20899824,43.0012201],[6.20877809,42.99732141],[6.21612429,42.99832537]]]]}},{"type":"Feature","properties":{"name":"Parc national du Mercantour"},"geometry":{"type":"MultiPolygon","coordinates":[[[[7.4953463476,44.0510292055],[7.5381969918,44.0509300539],[7.5558810427,44.045600668],[7.562713649,44.0343903213],[7.5818049094,44.0305645923],[7.5801875452,44.0364120364],[7.5896285791,44.0512962519],[7.5880384789,44.0578666825],[7.5953406059,44.0669641798],[7.6069116804,44.068725065],[7.6146499121,44.0848200782],[7.6224299182,44.0855447383],[7.6221262158,44.0927323402],[7.6415715285,44.1030151902],[7.6421781794,44.1077616384],[7.6524776064,44.1158148419],[7.6638548374,44.1148826449],[7.6745698194,44.1179672372],[7.6663532498,44.1307520916],[7.6766517059,44.1421052986],[7.6620240604,44.1446286444],[7.6559138909,44.1520700363],[7.6270462939,44.164365901],[7.6278221354,44.1599467588],[7.6198556506,44.1495141344],[7.6034461062,44.1498452173],[7.597727586,44.1530191665],[7.5889916356,44.1503516113],[7.5759333872,44.153843313],[7.5720755391,44.1518414989],[7.5637997439,44.1565168301],[7.5654782112,44.1519732898],[7.5611585085,44.1488760228],[7.5489333611,44.1452110413],[7.5340437314,44.1482021429],[7.5215815051,44.1376950161],[7.5152380905,44.1381956141],[7.5077434038,44.1446184983],[7.4942189699,44.1411480166],[7.4836864203,44.1318987286],[7.5092097321,44.1244200801],[7.5034553404,44.1186651048],[7.4901776325,44.1189528109],[7.496549033,44.1128140956],[7.4964840539,44.0994403789],[7.4858107925,44.0961001539],[7.480283235,44.0908879565],[7.5025166704,44.0911490243],[7.5080766791,44.0858920716],[7.5134967965,44.0749255803],[7.4947371278,44.0739996072],[7.4847603963,44.0691521053],[7.4924250176,44.0600602004],[7.4953463476,44.0510292055]]],[[[7.1275903338,44.049688269],[7.1278994374,44.0435283057],[7.1452815697,44.0449311438],[7.1549713014,44.0531606142],[7.1663252738,44.0484585302],[7.2068622005,44.0467149096],[7.2178993853,44.0584249637],[7.2242798964,44.0581391055],[7.2430350514,44.0658451243],[7.2552785625,44.0627791761],[7.2630468514,44.049431754],[7.2864689047,44.0404934858],[7.2907453278,44.0453399501],[7.2857535207,44.046440626],[7.2918275279,44.0541207745],[7.2906941622,44.0613156522],[7.3044788431,44.0636269273],[7.3182638338,44.0615459253],[7.3229258578,44.0511114177],[7.3166366292,44.0476146497],[7.3090422563,44.0359982247],[7.3153402451,44.0301434404],[7.3123190174,44.0255215466],[7.3180582436,44.0203393958],[7.3130843271,44.0072995408],[7.317460161,44.0079253574],[7.3171359934,44.00348554],[7.3232175205,43.998702369],[7.3164677649,43.9950168352],[7.3189762617,43.9799231512],[7.3316029567,43.9788030959],[7.3388360894,43.9720489436],[7.3495392621,43.9681882391],[7.3643004758,43.9705828618],[7.3796804767,43.9675660009],[7.3758987432,43.9544009771],[7.368121921,43.943268904],[7.370279402,43.939372594],[7.3830864122,43.9361794254],[7.3825172337,43.9329132725],[7.3902895756,43.9336519048],[7.3896273422,43.9279351558],[7.3921479814,43.9275164748],[7.3884088892,43.921260136],[7.3994493277,43.9089394956],[7.3967371268,43.9039193066],[7.3987962307,43.8978379084],[7.3935648693,43.8905577784],[7.3963485872,43.8886258297],[7.3937890808,43.8871904025],[7.3940028469,43.8787850574],[7.4007863037,43.8754064576],[7.4034085644,43.8651625189],[7.4100157728,43.8623357047],[7.4103354827,43.8457421193],[7.4272178745,43.8486827838],[7.4459971397,43.8401001866],[7.4562819959,43.8479192753],[7.4731281878,43.8509247483],[7.4792173192,43.8473973405],[7.4965544297,43.851115484],[7.4952944597,43.8644077558],[7.5004398044,43.8668563553],[7.4977023604,43.8715645709],[7.5105717731,43.8795168635],[7.511778741,43.8854188734],[7.5174855194,43.8823639419],[7.521626863,43.8867984981],[7.526877929,43.8864391409],[7.5373897951,43.8930369839],[7.5506865697,43.8938207423],[7.5624721277,43.9004686971],[7.5628150698,43.9097572686],[7.5581788382,43.9172879427],[7.568209652,43.9229154225],[7.5684702713,43.9286423062],[7.5711183297,43.9283312995],[7.5697003917,43.9323021308],[7.5739890816,43.9366875175],[7.5668627841,43.9434368125],[7.5707528437,43.9445558927],[7.5693220489,43.9473914221],[7.5753663894,43.9457950677],[7.5749647193,43.948282847],[7.5815418252,43.9481611782],[7.5878059756,43.9553885645],[7.5987128095,43.9574448951],[7.6113308081,43.9540179879],[7.6432222632,43.9739352262],[7.652091641,43.973564097],[7.655804649,43.9771725272],[7.6554559883,43.985248126],[7.6646012702,43.9867909176],[7.6632651503,43.991746123],[7.6705198459,43.9984053059],[7.6631983499,44.014901144],[7.6522695718,44.0044309801],[7.6360337226,44.0009396481],[7.6412276567,43.9956479491],[7.6319800689,43.9900767252],[7.6267851587,43.9935775459],[7.6258234455,44.0018610155],[7.6170686565,44.0017588923],[7.6078316445,43.9967468676],[7.5841951446,43.9950420154],[7.5738329358,43.9972513525],[7.5500993563,43.9915325286],[7.5487106135,43.994249731],[7.5295747549,43.995829909],[7.5314200219,44.0048790269],[7.5272125051,44.0049127877],[7.5249297353,44.0101493453],[7.5108789888,44.0131128369],[7.5106590517,44.0081204414],[7.5029266116,44.0055771814],[7.4825594989,44.0119765081],[7.4781769376,44.0065941748],[7.461342351,44.0132357817],[7.459108623,44.0115524627],[7.4631716534,44.0073988197],[7.4747108364,44.0034447666],[7.4710753157,43.998890254],[7.481061993,43.998872315],[7.4799053997,43.994292726],[7.4865153828,43.9945959155],[7.4894070322,43.9909186158],[7.4824371652,43.98840951],[7.4799279942,43.9803651266],[7.4762162355,43.9781895007],[7.4642872476,43.9804330515],[7.4708601526,43.9739536481],[7.4614654534,43.9693293092],[7.4596199707,43.9651594107],[7.4608695714,43.9605387544],[7.4716991866,43.957548647],[7.479695498,43.9614089596],[7.4761495411,43.9561165664],[7.4834667119,43.9509845538],[7.4751011331,43.9433140077],[7.4784338152,43.9380067064],[7.4757411976,43.9349880659],[7.4652789297,43.9306543223],[7.4582420594,43.9329090601],[7.459464144,43.9294629925],[7.4675873189,43.9264978069],[7.4673255615,43.9213045919],[7.4730636355,43.9208024273],[7.4637909865,43.9132451029],[7.4568233363,43.9166207638],[7.4477152531,43.9105436533],[7.4448096227,43.9148689915],[7.4409202556,43.9050872113],[7.4319805887,43.9121664874],[7.42861129,43.9113875082],[7.4300442486,43.9147158341],[7.4134702575,43.9063555278],[7.4096124341,43.9073128159],[7.4078153318,43.9142346254],[7.4113003999,43.9151049558],[7.4082945823,43.9202631837],[7.4161616099,43.9181517041],[7.4133519436,43.9257871626],[7.4180749204,43.9259299505],[7.4108739122,43.9309050581],[7.4188143477,43.9448358784],[7.4122039329,43.9550815701],[7.4162421613,43.9668046654],[7.4122514799,43.9759904573],[7.418415842,43.9783551604],[7.4132237157,43.981207545],[7.417282763,43.9877213057],[7.4074861145,43.9952431284],[7.4082552923,44.0048377228],[7.4001014014,44.0066449839],[7.3948065047,44.0191261476],[7.3853902766,44.0256860608],[7.3944076647,44.0294023622],[7.3944305603,44.0371907315],[7.3929006229,44.0415260707],[7.3825600056,44.0453657764],[7.3921032497,44.0623360812],[7.4006394096,44.0695964529],[7.4023574353,44.0776459769],[7.390592413,44.0797738912],[7.3776839616,44.0740328463],[7.3434577362,44.0905627148],[7.3429368135,44.0991215373],[7.3298426808,44.100012309],[7.3117240526,44.1106296637],[7.2980821825,44.1113186796],[7.288940304,44.1165041959],[7.2804097382,44.1156741728],[7.2657402831,44.1252709634],[7.2516180862,44.1273106509],[7.2255316276,44.1228757034],[7.2196170128,44.1173230276],[7.2057205694,44.1141946359],[7.1915018091,44.121798671],[7.1749836156,44.121904998],[7.1756865146,44.1128639778],[7.1725902781,44.1096434263],[7.1611437139,44.1119295549],[7.1547775892,44.109920167],[7.149339105,44.1129498419],[7.1421229483,44.1088543674],[7.1310274661,44.1148440629],[7.1033510979,44.1221990732],[7.0970881687,44.128309204],[7.0874496425,44.1192263671],[7.076464021,44.1201127505],[7.0708275893,44.1228500358],[7.0666208587,44.1304461267],[7.0457679383,44.1386485249],[7.030465449,44.1217293977],[7.0244590391,44.1324086464],[7.0171192065,44.1360163426],[7.0051309992,44.1280424891],[6.9925576257,44.132373852],[6.9699861597,44.126508307],[6.9646621894,44.128913866],[6.9657706418,44.136780435],[6.9528420141,44.1442101259],[6.9541156278,44.1480459839],[6.9274574749,44.1553185476],[6.904956919,44.1664516212],[6.8951821081,44.1664083873],[6.8950343669,44.1615495833],[6.8785778722,44.1556573921],[6.8640719813,44.1393940598],[6.8463058931,44.135918313],[6.8405348007,44.1435977158],[6.839960704,44.1507800868],[6.8500559177,44.1698147439],[6.8462295651,44.1787076174],[6.8365008267,44.1847898232],[6.8133243955,44.1879348563],[6.7988194891,44.1936073285],[6.7928383103,44.1919260457],[6.7769161232,44.1965382604],[6.7741983745,44.2020916546],[6.7655412695,44.2023892036],[6.7644704552,44.2070322336],[6.7720989851,44.2133410701],[6.763208866,44.2203984793],[6.7615776338,44.2267487527],[6.7676288566,44.2389821002],[6.766099074,44.242315326],[6.7645711535,44.2437553733],[6.7625043988,44.2463487704],[6.7621431833,44.2465704149],[6.7560146885,44.2463649463],[6.7393497325,44.2288739315],[6.7454130603,44.2228020218],[6.7425377986,44.2173115984],[6.7452010252,44.2135872202],[6.7381678412,44.2102317681],[6.7354899451,44.2043959643],[6.7410800798,44.2045535355],[6.7404353121,44.1994972603],[6.7289137229,44.1970476819],[6.7213412095,44.200456702],[6.7211511585,44.1912890315],[6.7134806851,44.1943098385],[6.712582144,44.1917177378],[6.7145618811,44.1872591698],[6.7230824605,44.1824642319],[6.7117024598,44.1772998749],[6.6998013401,44.1778571749],[6.6732850255,44.1920231111],[6.660063071,44.1957074654],[6.6783814202,44.2076748798],[6.674104347,44.2163055386],[6.6802930922,44.2310225948],[6.6744669098,44.2481688742],[6.659366393,44.2534253046],[6.6621332371,44.2606622689],[6.6486802019,44.2662851036],[6.6412035316,44.2648644112],[6.6183185681,44.2778178064],[6.6186084923,44.2837636972],[6.6088455917,44.2869839223],[6.6038723179,44.292754538],[6.6077216321,44.3187321753],[6.6157075282,44.3227802513],[6.6392916422,44.3175769158],[6.6644872559,44.3220517016],[6.6818959109,44.317340452],[6.70640092,44.3200330458],[6.7431068847,44.3095952086],[6.7640556902,44.318183262],[6.7749656122,44.3164910048],[6.783893517,44.3275117629],[6.7728627703,44.3277737366],[6.7652814252,44.3322142283],[6.7562548577,44.3302548002],[6.7469410519,44.3410793331],[6.7373458775,44.3414924277],[6.7263451352,44.3341149968],[6.7172904868,44.3331049676],[6.6949791968,44.3325108462],[6.6647689732,44.3373617642],[6.6681710943,44.3504389694],[6.667355059,44.362909887],[6.6702920771,44.3676978731],[6.6678386333,44.3768090965],[6.6737311258,44.3839865413],[6.6621103128,44.4035808777],[6.6533488573,44.4061501227],[6.6544325917,44.4104522564],[6.6509282935,44.4128781669],[6.6354139559,44.4008847588],[6.6331791506,44.3861485292],[6.6051148735,44.3834004522],[6.5854173778,44.3888919723],[6.5817868239,44.3804732139],[6.584233354,44.3726603506],[6.5819947771,44.3643450151],[6.5702456885,44.3668012823],[6.5654279395,44.3481881137],[6.5457151264,44.3373315577],[6.5452819209,44.3232917757],[6.5388660324,44.3062218862],[6.5343670292,44.3030535629],[6.5354343375,44.2924681005],[6.5325494995,44.2880674566],[6.5467668109,44.2657386],[6.5409085214,44.2565804519],[6.5403650066,44.2489384231],[6.5450420123,44.2425227184],[6.5416431756,44.2376696525],[6.5559246118,44.2336371613],[6.5596307852,44.2360218548],[6.5800965671,44.2349525261],[6.5946644087,44.2295161507],[6.6046367581,44.1888048151],[6.6037327596,44.1783700879],[6.6071548505,44.1735073965],[6.6157335631,44.1711191272],[6.605205652,44.1583029656],[6.6143843594,44.1525351407],[6.6463442343,44.1421463585],[6.6517761641,44.1341103489],[6.6640239589,44.1297612426],[6.6658886415,44.1192415795],[6.6766146216,44.1167205082],[6.6791625257,44.1132263683],[6.6770229438,44.1103104287],[6.6793137149,44.103195606],[6.705162454,44.0963096241],[6.7138312063,44.1082258951],[6.7129961444,44.1160428268],[6.7190858861,44.1182987742],[6.7072033738,44.1251602905],[6.7042676633,44.1395961797],[6.707298361,44.1443557657],[6.6981438948,44.1493965243],[6.69994073,44.1566182048],[6.6865188332,44.1682885906],[6.6922487062,44.1734327285],[6.700958939,44.1774911871],[6.7081670958,44.1701102601],[6.7355699445,44.1709829696],[6.7418688365,44.1655544702],[6.764128081,44.1639930837],[6.7773741582,44.167334653],[6.7861277851,44.1780820854],[6.7928852347,44.1796705808],[6.809891318,44.1752511599],[6.8164389393,44.1703393563],[6.8103457632,44.1450217491],[6.8157903482,44.130352327],[6.8236816905,44.1258987148],[6.8200393585,44.1113161695],[6.8167464474,44.1121752934],[6.8098956067,44.106062031],[6.8392362562,44.0990746098],[6.8470641943,44.0836459381],[6.8444001385,44.0807595995],[6.8481198311,44.0799404451],[6.8450977922,44.0629925259],[6.8169093025,44.0731001585],[6.7913662403,44.0626346204],[6.8144244506,44.0537695466],[6.8232511176,44.0535758796],[6.8367245112,44.0388933032],[6.8453437512,44.0438718429],[6.8584547648,44.0410204584],[6.8757687806,44.0288454744],[6.8866956113,44.0337290805],[6.9052858199,44.0333020022],[6.914244619,44.0379793059],[6.9127626621,44.0467488531],[6.923704243,44.0432849843],[6.9361484371,44.0441535243],[6.950099453,44.0384654383],[6.9743797503,44.038996102],[6.977712282,44.0447279535],[7.0021298377,44.0523677459],[7.0051302765,44.0571116764],[7.0231299789,44.0666509156],[7.0481628302,44.0605429811],[7.0662101752,44.0721293868],[7.0729688931,44.0691419087],[7.0833461462,44.0707441584],[7.0822494019,44.0670449763],[7.0854890691,44.0635101995],[7.096243725,44.0690598438],[7.109713448,44.0704248427],[7.1165789612,44.0634695848],[7.1185048401,44.0539376243],[7.1275903338,44.049688269]]],[[[7.0192854529,44.2323737496],[7.0205652422,44.2201525256],[7.0275106778,44.2184214837],[7.0137259931,44.2049130302],[7.0099912252,44.1970420277],[6.9905690616,44.2001955647],[6.9792888506,44.1898645718],[6.9782976446,44.1834392859],[7.001590342,44.178087021],[7.0145760628,44.1660043508],[7.0164569517,44.1697411497],[7.0292113785,44.1735175512],[7.0318443211,44.1690236177],[7.0303691618,44.1650432122],[7.0366538174,44.1662617372],[7.0382226847,44.159813334],[7.0435874848,44.1582133993],[7.0486777414,44.1623844526],[7.0612453541,44.1527912662],[7.063894893,44.1462165175],[7.0912634818,44.1551942893],[7.0967180326,44.1471021391],[7.1074013251,44.1487434157],[7.1323664882,44.1660868233],[7.1375260225,44.1652853826],[7.138113548,44.1724841331],[7.1474766594,44.1749728577],[7.1663215354,44.1695649744],[7.1842954506,44.1775609268],[7.1932099482,44.1833619453],[7.1934511269,44.1870522965],[7.196623585,44.186439458],[7.193386578,44.1874480402],[7.1883970266,44.200874246],[7.177543365,44.197189815],[7.1631789677,44.2082187269],[7.1484674805,44.2001603115],[7.1427993664,44.2002465984],[7.1136359371,44.2178628504],[7.1000912798,44.2214614387],[7.0923008098,44.2201966642],[7.0863764124,44.229157477],[7.079146053,44.2316473406],[7.0702459011,44.2329575672],[7.0625399075,44.2268619746],[7.056042164,44.2294916993],[7.0385238586,44.2237198785],[7.0328396864,44.2254259858],[7.0303302778,44.2316162268],[7.0220238093,44.2344517875],[7.0192854529,44.2323737496]]],[[[6.7785105097,44.4420719414],[6.7878420067,44.4415251919],[6.7915434556,44.4374630519],[6.8079405264,44.4337177215],[6.8167066028,44.4257122337],[6.8318781389,44.4192631752],[6.8357081393,44.4126210023],[6.8470381417,44.4052769543],[6.8455271143,44.4073470819],[6.8523527537,44.4201138255],[6.8595318049,44.4185127018],[6.8678003478,44.4219435579],[6.8721168588,44.4280365219],[6.881666855,44.4255064],[6.8856632015,44.4175152449],[6.8893279007,44.4257606537],[6.9028300586,44.4204027809],[6.9179510023,44.4275852653],[6.9252209631,44.4225142855],[6.9329835183,44.4250682373],[6.9337472901,44.429971992],[6.9463887609,44.4270572328],[6.9481920718,44.4297001274],[6.9395816405,44.4338066707],[6.9367824952,44.4398536317],[6.912559226,44.4508159805],[6.9063624305,44.4676388203],[6.8830626413,44.4762820724],[6.8758299221,44.4823058782],[6.8768461986,44.4887486497],[6.8663950549,44.4942918834],[6.8612319686,44.5032370294],[6.8581234976,44.5036567999],[6.8445014218,44.4999696224],[6.8366833831,44.4924964008],[6.8302671355,44.4930764454],[6.8159908859,44.5045165816],[6.8076215868,44.5070464824],[6.7808806647,44.4985909927],[6.7702202557,44.475413949],[6.7635281014,44.4718485286],[6.7697654789,44.4662973309],[6.7673718245,44.4553878488],[6.7785105097,44.4420719414]]]]}},{"type":"Feature","properties":{"name":"Parc national de la Vanoise"},"geometry":{"type":"MultiPolygon","coordinates":[[[[6.53371626,45.25212567],[6.56774099,45.26575427],[6.60935432,45.26500754],[6.61578493,45.26905051],[6.61571097,45.27889713],[6.62365139,45.28153332],[6.62410458,45.28910774],[6.61793349,45.301151],[6.61169787,45.30568834],[6.60223874,45.31071667],[6.58122785,45.31414066],[6.57978318,45.31869375],[6.57298805,45.32111036],[6.56669204,45.35385954],[6.56007884,45.35859494],[6.55699214,45.36650789],[6.55100725,45.37110556],[6.55006468,45.37717457],[6.53634719,45.39174192],[6.53281383,45.40841134],[6.52165814,45.42239103],[6.52484437,45.43145763],[6.5220187,45.43736922],[6.51569402,45.43919022],[6.5062287,45.44846413],[6.50060956,45.44443945],[6.49675385,45.43404112],[6.49308263,45.43286668],[6.48859071,45.41902685],[6.49075593,45.40948637],[6.47467018,45.39616908],[6.45816093,45.39092962],[6.45416609,45.38098522],[6.44358369,45.37614666],[6.43791045,45.36856979],[6.43890041,45.35707481],[6.4329719,45.35174085],[6.4331065,45.34646413],[6.42149653,45.34119564],[6.41517421,45.34209178],[6.42288418,45.33736778],[6.4214844,45.33102045],[6.42773492,45.32088787],[6.43388172,45.32112295],[6.44681465,45.31355083],[6.44999321,45.29722944],[6.46712517,45.29139081],[6.50357415,45.2880282],[6.50729463,45.27127311],[6.51613233,45.26648877],[6.5201991,45.25832991],[6.53371626,45.25212567]]],[[[6.78279296,45.55033995],[6.75203042,45.55722134],[6.75003769,45.54995878],[6.74013487,45.54714285],[6.74652695,45.54053823],[6.74058249,45.52221097],[6.75573047,45.51845978],[6.75942426,45.51430645],[6.75760756,45.51077035],[6.76113957,45.51085938],[6.76879757,45.49920757],[6.77861089,45.49365783],[6.79816977,45.4919516],[6.80715669,45.4848766],[6.81046378,45.47736305],[6.84306665,45.48259476],[6.84070604,45.48632033],[6.84372729,45.49133485],[6.83822371,45.49919676],[6.83931981,45.51469854],[6.82417608,45.52057588],[6.82267966,45.53111819],[6.82347173,45.53622135],[6.83151972,45.54325544],[6.84727164,45.54190994],[6.84694642,45.54545467],[6.80454727,45.55319182],[6.80381144,45.54957461],[6.78279296,45.55033995]]]]}},{"type":"Feature","properties":{"name":"Parc national de forêts"},"geometry":{"type":"MultiPolygon","coordinates":[[[[5.19925739,47.73884665],[5.19350277,47.75338795],[5.2000195,47.75790717],[5.22094721,47.7549612],[5.22524454,47.75791483],[5.23118128,47.75664212],[5.23510367,47.76734507],[5.22991182,47.773736],[5.23475103,47.77675821],[5.22051495,47.78726726],[5.22532285,47.79728639],[5.23902607,47.80239068],[5.24932709,47.80046285],[5.27649842,47.81445683],[5.29077118,47.815523],[5.28319263,47.82310807],[5.28377896,47.82763817],[5.28597549,47.83347755],[5.29533157,47.8405284],[5.28337056,47.840698],[5.28385196,47.84455573],[5.27964745,47.84466185],[5.26688266,47.84228293],[5.26315962,47.8378314],[5.24311663,47.8433252],[5.24498645,47.84642987],[5.23511804,47.85297487],[5.23497655,47.85822931],[5.24165381,47.86365705],[5.2327454,47.8658131],[5.23176759,47.86871731],[5.22135276,47.86659029],[5.21757069,47.87022358],[5.22671537,47.87415142],[5.23348499,47.88419837],[5.23266412,47.89119246],[5.2242793,47.89688957],[5.22933287,47.90061198],[5.22451036,47.90511954],[5.22726839,47.9071551],[5.22270932,47.90882606],[5.2218537,47.92354167],[5.25071455,47.93752142],[5.26691045,47.93332424],[5.27982203,47.92507947],[5.29916781,47.92731511],[5.31006195,47.92000758],[5.3288599,47.91581253],[5.34856759,47.92869841],[5.35117563,47.93854735],[5.36246325,47.93335097],[5.38362068,47.9383851],[5.38034635,47.94042417],[5.38021814,47.94724153],[5.37453474,47.94984688],[5.37435054,47.96656634],[5.36166271,47.97314947],[5.34741543,47.97181065],[5.32353845,47.96373469],[5.3181058,47.96481791],[5.32052827,47.96975157],[5.31661182,47.97394595],[5.30925175,47.97651709],[5.28917761,47.97824032],[5.28061857,47.97499183],[5.26389359,47.97953926],[5.24792005,47.97742938],[5.23884095,47.989038],[5.22503502,47.9875553],[5.22174261,47.99746922],[5.20068155,48.01552641],[5.18869657,48.00993255],[5.18038326,48.01490324],[5.17330945,48.01431032],[5.16829068,48.01252231],[5.17300172,48.01122457],[5.16702305,48.0071172],[5.11876971,47.99889751],[5.10102093,48.00743766],[5.10476347,48.00739687],[5.10552722,48.01307802],[5.08852199,48.01696308],[5.08737567,48.02130895],[5.0905307,48.02393468],[5.08630085,48.0264187],[5.09276938,48.02958062],[5.087127,48.03393069],[5.09217092,48.0397735],[5.0769456,48.03869552],[5.07649864,48.03137216],[5.06485061,48.025868],[5.05918719,48.02658387],[5.05371467,48.03959641],[5.04025961,48.04148223],[5.03265979,48.05160032],[5.03276409,48.06410466],[5.01400349,48.0739822],[5.00763438,48.07412783],[5.00078184,48.08081195],[5.01033941,48.08483587],[5.00782596,48.08586529],[5.01032406,48.09934923],[4.99769918,48.10202038],[4.96508389,48.09312899],[4.95885209,48.08260663],[4.95406918,48.08226389],[4.94828295,48.08743108],[4.9300955,48.09403398],[4.91298118,48.10646461],[4.89669892,48.09959616],[4.90305413,48.09150878],[4.90143179,48.07205628],[4.89520868,48.07004936],[4.89253492,48.07527349],[4.88295845,48.07501289],[4.85308828,48.06575987],[4.84776275,48.06800022],[4.83215559,48.05397265],[4.84107202,48.04676489],[4.83634818,48.03233214],[4.84302494,48.02686116],[4.84313528,48.02586748],[4.83975994,48.02762875],[4.83543978,48.02277334],[4.82539361,48.02019768],[4.80489854,48.02211604],[4.79023508,48.01816432],[4.78946806,48.00701701],[4.79321632,48.00611921],[4.79324485,47.99653947],[4.81058822,47.98865399],[4.80134555,47.98483435],[4.79755161,47.98670891],[4.78747236,47.97136191],[4.78094397,47.96824022],[4.76071239,47.96546015],[4.75828787,47.96675665],[4.76013249,47.97169158],[4.75177577,47.97294158],[4.74532642,47.96487225],[4.7373287,47.97312805],[4.7219111,47.97434771],[4.71083757,47.96792395],[4.69966109,47.96577181],[4.70247315,47.95993151],[4.70850252,47.96159661],[4.70420852,47.95663344],[4.70581264,47.95263603],[4.70237125,47.95229076],[4.68354806,47.96648795],[4.67754937,47.9638778],[4.66331809,47.96821522],[4.66494848,47.96951263],[4.65340226,47.9690752],[4.63713248,47.97834818],[4.62115686,47.96384362],[4.6058563,47.9653705],[4.60147687,47.96090535],[4.60088699,47.95166465],[4.59914681,47.94683218],[4.59979233,47.95384255],[4.59310743,47.94844982],[4.57834461,47.95720553],[4.57727723,47.9528561],[4.58586147,47.9454847],[4.58621278,47.93980468],[4.5802567,47.93188191],[4.56954756,47.92724039],[4.56655504,47.92132327],[4.59159469,47.92277251],[4.60835024,47.91905443],[4.61320205,47.93576108],[4.62001286,47.93210102],[4.63941968,47.93340076],[4.65175735,47.92539576],[4.64738611,47.91288833],[4.61486377,47.89895023],[4.61647246,47.89313738],[4.61034918,47.89132941],[4.60835488,47.88407896],[4.59363571,47.88433555],[4.58285376,47.89075372],[4.56672421,47.87919792],[4.5539178,47.87673434],[4.5299513,47.89409434],[4.54795856,47.90089017],[4.55061939,47.9096332],[4.53074405,47.92270726],[4.5262713,47.92051875],[4.5340967,47.91319059],[4.52282735,47.90498497],[4.52315621,47.89843674],[4.50982657,47.89653501],[4.5101167,47.8840995],[4.50425792,47.88163274],[4.52032476,47.86822327],[4.51894857,47.86346399],[4.50229937,47.85596046],[4.51090848,47.85162907],[4.49843891,47.8458381],[4.49047473,47.83859699],[4.48877994,47.83169449],[4.46522318,47.81878046],[4.45927291,47.80284972],[4.46234796,47.79378534],[4.48932496,47.79221499],[4.50115898,47.78671236],[4.51862611,47.76508774],[4.51902154,47.75803041],[4.53419211,47.75792263],[4.53245405,47.73765906],[4.53626645,47.73075659],[4.53546117,47.72156775],[4.54158269,47.71605886],[4.54900949,47.71557636],[4.55530821,47.700078],[4.58020211,47.70737119],[4.58710173,47.70612096],[4.58762762,47.71074559],[4.59327233,47.71034025],[4.59708706,47.71385501],[4.59598417,47.71858464],[4.59889678,47.71979801],[4.60217942,47.71383669],[4.62252051,47.71598432],[4.62473536,47.7250542],[4.64063163,47.72788424],[4.64067861,47.73265849],[4.62308251,47.74300039],[4.60452645,47.73920855],[4.5941496,47.74543805],[4.59709224,47.74712043],[4.59056292,47.75037444],[4.59252292,47.75376379],[4.6018832,47.75010594],[4.60708714,47.75302779],[4.59906769,47.75800095],[4.58635326,47.75862287],[4.58235714,47.75551177],[4.56417153,47.76257257],[4.54572822,47.75742792],[4.54893759,47.76013656],[4.53739974,47.76313328],[4.53784059,47.76757901],[4.55253133,47.77610458],[4.55354928,47.78229168],[4.56092483,47.78412097],[4.56770683,47.78120106],[4.56947496,47.78065076],[4.56976499,47.78061267],[4.57026399,47.78059518],[4.57070747,47.78059179],[4.56613594,47.78200597],[4.56543726,47.78798915],[4.55682255,47.79083065],[4.55845452,47.80127805],[4.57066673,47.79591006],[4.58057179,47.79824477],[4.5926122,47.79628799],[4.59568443,47.79546815],[4.594105,47.79129343],[4.60008429,47.79194701],[4.605476,47.80251839],[4.59198483,47.80969924],[4.58631022,47.8218663],[4.59096946,47.82668704],[4.60575792,47.82788726],[4.6150434,47.83399661],[4.61529974,47.83658718],[4.60864629,47.83733243],[4.60401828,47.84280577],[4.60849598,47.84584295],[4.65523667,47.8418312],[4.67443545,47.85501082],[4.67530908,47.84710265],[4.67041417,47.84389809],[4.6655691,47.83726854],[4.6751353,47.84187327],[4.6739678,47.83352131],[4.68427852,47.83663564],[4.69229865,47.83326529],[4.69076195,47.83150036],[4.69538625,47.82715263],[4.70174708,47.82468031],[4.69200276,47.82019987],[4.69983111,47.81121588],[4.71113133,47.81624621],[4.71798049,47.8125138],[4.73115957,47.81980176],[4.74639222,47.81673774],[4.74748155,47.81406259],[4.76638607,47.8144199],[4.76463926,47.80996528],[4.76690519,47.80841766],[4.76731945,47.81178057],[4.77504411,47.81390372],[4.78017462,47.80668446],[4.78005846,47.78974056],[4.79151745,47.78527405],[4.78954627,47.7884005],[4.79416072,47.78832083],[4.78939777,47.79427657],[4.79110543,47.79582736],[4.78533263,47.79661514],[4.80449824,47.79770014],[4.80235232,47.80800932],[4.80636872,47.80766228],[4.80641784,47.80263686],[4.807878,47.80474911],[4.81819564,47.8025854],[4.81873007,47.80512467],[4.81669809,47.81048776],[4.81889824,47.81281241],[4.81017295,47.81331768],[4.80950654,47.81819855],[4.80302376,47.81723102],[4.80701721,47.82721723],[4.79976566,47.81936246],[4.79455586,47.82390203],[4.79836715,47.82934597],[4.79011271,47.82557211],[4.78390176,47.83211948],[4.79150478,47.82989026],[4.796471,47.83576995],[4.78753661,47.8367735],[4.79559292,47.83958427],[4.79231533,47.84086196],[4.78178374,47.83576098],[4.77740871,47.83987318],[4.76926996,47.84016433],[4.76163287,47.83017266],[4.76580893,47.82975767],[4.76886257,47.82601693],[4.77829921,47.83148701],[4.77658562,47.82780557],[4.78154099,47.82722543],[4.76599055,47.82460049],[4.76473052,47.82907092],[4.75886886,47.82940585],[4.75910518,47.83209938],[4.74601185,47.83026481],[4.73366391,47.83333955],[4.73149335,47.83850349],[4.7248288,47.84076375],[4.72618393,47.84446276],[4.72324694,47.8464645],[4.70945736,47.84461036],[4.69842674,47.84688286],[4.73235284,47.86569563],[4.76140367,47.86463013],[4.75604793,47.88035687],[4.76830719,47.87870358],[4.76793049,47.88120749],[4.7850329,47.88871099],[4.79038871,47.89887316],[4.79875007,47.90446998],[4.79118716,47.91089776],[4.79238719,47.91418306],[4.78306564,47.91888837],[4.78400592,47.92297362],[4.80709253,47.92462388],[4.81666737,47.92076469],[4.82152085,47.91172293],[4.82670773,47.91230131],[4.83074251,47.91724674],[4.8264881,47.91741677],[4.82498762,47.92173952],[4.82632415,47.92749808],[4.8324554,47.92638475],[4.83062159,47.93281046],[4.83317163,47.92788725],[4.83279837,47.92404159],[4.83877603,47.91937641],[4.85208009,47.92012041],[4.87459786,47.91543036],[4.87724111,47.90916154],[4.87128954,47.90458073],[4.87293948,47.90194307],[4.88320498,47.90203614],[4.8784601,47.89685468],[4.88390588,47.89324033],[4.88818771,47.90062873],[4.89281675,47.89530874],[4.89493907,47.89800437],[4.89659772,47.89429979],[4.90178921,47.89539456],[4.89727016,47.90609052],[4.90497257,47.92349949],[4.9075408,47.91967986],[4.90837208,47.92407284],[4.9110712,47.92407477],[4.91434904,47.91928138],[4.90980268,47.91845797],[4.93397189,47.90791075],[4.93896404,47.90106971],[4.94418567,47.90257841],[4.94441938,47.89703609],[4.94776634,47.89314413],[4.94824276,47.90427823],[4.95623078,47.90821917],[4.95256235,47.90987878],[4.96262181,47.9164967],[4.97162304,47.91627571],[4.97390365,47.91967181],[4.97042769,47.92361856],[4.97981535,47.93080426],[4.99044209,47.9292448],[5.00075553,47.93231486],[5.00412117,47.93118656],[5.0032482,47.92850802],[5.00886621,47.92759142],[5.01197943,47.93120302],[5.02155044,47.92525309],[5.01997454,47.92088429],[5.0229352,47.91747009],[5.03517322,47.91998308],[5.03514868,47.92359658],[5.02301363,47.92791325],[5.03347237,47.92987452],[5.01501936,47.9381961],[5.01186278,47.94300246],[5.01581743,47.94633658],[5.01498581,47.94395728],[5.02793894,47.94670676],[5.03508523,47.94436232],[5.02768323,47.94770432],[5.03103249,47.9545033],[5.01931868,47.95286545],[5.01763529,47.95604372],[5.02653069,47.96229239],[5.03890997,47.96332477],[5.04139545,47.96549818],[5.03886451,47.97033393],[5.0411355,47.97097384],[5.03055838,47.97368051],[5.01949886,47.97029065],[5.00802832,47.97359649],[5.00635111,47.97027118],[5.01160901,47.96269482],[4.99218891,47.95971717],[4.99037455,47.96147966],[4.99334641,47.9622214],[4.99456366,47.96308306],[4.97910284,47.96944252],[4.98353382,47.9716379],[4.99674155,47.988089],[4.98203998,47.98614724],[4.98250463,47.98310797],[4.9873933,47.98410047],[4.98594807,47.9819346],[4.98978285,47.97958541],[4.98486205,47.97928617],[4.9738474,47.97064831],[4.97090951,47.97215909],[4.97318328,47.97400436],[4.96984821,47.97239805],[4.9711717,47.98154319],[4.98244106,47.99049223],[4.9758919,47.99150732],[4.9669152,47.98472646],[4.96494564,47.98959614],[4.9444307,48.004403],[4.9300541,48.00351219],[4.92002337,48.00726335],[4.92663741,48.01672755],[4.92433541,48.0205029],[4.93010208,48.02351529],[4.93708972,48.02258637],[4.94445461,48.02820016],[4.94411333,48.0361538],[4.95443374,48.03303134],[4.97588822,48.03532019],[4.97535383,48.04163197],[4.98536541,48.04425859],[5.00714791,48.0386908],[5.03119828,48.03966401],[5.04921959,48.02788265],[5.04335145,48.0223435],[5.04661984,48.01557263],[5.03753172,48.01499976],[5.03793537,48.01084499],[5.04567482,48.00766068],[5.03928183,48.00227382],[5.05548899,47.99866932],[5.08313647,48.00517225],[5.08773151,47.9993389],[5.09445794,48.00060603],[5.10278824,47.99606509],[5.10505439,47.99542752],[5.10668074,47.9944626],[5.09933665,47.98648956],[5.10134778,47.98121506],[5.09926863,47.96954482],[5.0999427,47.96647284],[5.10517254,47.96603333],[5.10702829,47.95533108],[5.10023127,47.95573498],[5.09180458,47.96560732],[5.08412447,47.96729504],[5.08577896,47.96469658],[5.07765841,47.96050285],[5.07635793,47.95007441],[5.06491942,47.94733153],[5.06235585,47.94285343],[5.07677524,47.93818288],[5.07754014,47.93487243],[5.07061468,47.93115717],[5.07849868,47.931874],[5.08272384,47.92666181],[5.06897252,47.9151229],[5.05803231,47.9191691],[5.06522343,47.91018873],[5.05973629,47.91239983],[5.05671641,47.90882766],[5.05004523,47.91423202],[5.04250836,47.91175197],[5.0468114,47.90964623],[5.04337158,47.90592794],[5.04728996,47.90633095],[5.05368743,47.89971856],[5.05219232,47.8967929],[5.05606185,47.89554583],[5.05513827,47.89248129],[5.06404746,47.89839487],[5.06223835,47.90273528],[5.06267498,47.90446937],[5.06566186,47.89941701],[5.07581781,47.89976723],[5.07124076,47.89359828],[5.07994996,47.8896871],[5.07123243,47.88575875],[5.07055241,47.88898971],[5.06155421,47.88706675],[5.05805779,47.88139359],[5.04718757,47.87765922],[5.05151352,47.87325993],[5.0564154,47.87422507],[5.06830002,47.86799952],[5.07162997,47.87083577],[5.08076852,47.8699423],[5.08305954,47.87342],[5.07951685,47.87584628],[5.06785946,47.87268441],[5.06366416,47.87629775],[5.06910673,47.87707851],[5.07051713,47.87467372],[5.07943279,47.88047013],[5.08070774,47.87667724],[5.091035,47.88011903],[5.09266658,47.87656142],[5.08781105,47.87121022],[5.1037166,47.87372821],[5.09325392,47.8707317],[5.09103732,47.86239132],[5.08597924,47.86035495],[5.09018134,47.85463092],[5.09394619,47.85519534],[5.0940472,47.85039746],[5.09557837,47.85383085],[5.10381313,47.8541588],[5.10280815,47.85761987],[5.11193419,47.85724335],[5.1045263,47.84445468],[5.10944772,47.83789576],[5.10346989,47.84055679],[5.1073358,47.83001657],[5.11538214,47.82393238],[5.11436522,47.81354325],[5.12897949,47.81522117],[5.12789652,47.81847466],[5.133868,47.82284573],[5.13127079,47.8240978],[5.13649988,47.82302818],[5.13167365,47.82746007],[5.13921061,47.83289809],[5.13424229,47.8347504],[5.13498102,47.83834772],[5.14057922,47.83836477],[5.13918327,47.84332575],[5.15025365,47.84522294],[5.14440069,47.84491011],[5.14569241,47.84792833],[5.13903596,47.85002956],[5.14610623,47.85970148],[5.14171381,47.86338493],[5.15429245,47.86325635],[5.15004792,47.86703984],[5.15984605,47.86870516],[5.16775498,47.85954596],[5.16347893,47.85290456],[5.16559932,47.85206831],[5.15821216,47.84939872],[5.16406761,47.84397729],[5.17230879,47.84299679],[5.16447229,47.84096091],[5.1650571,47.83835857],[5.17078648,47.84170134],[5.17383209,47.83519254],[5.18535341,47.83447765],[5.18802822,47.83900359],[5.19463235,47.83626664],[5.19603911,47.83446355],[5.19050445,47.83161403],[5.19440749,47.83010444],[5.19126192,47.82840274],[5.19324651,47.82626114],[5.17544832,47.81960749],[5.18101323,47.81691073],[5.17767401,47.81564021],[5.18416955,47.8158693],[5.18366592,47.80999207],[5.19059203,47.80609515],[5.178086,47.80029029],[5.18533197,47.80219315],[5.18964201,47.7987716],[5.19543931,47.79984396],[5.19645836,47.79708927],[5.19197507,47.79515908],[5.19731565,47.79209897],[5.1824186,47.76935159],[5.18645741,47.76811039],[5.18675588,47.76033506],[5.18219596,47.75857017],[5.1811026,47.75398557],[5.17476446,47.7567279],[5.17691847,47.74650859],[5.15638407,47.744019],[5.16183614,47.74288614],[5.16264403,47.73795996],[5.1591401,47.73565043],[5.16672341,47.73460006],[5.16188229,47.73272252],[5.17210947,47.73284907],[5.15978273,47.72630367],[5.15921812,47.72295861],[5.15617378,47.73337672],[5.15138356,47.73287577],[5.15056758,47.72783563],[5.14068557,47.72439324],[5.1470572,47.72114844],[5.14090135,47.71006713],[5.13385974,47.71024808],[5.13776195,47.71195938],[5.131162,47.71396847],[5.13253777,47.71705172],[5.11791979,47.71867732],[5.11450908,47.72459771],[5.11959718,47.72511538],[5.11831948,47.72772252],[5.12172741,47.7318415],[5.11019223,47.74260974],[5.11134923,47.74540288],[5.10589703,47.74806571],[5.1073784,47.75198328],[5.11579978,47.75310754],[5.10733118,47.75471322],[5.10192998,47.75078714],[5.09467789,47.75839066],[5.08901827,47.75223746],[5.08369582,47.75224354],[5.08384154,47.74749363],[5.08462234,47.74906517],[5.09088854,47.74916346],[5.0855806,47.74791329],[5.09311912,47.73957507],[5.08744771,47.74101511],[5.08640062,47.73450641],[5.09163903,47.73305469],[5.09430751,47.72839014],[5.10215308,47.72746711],[5.10035931,47.7303273],[5.11113524,47.72459228],[5.10601461,47.72427093],[5.10585441,47.71934785],[5.10105375,47.71835002],[5.09939337,47.72240793],[5.09528132,47.72061598],[5.10199725,47.71431414],[5.09522,47.71282828],[5.09343286,47.70760314],[5.09707723,47.70384718],[5.09092755,47.70308869],[5.08891167,47.70633728],[5.08228095,47.70736715],[5.08102835,47.71054319],[5.08352199,47.71025083],[5.07966093,47.71429831],[5.07679169,47.7147585],[5.07421346,47.71049497],[5.06702289,47.71729572],[5.06911316,47.71076493],[5.05346037,47.71053657],[5.05658205,47.70455269],[5.04922366,47.70904486],[5.05119239,47.7118565],[5.05107411,47.7120554],[5.04952548,47.71160625],[5.04832497,47.71153328],[5.05563468,47.71748666],[5.06870059,47.72181607],[5.06960858,47.72465282],[5.06049135,47.72837557],[5.06453675,47.73479533],[5.06566321,47.73075837],[5.06968761,47.73311574],[5.07033921,47.74006913],[5.06222688,47.74517291],[5.04661288,47.73974427],[5.03655579,47.72693792],[5.02536928,47.72202259],[5.00440973,47.73087291],[4.98720895,47.72964652],[4.98711709,47.7331576],[4.9828312,47.73475367],[4.97154077,47.731082],[4.96983063,47.73557464],[4.95680345,47.73244848],[4.96614306,47.74056236],[4.95899659,47.75521159],[4.95996146,47.76535461],[4.97778402,47.76811061],[4.9802544,47.76530668],[4.99673276,47.76267249],[5.00513207,47.75679627],[4.99542789,47.76372624],[4.99586997,47.7667094],[4.98481242,47.76813295],[4.995767,47.77161674],[4.9904891,47.7737755],[4.98701317,47.78047282],[4.99461547,47.78141489],[4.99072956,47.78413827],[4.99242162,47.78625981],[5.01080439,47.7911669],[5.00761598,47.79355772],[5.01245898,47.79784304],[5.00660901,47.79601689],[4.99851553,47.80075508],[4.98864296,47.8012287],[4.98778661,47.80387265],[4.95524749,47.78959583],[4.92559307,47.80460956],[4.91747762,47.80446174],[4.90892664,47.81264312],[4.90902744,47.80586892],[4.89449358,47.80058915],[4.89626457,47.80207621],[4.89321306,47.80269768],[4.89283984,47.80944523],[4.89610829,47.81456392],[4.89152192,47.82256391],[4.87489004,47.82435855],[4.87254479,47.83283082],[4.88153188,47.83441264],[4.8637857,47.84021505],[4.86582976,47.84412401],[4.87168923,47.83961654],[4.86839054,47.84476311],[4.87470988,47.84962767],[4.87102358,47.84924578],[4.86413801,47.85584166],[4.87405627,47.85611628],[4.87952427,47.86154359],[4.86526937,47.86261733],[4.86367965,47.86404534],[4.86834562,47.86540984],[4.85792867,47.86898531],[4.8513305,47.87952333],[4.84258397,47.88091697],[4.84521389,47.88503077],[4.83950741,47.88222239],[4.82629274,47.8840208],[4.82312684,47.88967898],[4.81206551,47.8928529],[4.80722437,47.89797507],[4.79751226,47.897433],[4.79677452,47.89484136],[4.80741283,47.88721228],[4.80252026,47.87702793],[4.81184545,47.87662108],[4.81812375,47.87144917],[4.81269114,47.86872922],[4.8237648,47.86454586],[4.81952258,47.8619494],[4.82628022,47.86176485],[4.83460389,47.86835902],[4.83893511,47.86741061],[4.83865028,47.86431442],[4.84757181,47.86433964],[4.8491263,47.86076823],[4.84309555,47.85469131],[4.83158411,47.85563853],[4.8261161,47.85219667],[4.84021888,47.85091002],[4.83237218,47.83909896],[4.83891431,47.84170718],[4.84097396,47.8385819],[4.85142132,47.83841291],[4.83983526,47.82694293],[4.85247994,47.83072427],[4.85068663,47.82238502],[4.8536731,47.82561539],[4.85666048,47.8262849],[4.85368797,47.82447372],[4.85985674,47.82644958],[4.86426688,47.82430372],[4.85920407,47.81879181],[4.86544834,47.81376907],[4.84778297,47.79683319],[4.8385746,47.79683283],[4.8402557,47.79209868],[4.83541522,47.78930303],[4.83417398,47.78359748],[4.8458056,47.77947229],[4.8441572,47.77386271],[4.84799311,47.7690485],[4.85144118,47.77471316],[4.85172037,47.76452017],[4.85776532,47.76397969],[4.85891988,47.75336645],[4.86433216,47.7523279],[4.86492417,47.74434185],[4.87245496,47.7393672],[4.86777713,47.73145626],[4.87226983,47.73170947],[4.87667399,47.72497934],[4.8757124,47.72082362],[4.87259643,47.71598573],[4.85532893,47.7254701],[4.83412295,47.7104695],[4.84086098,47.71109668],[4.8373731,47.70710769],[4.84012519,47.70505971],[4.85400072,47.70870392],[4.85717747,47.7050899],[4.86047358,47.70610878],[4.85972363,47.71107704],[4.86325176,47.70507927],[4.87024273,47.70562618],[4.86666768,47.70376714],[4.87228885,47.69726773],[4.86812676,47.69506764],[4.86420047,47.70171965],[4.84202633,47.70375035],[4.8407121,47.7015293],[4.824869,47.70681863],[4.83119322,47.69857046],[4.81910471,47.70661901],[4.81619486,47.70571933],[4.82304991,47.69214298],[4.82760727,47.6976418],[4.83821846,47.69481091],[4.83549992,47.69256106],[4.83765433,47.68887238],[4.83474054,47.68770397],[4.82102783,47.68954693],[4.81812178,47.69255976],[4.82158182,47.68626422],[4.81890166,47.68261618],[4.81405907,47.69665327],[4.80787754,47.69305873],[4.80329337,47.69529538],[4.80821891,47.68880552],[4.80416153,47.68804333],[4.79716662,47.6907281],[4.79737397,47.69648209],[4.79237155,47.69467444],[4.77796958,47.70264415],[4.77601977,47.70948406],[4.77818416,47.7116118],[4.79239232,47.71632926],[4.78861534,47.72008447],[4.78844014,47.72968547],[4.79151643,47.73078403],[4.79154012,47.72158993],[4.79489072,47.71754038],[4.79378522,47.72099735],[4.79909308,47.72396378],[4.79732418,47.726508],[4.80510556,47.72702193],[4.79723534,47.73281281],[4.80203434,47.7310346],[4.80307099,47.7336922],[4.80065554,47.73369942],[4.81031582,47.73819109],[4.80178597,47.73934778],[4.79973867,47.7435863],[4.80736475,47.75590787],[4.80110108,47.75995633],[4.81055589,47.76365207],[4.80345218,47.7652385],[4.80557647,47.76916254],[4.79703434,47.77433765],[4.79229082,47.77173965],[4.79788454,47.76766465],[4.79234431,47.76340478],[4.78737071,47.76355229],[4.77895294,47.77030383],[4.77761337,47.76510197],[4.76501408,47.75530767],[4.75840708,47.7588744],[4.75499053,47.75687841],[4.75325764,47.75536053],[4.758791,47.75401795],[4.75445856,47.74820046],[4.73016248,47.74594011],[4.70580999,47.75407847],[4.69599119,47.74991738],[4.70537795,47.7448748],[4.69714072,47.74599569],[4.69710662,47.74154058],[4.71269545,47.73875144],[4.71363685,47.73492261],[4.71714969,47.73349228],[4.71831643,47.73245452],[4.72067163,47.73150642],[4.72114939,47.73100802],[4.71655597,47.72851451],[4.72137066,47.72579807],[4.71555331,47.72131247],[4.71614692,47.72616369],[4.70926477,47.72376106],[4.71191646,47.72644009],[4.70896534,47.72739736],[4.71255777,47.73244768],[4.71116426,47.73639672],[4.70599234,47.73881305],[4.70276932,47.73607682],[4.70137724,47.73919165],[4.68267562,47.74298703],[4.6824137,47.73960971],[4.6773972,47.73921498],[4.68483725,47.72739023],[4.73567808,47.7115414],[4.73887676,47.7176302],[4.74361478,47.71932423],[4.74947736,47.71397636],[4.74888203,47.71038863],[4.75914605,47.70524893],[4.75712755,47.70054105],[4.75120208,47.69790024],[4.74614797,47.70038769],[4.72864057,47.69518304],[4.68277418,47.67665449],[4.68792792,47.66685168],[4.69999809,47.66423334],[4.71234236,47.64831316],[4.71146706,47.6448256],[4.71726857,47.64013629],[4.71819577,47.63500799],[4.72712912,47.6293591],[4.72767862,47.61983819],[4.72493821,47.61716154],[4.72859986,47.61201785],[4.72388969,47.60807204],[4.72708734,47.60448559],[4.73305282,47.60424592],[4.73699591,47.59589705],[4.74274445,47.59662616],[4.7444387,47.59344247],[4.74865268,47.59710501],[4.75674974,47.59257985],[4.79034588,47.60108],[4.81861218,47.59767996],[4.8271309,47.60163814],[4.83434143,47.60041941],[4.83599052,47.59820561],[4.82316674,47.58008249],[4.82831533,47.57421887],[4.82247075,47.57859876],[4.82922276,47.5714216],[4.83940964,47.57090758],[4.85530672,47.57212165],[4.88307566,47.60451032],[4.90011303,47.59155099],[4.89790207,47.5711507],[4.91238287,47.57548853],[4.92527943,47.56313367],[4.9415638,47.55893257],[4.94849908,47.57278669],[4.93629263,47.5826944],[4.91301167,47.58754883],[4.90513834,47.58442004],[4.9039548,47.58791664],[4.91734312,47.59876585],[4.93309344,47.60464668],[4.93335639,47.60749654],[4.95556673,47.60953153],[4.94927396,47.61601329],[4.95456357,47.62228066],[4.9411894,47.63409247],[4.89946226,47.65222291],[4.90661655,47.6549479],[4.90581709,47.65196637],[4.91212298,47.64863557],[4.90898646,47.65414571],[4.90990094,47.66520868],[4.92687676,47.66342734],[4.93227105,47.66947418],[4.94105582,47.66857772],[4.9390814,47.66618494],[4.94930366,47.65799537],[4.9601927,47.65530839],[4.97012689,47.6342292],[4.96651863,47.63145472],[4.96175154,47.63468351],[4.95845283,47.62835519],[4.96577367,47.62421288],[4.9714632,47.62684423],[4.96835699,47.6186401],[4.97269037,47.61006639],[5.00427662,47.59381181],[5.03698223,47.59721728],[5.03747114,47.59973892],[5.04678397,47.59663341],[5.03781654,47.61642832],[5.03951107,47.61885054],[5.05090004,47.61836742],[5.05269883,47.62441808],[5.04450185,47.62982385],[5.04417166,47.63427852],[5.06421833,47.65858253],[5.05862247,47.66649576],[5.06585308,47.66906394],[5.0677558,47.66460937],[5.06915882,47.66858138],[5.07153082,47.66420576],[5.07953195,47.66820278],[5.076933,47.66304381],[5.0790831,47.65952823],[5.08365415,47.66044175],[5.08337677,47.6575375],[5.10151696,47.65958433],[5.10887434,47.64968772],[5.11660118,47.65189266],[5.12536946,47.64677308],[5.13857164,47.65086588],[5.13608684,47.65360539],[5.14350682,47.65605641],[5.15631363,47.66797917],[5.161584,47.68043454],[5.17843951,47.68098244],[5.17318851,47.66609175],[5.17371214,47.65218839],[5.21231515,47.64141569],[5.22127159,47.63223846],[5.23024536,47.62954074],[5.229043,47.62578986],[5.23736977,47.62103734],[5.238963,47.61609204],[5.25054351,47.62214838],[5.26339167,47.62096983],[5.27562269,47.62547672],[5.27788963,47.62793945],[5.27617424,47.6332866],[5.28378012,47.63625286],[5.29371457,47.65152474],[5.30556812,47.65626293],[5.31949989,47.65406106],[5.32814973,47.65626899],[5.32923425,47.66843715],[5.33321723,47.67324367],[5.31368451,47.67929951],[5.31487688,47.69751654],[5.31847663,47.70462456],[5.31579863,47.70893676],[5.3024939,47.7097136],[5.29345196,47.69934613],[5.26766202,47.69501823],[5.25767203,47.69872416],[5.24981059,47.7082987],[5.23920879,47.71327981],[5.23971008,47.72717181],[5.25130292,47.72817839],[5.24948323,47.73021592],[5.25380788,47.73067025],[5.25653812,47.73724472],[5.25466067,47.73949683],[5.26642442,47.7457337],[5.26685189,47.75003571],[5.28100982,47.750264],[5.27220174,47.75989146],[5.24670392,47.7719609],[5.23882942,47.76225687],[5.23188949,47.73907523],[5.22570065,47.73567431],[5.21256743,47.73703446],[5.21016189,47.74011427],[5.19925739,47.73884665]],[[4.96429103,47.66701275],[4.96322132,47.67894068],[4.96970361,47.68028481],[4.99905844,47.67156705],[4.99881196,47.66684071],[5.00263526,47.66461886],[4.99632831,47.66348155],[4.99321766,47.65877798],[4.98506715,47.65917873],[4.98746317,47.6533801],[4.9844345,47.64360757],[4.98927389,47.64158223],[4.98697442,47.63961532],[4.97718558,47.642822],[4.96846629,47.6500588],[4.9716213,47.65217819],[4.96883133,47.65890238],[4.97144276,47.6616612],[4.96429103,47.66701275]]],[[[4.89764793,47.57065455],[4.89784907,47.57103574],[4.89778009,47.57090503],[4.89764793,47.57065455]]],[[[4.66438212,47.73783691],[4.67638145,47.74691456],[4.67837134,47.75368184],[4.68574394,47.75997486],[4.68253267,47.76357997],[4.67728918,47.75870628],[4.66561769,47.76115098],[4.65147923,47.77411752],[4.64003564,47.76861814],[4.65512579,47.76269413],[4.64677354,47.75942692],[4.65331898,47.74988144],[4.65047444,47.74303473],[4.66438212,47.73783691]]],[[[4.57351406,47.7807055],[4.57375482,47.78085235],[4.57317067,47.78080801],[4.57351406,47.7807055]]],[[[4.60169566,47.75917789],[4.60160078,47.75915528],[4.60153717,47.75913785],[4.60169566,47.75917789]]],[[[4.60268811,47.75931885],[4.60210322,47.75926645],[4.60261658,47.7593046],[4.60268811,47.75931885]]],[[[4.6034816,47.75950758],[4.60297409,47.75937582],[4.60348225,47.75950633],[4.6034816,47.75950758]]],[[[5.0517615,47.79857623],[5.05491001,47.79750675],[5.05530407,47.79211571],[5.05652148,47.79012829],[5.05961397,47.79240978],[5.06291788,47.78977913],[5.04469448,47.78469243],[5.04432634,47.78137637],[5.05381043,47.78024413],[5.05041018,47.77620403],[5.04989432,47.77268744],[5.05342328,47.77665336],[5.06278008,47.77760769],[5.05945762,47.78183786],[5.07855689,47.77632154],[5.0828038,47.77914331],[5.0780623,47.78264594],[5.0843548,47.78206046],[5.08812398,47.78612508],[5.07478041,47.7858454],[5.07949813,47.78923776],[5.06574126,47.79119323],[5.06650629,47.79761484],[5.0635229,47.79825786],[5.0661988,47.80399521],[5.09643243,47.80261255],[5.0918231,47.80921491],[5.09508643,47.81321413],[5.09847049,47.81072873],[5.10294576,47.812411],[5.09904243,47.8190965],[5.08438048,47.8200514],[5.08263339,47.82263351],[5.09778749,47.82242739],[5.09656233,47.82447297],[5.10580383,47.81958744],[5.09857992,47.82689997],[5.10163986,47.82757739],[5.10231138,47.83383771],[5.09420866,47.83192405],[5.08998113,47.83578856],[5.09671656,47.84070216],[5.09482326,47.84662395],[5.08174198,47.84443299],[5.0723173,47.85090537],[5.07634349,47.85524466],[5.07264181,47.86005461],[5.06200871,47.86128742],[5.06458386,47.8576215],[5.04421755,47.85645103],[5.03516666,47.84894469],[5.02439901,47.84775108],[5.02297128,47.85095167],[5.01210305,47.85137476],[5.01881891,47.85406699],[5.02051412,47.8589051],[5.01499259,47.85424055],[5.00591769,47.85642164],[5.01505509,47.86198343],[5.0105411,47.86195906],[5.00844356,47.86325771],[5.01496915,47.86446157],[5.01805959,47.86729582],[5.01644933,47.86947625],[5.0052727,47.86972083],[5.00180415,47.87391527],[4.99725192,47.86623171],[4.99966531,47.8654593],[5.00011856,47.86203657],[4.99837923,47.86486948],[4.9921344,47.86344406],[4.99368985,47.86911095],[4.9874087,47.86759712],[4.98074902,47.8735142],[4.97089274,47.87362183],[4.96630355,47.87691139],[4.96472377,47.87317044],[4.97584957,47.86600136],[4.97142758,47.86537742],[4.97572071,47.86308334],[4.97382272,47.85940969],[4.98470296,47.85766954],[4.989337,47.86180424],[4.99120996,47.85715504],[4.98318244,47.85600347],[4.98243905,47.85206527],[4.97715936,47.85562332],[4.96524215,47.85238879],[4.96355674,47.84794078],[4.96346157,47.85214454],[4.95276081,47.85431829],[4.95704901,47.85806368],[4.94777104,47.85373659],[4.94269066,47.85740866],[4.94023815,47.85362314],[4.93965617,47.85860896],[4.93337633,47.85676951],[4.92837601,47.86425597],[4.9208356,47.86859851],[4.90481746,47.85866301],[4.91631639,47.84640995],[4.93971991,47.83657598],[4.96179083,47.82944318],[4.98456678,47.82896172],[4.98598338,47.82254027],[4.99412664,47.81974615],[4.98879497,47.81865285],[4.99387256,47.81336287],[4.98846531,47.80808625],[4.99479441,47.81045587],[4.99247324,47.80454986],[4.99743637,47.80498943],[5.00550764,47.8370881],[5.02527029,47.83713716],[5.02375637,47.82667933],[5.01826332,47.82687153],[5.01571762,47.82343883],[5.02075718,47.82118314],[5.022703,47.82339701],[5.02478786,47.82110675],[5.02146381,47.8196551],[5.02431517,47.81640524],[5.03003916,47.82111801],[5.03757362,47.81669705],[5.05207216,47.83074562],[5.04508709,47.82000988],[5.0533667,47.82080884],[5.05370149,47.8146188],[5.04897943,47.81336259],[5.05426984,47.81089648],[5.0442756,47.80844746],[5.05343643,47.7999775],[5.0517615,47.79857623]]],[[[5.03714406,47.81069341],[5.04079131,47.8097043],[5.04084643,47.80987363],[5.0392394,47.81033672],[5.03714406,47.81069341]]],[[[5.04585935,47.74070193],[5.0451461,47.74130809],[5.04597449,47.7405556],[5.04585935,47.74070193]]],[[[5.04472308,47.74170851],[5.04472621,47.74170527],[5.04472879,47.74170284],[5.04472308,47.74170851]]],[[[5.041911,47.74442729],[5.04140314,47.74456275],[5.04201504,47.74432322],[5.041911,47.74442729]]],[[[5.02921084,47.75302521],[5.03745287,47.74521999],[5.0378483,47.7480324],[5.03706173,47.74882741],[5.02906985,47.75338941],[5.02812445,47.75348664],[5.02676245,47.75347395],[5.02354387,47.75290786],[5.02921084,47.75302521]]],[[[5.02335842,47.75300037],[5.02300217,47.7531337],[5.02347406,47.75293697],[5.02335842,47.75300037]]],[[[5.02231917,47.75337198],[5.02218923,47.75338953],[5.02257653,47.75329299],[5.02231917,47.75337198]]],[[[5.02128748,47.75334551],[5.02080919,47.75312913],[5.02156988,47.75336359],[5.02128748,47.75334551]]],[[[5.01966717,47.75314818],[5.01973391,47.75297392],[5.01996453,47.75310193],[5.01966717,47.75314818]]],[[[5.01660191,47.75304592],[5.01742303,47.75314142],[5.01405711,47.75453849],[5.01660191,47.75304592]]],[[[5.01029505,47.75499018],[5.01338818,47.7549146],[5.00883743,47.7552441],[5.01029505,47.75499018]]],[[[5.00716098,47.75603054],[5.00700268,47.75587587],[5.00865419,47.7553072],[5.00716098,47.75603054]]],[[[4.99038248,47.8064952],[4.99036024,47.80647586],[4.98967878,47.80565624],[4.99038248,47.8064952]]],[[[4.9024289,47.85532322],[4.90244894,47.85531588],[4.90301835,47.85605106],[4.9024289,47.85532322]]],[[[4.90387845,47.8531776],[4.90456346,47.85446602],[4.904042,47.85360169],[4.90387845,47.8531776]]],[[[4.90383305,47.85136831],[4.9054855,47.85209148],[4.90540112,47.85211676],[4.90383305,47.85136831]]],[[[4.90365421,47.85128587],[4.90364202,47.85127472],[4.9037973,47.85135183],[4.90365421,47.85128587]]],[[[4.89701803,47.84607997],[4.90116107,47.84883162],[4.90126511,47.84897435],[4.89701803,47.84607997]]],[[[4.89466233,47.83828496],[4.89554328,47.84009794],[4.8931054,47.83629391],[4.89466233,47.83828496]]],[[[4.89206041,47.83465779],[4.89277236,47.83582807],[4.89300313,47.83616228],[4.89265715,47.83571695],[4.89206041,47.83465779]]],[[[4.90817462,47.81381238],[4.90487134,47.81394965],[4.9042719,47.81324366],[4.905885,47.81294997],[4.90817462,47.81381238]]],[[[4.83165113,47.71117274],[4.83027923,47.71138477],[4.83363179,47.71053032],[4.83165113,47.71117274]]],[[[4.85807412,47.7539488],[4.85793298,47.75387911],[4.85813106,47.75373264],[4.85807412,47.7539488]]],[[[4.85575563,47.75403428],[4.85240255,47.75898297],[4.84550363,47.75534025],[4.84632785,47.74882033],[4.84112332,47.75065417],[4.83347664,47.76714427],[4.81918782,47.76073579],[4.81527613,47.75446084],[4.82246643,47.75283301],[4.81224901,47.74709571],[4.814659,47.74229467],[4.8199413,47.74072583],[4.82755617,47.74265074],[4.82727983,47.73343177],[4.82507892,47.73354072],[4.82720005,47.73116359],[4.85575563,47.75403428]]],[[[4.82632651,47.73033423],[4.82702364,47.73085889],[4.8241476,47.72910358],[4.82632651,47.73033423]]],[[[4.81800853,47.72846968],[4.82320076,47.72866148],[4.82260648,47.72908807],[4.81800853,47.72846968]]],[[[4.8173744,47.72850647],[4.81752359,47.72846364],[4.8177844,47.72846689],[4.8173744,47.72850647]]],[[[4.80956976,47.7205392],[4.80988128,47.72156008],[4.80725504,47.7198985],[4.80956976,47.7205392]]],[[[4.90339142,47.88365242],[4.89010148,47.86871036],[4.90043279,47.86480638],[4.90790734,47.87163775],[4.905004,47.87520028],[4.90782916,47.87991414],[4.91167003,47.87978601],[4.91341404,47.8756157],[4.91427396,47.87982458],[4.9303243,47.87493377],[4.92419134,47.88195648],[4.90982132,47.88280481],[4.90935604,47.88535565],[4.91586268,47.88708781],[4.91146322,47.887418],[4.9138215,47.89082009],[4.90835339,47.8868911],[4.90244188,47.88887477],[4.89818452,47.8865624],[4.90339142,47.88365242]]],[[[5.01698706,47.77152138],[5.02026572,47.76464523],[5.02782962,47.7652171],[5.03108986,47.77143339],[5.0216243,47.7763455],[5.01698706,47.77152138]]],[[[4.84247165,47.81152438],[4.84452673,47.80482365],[4.85013525,47.80733862],[4.84743708,47.81438871],[4.83635095,47.8122526],[4.83745612,47.80821167],[4.84247165,47.81152438]]],[[[5.05340597,47.92025924],[5.05216518,47.92193669],[5.05159575,47.92096593],[5.05340597,47.92025924]]]]}},{"type":"Feature","properties":{"name":"Parc national des Ecrins"},"geometry":{"type":"Polygon","coordinates":[[[6.01746554,44.98577292],[6.03157426,44.98000824],[6.04157299,44.98365382],[6.04364402,44.99320698],[6.05535231,44.992382],[6.06329679,44.99671404],[6.07499509,44.98661163],[6.07200109,44.98131482],[6.07947494,44.98659997],[6.08496433,44.98090997],[6.08771173,44.98672114],[6.09414272,44.98851488],[6.11272533,44.98600159],[6.1145625,44.98411091],[6.11128983,44.98145435],[6.1190691,44.97744681],[6.11887306,44.9730844],[6.10530781,44.96741439],[6.09900628,44.95989265],[6.11071287,44.9512045],[6.1178097,44.9510835],[6.12765034,44.94581433],[6.13443039,44.9495626],[6.13578051,44.95517088],[6.14214576,44.96011014],[6.15046308,44.96427321],[6.15904341,44.96403786],[6.17377961,44.95210826],[6.15993098,44.94015723],[6.17752726,44.93742448],[6.17980759,44.93013994],[6.18712267,44.9338742],[6.19796416,44.93125447],[6.20502018,44.92395189],[6.20864197,44.92962334],[6.22696893,44.93144158],[6.23728858,44.93648394],[6.25123256,44.93406321],[6.25651621,44.92875181],[6.25786263,44.93553036],[6.26859032,44.93602707],[6.28164545,44.93493509],[6.29526879,44.92895461],[6.29787346,44.93027772],[6.29562182,44.93730284],[6.27744943,44.93932782],[6.27298226,44.95289774],[6.26351678,44.95517152],[6.25888072,44.96851266],[6.24347243,44.9684182],[6.23764919,44.97917676],[6.2534721,44.98421727],[6.25016177,44.98789191],[6.25071782,44.99587942],[6.27623377,45.00047891],[6.26988719,45.01172767],[6.28569222,45.01542469],[6.30223119,45.02566182],[6.30770867,45.03578933],[6.30629914,45.03955809],[6.31016883,45.04212148],[6.30741284,45.04401977],[6.3229376,45.04682978],[6.35617966,45.03254618],[6.35444317,45.02782036],[6.34815846,45.02531039],[6.34651381,45.01734487],[6.35811721,45.01368872],[6.35799838,45.00792035],[6.36074557,45.0075075],[6.35828855,45.0035612],[6.36098098,45.00227637],[6.3537191,44.99948535],[6.36779855,44.98314304],[6.38938182,44.99190654],[6.37954031,45.00736064],[6.37843937,45.01163553],[6.38145554,45.01588177],[6.37620659,45.01621332],[6.37758278,45.02344294],[6.3852664,45.02717057],[6.39975445,45.028047],[6.39989286,45.03303319],[6.4096223,45.03162675],[6.4167765,45.03846786],[6.43034137,45.03551779],[6.45425491,45.02080948],[6.46490215,45.00776368],[6.46307532,45.00547946],[6.46834257,45.00241787],[6.47079537,44.99718822],[6.46852941,44.99119875],[6.47114157,44.98896584],[6.46414852,44.97943955],[6.44730002,44.97668666],[6.44511604,44.96582871],[6.44795483,44.95320688],[6.45384721,44.94565923],[6.46736588,44.94560373],[6.47580684,44.95032995],[6.49114961,44.93701146],[6.48992779,44.93439924],[6.49763437,44.9275727],[6.50027657,44.91959617],[6.49238576,44.9014495],[6.4745559,44.91272675],[6.46251969,44.91397392],[6.43594159,44.90556126],[6.43805776,44.89230719],[6.44361247,44.88496087],[6.44067944,44.88168846],[6.45353363,44.88253157],[6.47537216,44.87638933],[6.46496182,44.87120946],[6.44686197,44.87063851],[6.4314354,44.85477264],[6.41357169,44.85066402],[6.40152085,44.84114582],[6.3997355,44.83190139],[6.3913659,44.83202401],[6.39643706,44.82946971],[6.39577285,44.81951235],[6.38912861,44.81264343],[6.39902005,44.8040949],[6.40301067,44.78243637],[6.4097834,44.77727826],[6.43874453,44.78012784],[6.43996387,44.76157738],[6.45663181,44.73771439],[6.45006599,44.73183494],[6.47590857,44.72913145],[6.49144239,44.73352243],[6.49552464,44.72772793],[6.50863539,44.7237833],[6.50671465,44.71670037],[6.48595041,44.70321275],[6.48561894,44.70065358],[6.49695634,44.69539959],[6.49970564,44.67949527],[6.46717699,44.68310017],[6.45499348,44.67609983],[6.45479802,44.66273716],[6.47057285,44.64983221],[6.47005962,44.6452303],[6.43872666,44.64726664],[6.43063697,44.64508762],[6.4216247,44.63427253],[6.42138648,44.62946253],[6.40324787,44.61784597],[6.39742562,44.6182624],[6.39016359,44.61369978],[6.37448196,44.6179561],[6.36456694,44.6156429],[6.3605891,44.62213422],[6.352567,44.61992279],[6.35119801,44.6264872],[6.34533094,44.62977975],[6.33087373,44.62216365],[6.31995681,44.6285829],[6.31533138,44.63668015],[6.30848258,44.63911298],[6.31376451,44.64917529],[6.31878013,44.64965309],[6.31645173,44.65355827],[6.31924088,44.65498238],[6.31748716,44.65827755],[6.32138884,44.66531473],[6.33025331,44.66225094],[6.335131,44.66498312],[6.33383463,44.66937768],[6.34025879,44.66883043],[6.33698653,44.6771274],[6.34196808,44.67024197],[6.34551136,44.6721371],[6.34920298,44.66958271],[6.35369361,44.67228707],[6.35350119,44.68079034],[6.35874142,44.67872908],[6.3719692,44.68548415],[6.37103271,44.68821322],[6.3756804,44.68636114],[6.37420856,44.69116331],[6.3798584,44.69546826],[6.37295485,44.69974885],[6.37607335,44.70078849],[6.37992321,44.71548889],[6.37366666,44.7343442],[6.35645834,44.73328957],[6.34487239,44.74404983],[6.32151844,44.73053261],[6.31739504,44.72097312],[6.30398287,44.70965212],[6.29201028,44.70900512],[6.28233556,44.70138833],[6.27753455,44.69307777],[6.28294404,44.68565482],[6.28156214,44.68331252],[6.27243354,44.6860131],[6.26323629,44.68325095],[6.2387539,44.71030889],[6.20502355,44.70337528],[6.19494303,44.7056923],[6.18902241,44.71066283],[6.18868106,44.71139529],[6.18885771,44.71395542],[6.18919955,44.71543857],[6.18929948,44.71597541],[6.18929931,44.71598904],[6.17595191,44.71157087],[6.16911883,44.71261444],[6.15798667,44.71636424],[6.15308203,44.72545892],[6.14401579,44.72781912],[6.12123354,44.7451737],[6.14254524,44.77035542],[6.16036287,44.77919021],[6.11887353,44.80245117],[6.12271433,44.81825695],[6.13810508,44.82564338],[6.15934689,44.8215468],[6.15936933,44.81861824],[6.16925271,44.81583389],[6.18189119,44.81822043],[6.18451006,44.81678198],[6.18308417,44.81369212],[6.17398658,44.80376502],[6.17709959,44.80005134],[6.19238832,44.79938463],[6.19875562,44.8015256],[6.19527855,44.80836237],[6.20063913,44.81763587],[6.27707682,44.82841916],[6.28422493,44.83211463],[6.28085793,44.8390923],[6.28262698,44.83334875],[6.27821615,44.83085111],[6.22735041,44.82525406],[6.22876747,44.83402557],[6.22541469,44.83999418],[6.16194555,44.84167394],[6.16398894,44.84392605],[6.15993523,44.84603299],[6.14598964,44.84570938],[6.15661298,44.85926817],[6.16453663,44.86404204],[6.15884644,44.87225445],[6.13577143,44.88401121],[6.12892797,44.88388432],[6.10283775,44.87200092],[6.10015984,44.87460807],[6.09241486,44.87347919],[6.0689233,44.86067537],[6.04961568,44.86358461],[6.04236237,44.86680325],[6.03229903,44.877376],[6.01997117,44.88139686],[6.02517526,44.89531022],[6.03249506,44.90082422],[6.04150256,44.90497942],[6.06728796,44.90676153],[6.06839999,44.90897992],[6.06457022,44.91034636],[6.0524497,44.91194746],[6.04166615,44.90792422],[6.02588439,44.89686223],[6.01633141,44.88356864],[5.98900109,44.88104063],[5.95528542,44.89484957],[5.95708744,44.89994545],[5.95095681,44.9129949],[5.95809676,44.91682161],[5.95208866,44.91999091],[5.93321536,44.92018633],[5.93183489,44.90811729],[5.9441873,44.89610939],[5.94545699,44.88540641],[5.94003768,44.87345457],[5.9472782,44.8655746],[5.95182558,44.8631752],[5.98845543,44.86658082],[6.02651838,44.84574001],[6.03079458,44.83920368],[6.01507122,44.83494974],[6.00940944,44.83038144],[6.00547887,44.82050607],[5.9791844,44.81858838],[5.96062297,44.81231301],[5.94951173,44.80436275],[5.95169783,44.80090438],[5.97798216,44.79068097],[5.97971961,44.78161841],[6.00342703,44.74675997],[6.00485952,44.73249237],[6.02485573,44.71720284],[6.04477677,44.70768039],[6.04701062,44.70257263],[6.05878198,44.69850529],[6.08067006,44.66783911],[6.09321921,44.65891254],[6.11528965,44.65397638],[6.11569101,44.64961698],[6.13918417,44.65033361],[6.14486169,44.63455643],[6.16431061,44.6275746],[6.15561728,44.61965848],[6.1559889,44.61473754],[6.16914508,44.60912626],[6.17367752,44.59874297],[6.16995284,44.59652991],[6.19032343,44.59007529],[6.2537924,44.598187],[6.26722324,44.60315433],[6.29999476,44.59815972],[6.30983778,44.58511997],[6.3233176,44.58050364],[6.31631145,44.55331109],[6.31190739,44.54695685],[6.32000397,44.5425445],[6.32765939,44.5257557],[6.33400234,44.52390088],[6.33454969,44.51154569],[6.36138012,44.52232124],[6.37015415,44.51026337],[6.38590668,44.49885928],[6.39880471,44.49415273],[6.39742803,44.49200562],[6.40796557,44.48184543],[6.40718646,44.47700296],[6.4121771,44.47022227],[6.42365215,44.46794264],[6.43161476,44.47082523],[6.43456863,44.47528445],[6.44462626,44.46587165],[6.45782955,44.46647363],[6.46416193,44.46123056],[6.46845882,44.45155848],[6.48164944,44.45402403],[6.49814324,44.44877718],[6.51244146,44.44998292],[6.5167167,44.45878985],[6.50766993,44.46786026],[6.50835482,44.4847286],[6.49999555,44.49738353],[6.49149832,44.50192054],[6.47833632,44.54819078],[6.48578271,44.55135841],[6.49026813,44.54669936],[6.49478751,44.54821617],[6.49772152,44.54169735],[6.5178773,44.56780841],[6.51875471,44.57484176],[6.51426069,44.57715664],[6.51675369,44.58326989],[6.53279761,44.59437805],[6.54097583,44.61549526],[6.54539465,44.61764881],[6.55290875,44.63016714],[6.56690557,44.63146181],[6.56377416,44.62080186],[6.56997277,44.60957762],[6.58795429,44.59874495],[6.60228845,44.59590912],[6.59491729,44.62502164],[6.59800709,44.63635639],[6.59460717,44.64522489],[6.59531276,44.65582534],[6.59077208,44.6558792],[6.59707321,44.65743261],[6.6009142,44.66683337],[6.60503237,44.66923971],[6.60755428,44.68583544],[6.60530344,44.68939115],[6.58183123,44.69111348],[6.56595296,44.69733379],[6.57592731,44.7033816],[6.57665107,44.70804903],[6.5833268,44.70916865],[6.58742269,44.71870244],[6.58520032,44.72744603],[6.57930537,44.73447979],[6.58202495,44.74226134],[6.56013132,44.77003296],[6.59026435,44.7892005],[6.57038219,44.79858582],[6.56089945,44.82593529],[6.55195488,44.83338343],[6.55063619,44.84503726],[6.53383564,44.85371105],[6.53697671,44.85859931],[6.5277797,44.86607409],[6.52938856,44.87577704],[6.52563545,44.87900381],[6.52511974,44.88863013],[6.51797004,44.89369391],[6.51966553,44.89860871],[6.5272963,44.90201389],[6.52867696,44.90704765],[6.51483761,44.9185088],[6.50885374,44.93801802],[6.54269179,44.95018466],[6.56236976,44.9611289],[6.57397741,44.97067583],[6.57179607,44.97832128],[6.57955874,44.98471958],[6.57949775,44.98909013],[6.55171676,44.9884857],[6.5401678,45.00097709],[6.54114211,45.0066602],[6.51931588,45.00767645],[6.50050742,45.01732131],[6.49441515,45.0282],[6.49943631,45.0361419],[6.49864704,45.05175507],[6.48708684,45.05640421],[6.45180467,45.05172037],[6.43426708,45.06359407],[6.42277352,45.06008166],[6.40443138,45.06491761],[6.39609003,45.06101768],[6.36487893,45.07017256],[6.37484089,45.08275309],[6.36573451,45.10095379],[6.34704505,45.11497002],[6.33992752,45.11611899],[6.33448362,45.12283646],[6.33195205,45.11842416],[6.31732023,45.11198806],[6.299217,45.10855571],[6.28628108,45.11016082],[6.2605698,45.1268442],[6.26559439,45.13988945],[6.2503199,45.15078753],[6.22287851,45.14076186],[6.21200196,45.15493184],[6.19023445,45.16424632],[6.18082497,45.16476372],[6.16235421,45.15128522],[6.14379229,45.154553],[6.13677074,45.14549978],[6.13550055,45.13770839],[6.13977356,45.13189128],[6.1343118,45.1273916],[6.13575417,45.11721081],[6.13229295,45.10228122],[6.14782047,45.08417557],[6.1342475,45.07310524],[6.13802455,45.05273312],[6.13437705,45.04818981],[6.13627819,45.04625388],[6.12372988,45.03562059],[6.09564928,45.04253242],[6.08233574,45.0296354],[6.07860922,45.02827972],[6.07759102,45.03169228],[6.07372595,45.03149273],[6.06563479,45.01791345],[6.05873257,45.02381699],[6.07069537,45.03010494],[6.06575886,45.03824877],[6.04625319,45.05444193],[6.03287456,45.07954923],[6.02876848,45.07770385],[6.01955488,45.08458393],[6.01912196,45.09336112],[6.02703244,45.10876008],[6.02525723,45.11477511],[6.01593264,45.11757419],[6.01757694,45.12014367],[5.97846608,45.12017101],[5.98031,45.11637338],[5.97563001,45.09850825],[5.96749884,45.09123479],[5.92834154,45.07962683],[5.92037223,45.06836349],[5.94065185,45.05972347],[5.93089793,45.05473674],[5.92022364,45.03972898],[5.94096,45.03937319],[5.93866799,45.03691541],[5.94441884,45.02492419],[5.9432201,45.02080406],[5.94909361,45.01787075],[5.98469005,45.01775241],[5.98877054,45.01397122],[5.99480918,45.01603258],[5.99917443,45.00288076],[6.0108117,44.99995162],[6.0157898,44.99537379],[6.01746554,44.98577292]]]}},{"type":"Feature","properties":{"name":"Parc national de La Réunion"},"geometry":{"type":"MultiPolygon","coordinates":[[[[55.58814441,-21.16512651],[55.58791457,-21.16613641],[55.58816614,-21.16605127],[55.58814441,-21.16512651]]],[[[55.59517321,-21.27649473],[55.59389195,-21.27586887],[55.5930391,-21.27768467],[55.59517321,-21.27649473]]],[[[55.58889588,-21.28131663],[55.57915568,-21.28593927],[55.57415783,-21.29597814],[55.55567156,-21.30316721],[55.55026959,-21.31025064],[55.53833638,-21.31260709],[55.53481829,-21.31654473],[55.51883761,-21.30042431],[55.50890207,-21.2989489],[55.51053444,-21.30157654],[55.51923587,-21.30098444],[55.52387397,-21.31439535],[55.52707424,-21.31398937],[55.52741323,-21.31983232],[55.53022013,-21.31952898],[55.52101908,-21.3315145],[55.53147487,-21.32247019],[55.53512606,-21.32589371],[55.53604446,-21.33378229],[55.54409335,-21.33286525],[55.54369758,-21.32673085],[55.54851678,-21.32097144],[55.56078603,-21.31594515],[55.56812472,-21.31638086],[55.58035894,-21.30988127],[55.59389164,-21.29019663],[55.60337935,-21.28660825],[55.602337,-21.28432943],[55.58768451,-21.28912562],[55.58874339,-21.28562208],[55.59580895,-21.2832324],[55.58889588,-21.28131663]]],[[[55.60279249,-21.30989503],[55.5896383,-21.31330797],[55.58501125,-21.32847661],[55.5857071,-21.33342998],[55.58994843,-21.33614398],[55.58932271,-21.34882205],[55.5910514,-21.3537745],[55.59437783,-21.35429252],[55.59668957,-21.35146918],[55.60067238,-21.35394401],[55.60888457,-21.35105094],[55.61202506,-21.35976453],[55.61498419,-21.35546309],[55.61798179,-21.35637811],[55.61829367,-21.36598888],[55.62076303,-21.36475121],[55.61512755,-21.37402068],[55.61559187,-21.37881514],[55.61784786,-21.37975305],[55.61656712,-21.38599539],[55.62031319,-21.3847889],[55.61581082,-21.37360211],[55.62420084,-21.36635294],[55.62790273,-21.354965],[55.64306428,-21.35280103],[55.64652532,-21.3749419],[55.64351803,-21.38631788],[55.64687878,-21.37833145],[55.65063532,-21.3780991],[55.65105155,-21.36476509],[55.66312793,-21.36426197],[55.66548606,-21.36084703],[55.67045346,-21.36276196],[55.67401753,-21.36021155],[55.67580737,-21.36500429],[55.69794042,-21.36930322],[55.70428268,-21.36174641],[55.70573168,-21.37127724],[55.70044022,-21.3763963],[55.70260767,-21.37684343],[55.71724169,-21.37470659],[55.72798096,-21.36944315],[55.74751768,-21.36847532],[55.75635466,-21.36298803],[55.77421756,-21.36569673],[55.79716057,-21.35048266],[55.80905,-21.33108319],[55.80376739,-21.3094069],[55.80595566,-21.29242883],[55.78992156,-21.28780066],[55.78535057,-21.28830463],[55.78530734,-21.29366048],[55.7903044,-21.2963441],[55.79036039,-21.30639184],[55.7857876,-21.30663389],[55.78550677,-21.31021251],[55.78021132,-21.30920469],[55.79041384,-21.31667624],[55.79184285,-21.33091188],[55.78917684,-21.33040216],[55.78266103,-21.33896908],[55.76140703,-21.34619206],[55.75034971,-21.34704949],[55.74918178,-21.34146792],[55.74611883,-21.34306148],[55.7469925,-21.34776398],[55.74421957,-21.34930935],[55.74677449,-21.357833],[55.73539404,-21.35432212],[55.73406257,-21.34074934],[55.72366524,-21.34114675],[55.72588733,-21.33944786],[55.7235757,-21.33631859],[55.71093886,-21.33887828],[55.71111319,-21.34161445],[55.70946825,-21.33919789],[55.70224665,-21.34013506],[55.70338247,-21.33434617],[55.69795236,-21.32664923],[55.69857282,-21.34469886],[55.69480579,-21.34572556],[55.6962438,-21.33406276],[55.69046476,-21.3240643],[55.68113281,-21.31995057],[55.6802974,-21.31003034],[55.65013605,-21.30997068],[55.64610404,-21.31804417],[55.65010737,-21.34251614],[55.64815349,-21.34578616],[55.64194893,-21.31074056],[55.65444582,-21.28142227],[55.64548136,-21.28917836],[55.63677236,-21.3119378],[55.64208396,-21.32886623],[55.64450303,-21.34577065],[55.64202985,-21.34578221],[55.631719,-21.3004471],[55.64087661,-21.2984232],[55.64495197,-21.28022951],[55.63929568,-21.27811226],[55.63949095,-21.27519702],[55.63014011,-21.27513813],[55.62005918,-21.29169898],[55.6329218,-21.30968803],[55.6309943,-21.33051159],[55.62650922,-21.33629412],[55.62872317,-21.3457901],[55.62620493,-21.34578542],[55.62475562,-21.33465666],[55.62764426,-21.33272618],[55.62586667,-21.32125281],[55.62828712,-21.31070396],[55.62541437,-21.30651042],[55.62379594,-21.30936873],[55.62078369,-21.30662925],[55.62052461,-21.29800314],[55.61394941,-21.2935252],[55.62180261,-21.28298374],[55.62158821,-21.27688588],[55.61809223,-21.28297998],[55.61535631,-21.2826641],[55.61251408,-21.27240127],[55.61727854,-21.27341362],[55.61419596,-21.26952488],[55.62101398,-21.26607812],[55.61253471,-21.2541668],[55.61657181,-21.2525072],[55.61622551,-21.24301122],[55.60813385,-21.25559944],[55.60860065,-21.26372061],[55.61289808,-21.26508386],[55.61000112,-21.26973179],[55.61172853,-21.28851568],[55.60962798,-21.29203392],[55.61708263,-21.29868636],[55.61847907,-21.3057164],[55.61564805,-21.30812925],[55.62226465,-21.31597079],[55.6188288,-21.33706151],[55.62238447,-21.34584637],[55.61646857,-21.34095109],[55.61780431,-21.32321427],[55.61209794,-21.30978688],[55.60868974,-21.30983931],[55.6086124,-21.31270712],[55.60800656,-21.31183391],[55.60885548,-21.30836201],[55.60611441,-21.30736029],[55.60614381,-21.31422451],[55.60279249,-21.30989503]]],[[[55.4697072,-21.2699501],[55.46716858,-21.27100014],[55.46137676,-21.28260244],[55.47006511,-21.27313811],[55.4697072,-21.2699501]]],[[[55.46134653,-21.28262143],[55.45549089,-21.28583301],[55.4604638,-21.27437151],[55.45664551,-21.2713286],[55.46139697,-21.26850321],[55.46429743,-21.25439941],[55.45639404,-21.24298608],[55.45908127,-21.22974628],[55.45725016,-21.21130118],[55.45352988,-21.2104614],[55.44814848,-21.19858453],[55.45450989,-21.19182981],[55.46838679,-21.18929223],[55.46355962,-21.18072809],[55.47975736,-21.18289299],[55.48988533,-21.1766587],[55.48622964,-21.1684252],[55.49006327,-21.16084291],[55.48476001,-21.15812882],[55.48929814,-21.15602593],[55.4894814,-21.14532572],[55.49944225,-21.14010578],[55.50147947,-21.13443544],[55.49591859,-21.12468612],[55.49337474,-21.12707447],[55.47510734,-21.12076892],[55.46766795,-21.12422499],[55.47073881,-21.12964045],[55.46185949,-21.12783418],[55.46335432,-21.12512969],[55.46117042,-21.12566278],[55.45645436,-21.12398353],[55.45915663,-21.12033329],[55.45447059,-21.12062637],[55.45693649,-21.11447293],[55.44698929,-21.11888531],[55.44774328,-21.12190094],[55.44514555,-21.12212607],[55.44741424,-21.12373019],[55.44464576,-21.12255408],[55.44742585,-21.12852404],[55.44163164,-21.13280135],[55.44150892,-21.1398868],[55.42709233,-21.13972755],[55.41852102,-21.1524386],[55.42251295,-21.15601894],[55.42124118,-21.16136017],[55.42392827,-21.16490409],[55.42995809,-21.16297139],[55.43208529,-21.16829274],[55.44073435,-21.16601908],[55.44219056,-21.17272793],[55.44586984,-21.17433524],[55.438357,-21.17631117],[55.43717075,-21.18005458],[55.44939771,-21.18773619],[55.44960033,-21.19110871],[55.44449375,-21.1944093],[55.44761355,-21.19422076],[55.44648132,-21.2018386],[55.44951584,-21.20240774],[55.44780943,-21.20445637],[55.45400417,-21.21141719],[55.4502191,-21.20902588],[55.44941648,-21.21381303],[55.45243962,-21.21512779],[55.44969224,-21.21710058],[55.4532707,-21.22020037],[55.45176242,-21.22437901],[55.45575267,-21.23530544],[55.45042677,-21.24438601],[55.45163936,-21.23005862],[55.44394793,-21.21429304],[55.44265244,-21.22537408],[55.43882386,-21.22420182],[55.43566904,-21.23269252],[55.42866505,-21.23596887],[55.42932409,-21.23938483],[55.43130748,-21.23595354],[55.43407833,-21.2356383],[55.43263937,-21.24218561],[55.43770233,-21.24738667],[55.45841034,-21.25633346],[55.45170983,-21.27066121],[55.45430914,-21.27487184],[55.45320026,-21.28222113],[55.43841429,-21.28951337],[55.40913067,-21.29316562],[55.39888211,-21.2983086],[55.40851348,-21.30748727],[55.42297093,-21.29718385],[55.44049668,-21.29457554],[55.46134653,-21.28262143]]],[[[55.80608347,-21.21747159],[55.82413486,-21.20475112],[55.8257929,-21.18608841],[55.83662923,-21.18328329],[55.83253435,-21.16563411],[55.83496961,-21.16052496],[55.82754025,-21.15234929],[55.82661871,-21.14451487],[55.80970129,-21.13750921],[55.79630626,-21.12543541],[55.7829384,-21.12457652],[55.76724639,-21.10368144],[55.75067224,-21.1176477],[55.73725981,-21.11811661],[55.73817666,-21.11531706],[55.72404518,-21.11117926],[55.69379912,-21.08182067],[55.68664528,-21.07889469],[55.68892231,-21.06709228],[55.69332378,-21.06390385],[55.68557923,-21.06120413],[55.68756374,-21.05840156],[55.68359541,-21.05857104],[55.68206105,-21.05472709],[55.6864035,-21.05076877],[55.6831936,-21.04948208],[55.68525427,-21.04801893],[55.68204351,-21.04318563],[55.70747569,-21.05027905],[55.71349241,-21.04265214],[55.71410103,-21.03670241],[55.71826625,-21.03231387],[55.71563281,-21.03099641],[55.71197144,-21.04289519],[55.70511164,-21.04649257],[55.68045964,-21.03865715],[55.68344698,-21.03380422],[55.67796748,-21.03063346],[55.67941277,-21.02716469],[55.67548568,-21.02999045],[55.67777349,-21.02566019],[55.67269445,-21.02550165],[55.67012709,-21.01981875],[55.67497511,-21.01985848],[55.6813773,-21.01139239],[55.69145649,-21.00921418],[55.6927066,-21.00616564],[55.70110207,-21.00663915],[55.70086793,-21.00453061],[55.69224198,-21.00440561],[55.69041054,-21.00755935],[55.67911677,-21.00916627],[55.67374182,-21.012463],[55.674329,-21.01730456],[55.67028806,-21.01657326],[55.67148297,-21.0128182],[55.66471017,-21.01271179],[55.66901995,-21.01044158],[55.66593794,-21.0098064],[55.66861737,-21.00705409],[55.66193566,-21.0038394],[55.66081286,-21.00731265],[55.65754343,-21.01001293],[55.65892949,-21.00275572],[55.65506145,-21.00167746],[55.6528159,-21.00528179],[55.65035124,-21.00336048],[55.65410846,-20.99691644],[55.64939442,-20.99816317],[55.65089041,-20.99419168],[55.64804441,-20.99399249],[55.64807681,-20.98993487],[55.63805408,-20.98184893],[55.64190686,-20.97850928],[55.65466747,-20.97949611],[55.67191034,-20.98896175],[55.69330061,-20.98287025],[55.70014083,-20.98665118],[55.69929956,-20.97427304],[55.67224157,-20.98201432],[55.66171407,-20.98253621],[55.65563953,-20.97787372],[55.64378216,-20.97621058],[55.63003835,-20.97935168],[55.6257563,-20.98386875],[55.62463941,-20.9783039],[55.62075335,-20.97974941],[55.62366395,-20.97737459],[55.61696017,-20.97275719],[55.61220688,-20.96170168],[55.61914071,-20.95751611],[55.62345759,-20.95288789],[55.62564607,-20.95543978],[55.62848943,-20.95677049],[55.63769296,-20.95551631],[55.63783133,-20.94988783],[55.6456112,-20.942681],[55.64648848,-20.93919485],[55.64627135,-20.9359864],[55.64145902,-20.92968257],[55.63362814,-20.92493929],[55.63060312,-20.92555455],[55.63143533,-20.91144098],[55.6282801,-20.91062716],[55.6285219,-20.92563062],[55.63367301,-20.9352809],[55.6258801,-20.94410123],[55.61869695,-20.94624456],[55.61516756,-20.94984723],[55.60437291,-20.94895307],[55.60377962,-20.9425399],[55.60171787,-20.94487376],[55.60043547,-20.93831237],[55.59565862,-20.93721645],[55.60024328,-20.92323129],[55.6100531,-20.92131254],[55.61557541,-20.91588548],[55.61726206,-20.90847036],[55.61209393,-20.9095317],[55.61054391,-20.90688522],[55.60692735,-20.90988423],[55.61338525,-20.9151619],[55.60886245,-20.9198485],[55.60413102,-20.91862674],[55.59574459,-20.92382625],[55.59226205,-20.93115541],[55.58499289,-20.9355498],[55.58135989,-20.94888002],[55.5656116,-20.94091537],[55.55546239,-20.94003343],[55.55546559,-20.94219564],[55.54959444,-20.93924244],[55.54590045,-20.94303535],[55.54090167,-20.93896715],[55.52384395,-20.94085521],[55.52173559,-20.93034369],[55.5071934,-20.91089316],[55.50490703,-20.8823958],[55.50103192,-20.88242759],[55.50405564,-20.90343878],[55.51075026,-20.92277356],[55.50103988,-20.93306074],[55.49238395,-20.93733803],[55.49226968,-20.93435529],[55.48576145,-20.93184384],[55.48892094,-20.918702],[55.48434007,-20.92631763],[55.47965638,-20.92762068],[55.47106246,-20.92048745],[55.47065389,-20.90563987],[55.47338303,-20.90025331],[55.46897356,-20.90487343],[55.46971419,-20.90639694],[55.46823809,-20.90867447],[55.46898685,-20.91243841],[55.46712022,-20.91846288],[55.46764652,-20.91948213],[55.46735697,-20.92043399],[55.46648025,-20.91733366],[55.46383974,-20.91899437],[55.46070221,-20.91527827],[55.45762835,-20.91617003],[55.4577845,-20.91285984],[55.4555028,-20.91416088],[55.45430388,-20.89908315],[55.45029629,-20.89954902],[55.44568449,-20.90914073],[55.44061148,-20.90520479],[55.44158531,-20.89043194],[55.44567483,-20.88353469],[55.44541687,-20.87829377],[55.44369153,-20.87521173],[55.44494281,-20.88350455],[55.43939545,-20.88902635],[55.43481284,-20.88863676],[55.43300815,-20.90007119],[55.43021939,-20.89760094],[55.42767464,-20.90024631],[55.42458146,-20.89467054],[55.42195696,-20.89531424],[55.42126566,-20.90294568],[55.41687473,-20.90466715],[55.41642305,-20.90823422],[55.41219493,-20.90741939],[55.41297974,-20.91102061],[55.40978913,-20.91022564],[55.40658217,-20.9153945],[55.40885377,-20.89872137],[55.40596572,-20.8797141],[55.39495363,-20.88266556],[55.3919361,-20.88770703],[55.35446952,-20.91154157],[55.35904684,-20.91798826],[55.34659919,-20.92149915],[55.34757862,-20.92390497],[55.3533904,-20.92229916],[55.35976496,-20.92382133],[55.35692525,-20.92572337],[55.35801304,-20.93014968],[55.3551513,-20.92978547],[55.35575497,-20.93412203],[55.35774186,-20.93520732],[55.3579102,-20.93609923],[55.35392358,-20.93587754],[55.34972673,-20.94890806],[55.34106085,-20.94392058],[55.34343446,-20.94969027],[55.35268285,-20.95531513],[55.35348573,-20.96074172],[55.34798092,-20.96949154],[55.32602899,-20.9695268],[55.30598943,-20.95690496],[55.28268743,-20.95560535],[55.27812401,-20.95214526],[55.27855421,-20.96175854],[55.28435822,-20.95787094],[55.30714715,-20.96136084],[55.32243673,-20.97603671],[55.33062775,-20.97603633],[55.34360161,-20.99239245],[55.32866808,-21.00238137],[55.32876584,-21.00607538],[55.32169481,-20.99870344],[55.297363,-21.02057987],[55.29414108,-21.02002586],[55.29424502,-21.0265499],[55.2901148,-21.02511243],[55.28271426,-21.03240636],[55.28452291,-21.04329949],[55.29639693,-21.04976346],[55.29075289,-21.05297169],[55.29196499,-21.05626064],[55.28748678,-21.06284843],[55.28928543,-21.07171161],[55.28214675,-21.07006758],[55.28592096,-21.07278136],[55.28128349,-21.07918829],[55.28490911,-21.08379834],[55.28226677,-21.0877694],[55.28563228,-21.09116147],[55.26989552,-21.09519826],[55.27400791,-21.10256903],[55.27829821,-21.10263424],[55.27587188,-21.10548309],[55.28070552,-21.11513328],[55.29485216,-21.11440693],[55.28560065,-21.11893227],[55.28930566,-21.12933047],[55.32515308,-21.1170111],[55.36636468,-21.11520584],[55.3646855,-21.07298314],[55.37825454,-21.04735752],[55.3790952,-21.03903938],[55.37368748,-21.03545956],[55.36989479,-21.04225425],[55.35715945,-21.03270873],[55.36474108,-21.020716],[55.36971711,-21.02082366],[55.37134331,-21.01778025],[55.35223078,-20.99748914],[55.36100061,-20.98912372],[55.34880596,-20.97826313],[55.35312159,-20.97624288],[55.36010784,-20.98197869],[55.36436297,-20.97491955],[55.38181889,-20.99017699],[55.38967559,-20.99069427],[55.40007337,-20.98465038],[55.40257808,-20.97864027],[55.39910749,-20.97367511],[55.3811075,-20.9786018],[55.36944492,-20.9750174],[55.37226769,-20.97019985],[55.35721049,-20.96205292],[55.35843622,-20.95941836],[55.37044027,-20.96441123],[55.37248926,-20.96153773],[55.35304635,-20.95005228],[55.36880721,-20.9527002],[55.37169285,-20.94708651],[55.36965937,-20.94335399],[55.37244604,-20.94444604],[55.37845044,-20.93755469],[55.38907957,-20.93328374],[55.37319078,-20.91211422],[55.36793709,-20.92090929],[55.35408689,-20.92165171],[55.3632712,-20.914909],[55.36542103,-20.91315868],[55.37561525,-20.90231704],[55.37915669,-20.91092465],[55.3772535,-20.90096411],[55.38923034,-20.89301189],[55.39778614,-20.90272729],[55.38854039,-20.90564772],[55.38945721,-20.91163183],[55.38629597,-20.91566018],[55.39236106,-20.92330615],[55.3945337,-20.93291366],[55.40429636,-20.94101559],[55.41450912,-20.91846548],[55.43228833,-20.90170024],[55.43535826,-20.90438685],[55.43362829,-20.90629218],[55.43316849,-20.90817961],[55.43573258,-20.90706728],[55.42472306,-20.91790348],[55.42741183,-20.92213068],[55.42669736,-20.93691121],[55.42416121,-20.93696089],[55.42284186,-20.94269369],[55.43643421,-20.95359441],[55.44115292,-20.93939081],[55.44353968,-20.94883731],[55.45221157,-20.93848049],[55.45330991,-20.93227603],[55.45587232,-20.93241567],[55.45521435,-20.93527606],[55.46388879,-20.93156508],[55.46351524,-20.94300635],[55.4674729,-20.94458302],[55.46694051,-20.94996],[55.46952228,-20.95064867],[55.47327341,-20.9479359],[55.47377859,-20.93852148],[55.47942715,-20.93348958],[55.48246451,-20.93641722],[55.4791561,-20.93904014],[55.480097,-20.95045725],[55.47355869,-20.95428109],[55.4699904,-20.96362177],[55.48315886,-20.96598939],[55.48979977,-20.95966098],[55.50053192,-20.93665229],[55.49302318,-20.95579902],[55.49471349,-20.95927951],[55.48985294,-20.96173036],[55.48830647,-20.96853844],[55.49134459,-20.96931766],[55.48880956,-20.97503425],[55.49123065,-20.97281246],[55.49175717,-20.96926178],[55.4912774,-20.96270077],[55.49567133,-20.96058759],[55.49381382,-20.95531315],[55.49643817,-20.95423857],[55.49815685,-20.94570986],[55.50223022,-20.94235346],[55.50272727,-20.93568973],[55.50518634,-20.93114318],[55.50614086,-20.93058713],[55.49843911,-20.95594237],[55.50717179,-20.95706079],[55.50693417,-20.97970332],[55.51241838,-20.98008319],[55.51560314,-20.97418632],[55.52535269,-20.97984533],[55.52822552,-20.9735754],[55.54563634,-20.95900219],[55.54587053,-20.95541888],[55.55467169,-20.95549434],[55.54960721,-20.97190571],[55.5625289,-20.9755494],[55.56855922,-20.9739407],[55.56350932,-20.98023424],[55.5770632,-20.98321742],[55.5783067,-20.99127673],[55.59521773,-20.98650993],[55.5992489,-20.98710078],[55.60226797,-20.99225326],[55.58599744,-21.00010317],[55.57783397,-20.99714126],[55.55419903,-21.01347048],[55.5488112,-21.01070011],[55.53964192,-21.01211796],[55.53757845,-21.00816916],[55.51814833,-21.01857697],[55.51251225,-21.01555671],[55.50903396,-21.0054202],[55.50122674,-21.00512371],[55.49945753,-21.0107058],[55.48719772,-21.00804976],[55.47842807,-21.00972799],[55.47902239,-21.0145016],[55.47101867,-21.01374378],[55.4717159,-21.02138556],[55.46498522,-21.0256504],[55.45873841,-21.04030604],[55.46138851,-21.04228004],[55.45855501,-21.04583158],[55.46000856,-21.05328736],[55.46939285,-21.05313389],[55.46619044,-21.06129583],[55.47175003,-21.06096665],[55.47550054,-21.06456396],[55.48192312,-21.05414957],[55.4867593,-21.05596025],[55.48881935,-21.06378801],[55.50396343,-21.07096536],[55.50875743,-21.08403408],[55.51518058,-21.08848565],[55.51499783,-21.08461862],[55.51833454,-21.08470488],[55.52208065,-21.07598671],[55.52819332,-21.07162803],[55.52713526,-21.06232173],[55.53688172,-21.04840686],[55.53525592,-21.0402646],[55.54370859,-21.0324805],[55.54330395,-21.02879365],[55.54501307,-21.0307596],[55.54991317,-21.02636459],[55.54849043,-21.02422119],[55.55356371,-21.01824668],[55.58008756,-21.00047548],[55.60587031,-21.00629958],[55.6170278,-20.99784142],[55.61880542,-20.99316836],[55.62292976,-20.99366131],[55.62339558,-21.00101137],[55.61856044,-21.00427844],[55.61764677,-21.01451529],[55.60994141,-21.02981891],[55.61218024,-21.03045943],[55.62353875,-21.01074155],[55.63706337,-21.00314917],[55.64040045,-21.00479082],[55.63832375,-21.00927265],[55.64159261,-21.01337399],[55.63359994,-21.02664617],[55.63711183,-21.02559953],[55.63573912,-21.02925738],[55.64464975,-21.03001818],[55.64628397,-21.03268712],[55.64636417,-21.0350891],[55.63781802,-21.03751233],[55.64009805,-21.0409559],[55.66372972,-21.03399845],[55.65325747,-21.04212775],[55.64963412,-21.04717921],[55.65198374,-21.05240861],[55.64102109,-21.06055285],[55.64122627,-21.06384872],[55.63971323,-21.06462633],[55.6371893,-21.06741683],[55.63532899,-21.06984621],[55.63527963,-21.07095262],[55.63226857,-21.071262],[55.63229645,-21.07453828],[55.62805504,-21.07464316],[55.62540241,-21.07997747],[55.62994615,-21.08049823],[55.63738424,-21.07249278],[55.63424721,-21.07139564],[55.63547104,-21.07103916],[55.63983401,-21.06476461],[55.64630554,-21.06452065],[55.66010741,-21.05185777],[55.66281563,-21.05462437],[55.6598699,-21.06098377],[55.67062855,-21.05455299],[55.67983845,-21.0561603],[55.67311371,-21.05802965],[55.66640596,-21.06829673],[55.67012232,-21.0724544],[55.67698305,-21.07215452],[55.67243374,-21.07504016],[55.6800373,-21.08343222],[55.67510538,-21.09141774],[55.66065086,-21.09506541],[55.65246052,-21.09242566],[55.65360694,-21.096775],[55.66560145,-21.10267378],[55.6580741,-21.1080625],[55.66218994,-21.11267719],[55.6682886,-21.11124514],[55.68006413,-21.10243521],[55.68357576,-21.10574168],[55.67774209,-21.11305245],[55.68703238,-21.10727477],[55.69015214,-21.11053941],[55.68352165,-21.1182381],[55.68693326,-21.12079294],[55.68607314,-21.12625412],[55.69366036,-21.12117575],[55.69329346,-21.12771237],[55.69564596,-21.12757946],[55.69857351,-21.11724403],[55.7029005,-21.12203539],[55.7009835,-21.12876325],[55.72309484,-21.14034012],[55.73561332,-21.12579848],[55.74033738,-21.13422977],[55.74040806,-21.12951154],[55.74640209,-21.1259784],[55.74832855,-21.12947485],[55.74467263,-21.13397315],[55.75298724,-21.13593305],[55.75242526,-21.14291935],[55.75637229,-21.14236398],[55.75733797,-21.13781048],[55.78047732,-21.15542638],[55.77966343,-21.16089319],[55.78479774,-21.1573443],[55.79270721,-21.16594915],[55.80050902,-21.16597665],[55.80753561,-21.18398422],[55.8045875,-21.18431455],[55.80527159,-21.19278766],[55.79774936,-21.19751996],[55.80406226,-21.1994451],[55.80290846,-21.2141126],[55.79884767,-21.21517993],[55.80608347,-21.21747159]],[[55.64614365,-20.93706664],[55.6445798,-20.94251571],[55.63996511,-20.94259417],[55.63639033,-20.95019864],[55.62972375,-20.95476896],[55.62309065,-20.9526421],[55.61143994,-20.96041599],[55.60810149,-20.95702661],[55.60504381,-20.95916564],[55.60076715,-20.95716712],[55.62770715,-20.94488724],[55.63577151,-20.93515884],[55.62981216,-20.92599005],[55.6415439,-20.93008977],[55.64614365,-20.93706664]]],[[[55.3805003,-21.16911473],[55.35843812,-21.19076747],[55.35391474,-21.1992988],[55.36149312,-21.19335021],[55.36688997,-21.18357442],[55.38593726,-21.18097333],[55.38771245,-21.17436008],[55.3805003,-21.16911473]]],[[[55.34860155,-21.20025815],[55.34812183,-21.19953518],[55.34791202,-21.2009928],[55.34860155,-21.20025815]]],[[[55.34313855,-21.20668507],[55.33490162,-21.21658807],[55.33615561,-21.22201998],[55.33246528,-21.22988886],[55.3287217,-21.23124735],[55.32530709,-21.23716683],[55.32324595,-21.24248096],[55.32352322,-21.24796708],[55.3290837,-21.23161865],[55.33280189,-21.23012857],[55.33315345,-21.22869451],[55.33848883,-21.23329143],[55.34341743,-21.23301319],[55.34214402,-21.23870756],[55.35746132,-21.23833878],[55.36365698,-21.247689],[55.37238955,-21.24187934],[55.37315776,-21.2448689],[55.37870111,-21.24355609],[55.38176611,-21.24963853],[55.39301767,-21.24514316],[55.39657532,-21.24734029],[55.39894708,-21.24438156],[55.40258659,-21.24856465],[55.40456287,-21.24648053],[55.40782227,-21.24832468],[55.40898538,-21.26664584],[55.41118137,-21.2626019],[55.40922304,-21.24957214],[55.41389059,-21.24838368],[55.41652986,-21.25382141],[55.41641576,-21.25981623],[55.41168015,-21.26557397],[55.41418186,-21.26774047],[55.41861347,-21.26014787],[55.41728382,-21.24037419],[55.42320911,-21.23497457],[55.42479702,-21.23836011],[55.43022167,-21.23201287],[55.42923858,-21.22937588],[55.42277042,-21.22889045],[55.42260057,-21.22590133],[55.41475773,-21.22567988],[55.41397542,-21.23120758],[55.40731513,-21.21495639],[55.4201403,-21.21158453],[55.41293466,-21.21500408],[55.4159006,-21.21642932],[55.43825784,-21.20540863],[55.43849045,-21.19257236],[55.43750861,-21.18992259],[55.43204613,-21.19013765],[55.43381674,-21.18555756],[55.43026354,-21.18157161],[55.42744305,-21.18133167],[55.42714797,-21.18470733],[55.43074584,-21.19037768],[55.42931655,-21.19350045],[55.42955558,-21.19098755],[55.42539213,-21.19140623],[55.42522094,-21.18449202],[55.41925623,-21.18649854],[55.41751918,-21.18293814],[55.41736184,-21.18573957],[55.40850247,-21.18155853],[55.40823187,-21.18608939],[55.41501595,-21.18808059],[55.41501446,-21.19134596],[55.409806,-21.19484693],[55.40551072,-21.19219921],[55.40401119,-21.19654665],[55.40189709,-21.1957147],[55.40417922,-21.20065781],[55.39799634,-21.20121387],[55.39595561,-21.20467981],[55.39887305,-21.21604213],[55.39635656,-21.22075232],[55.40126086,-21.2295286],[55.39569742,-21.23639516],[55.3920775,-21.23630505],[55.38800366,-21.22841356],[55.3827801,-21.22842706],[55.3854465,-21.21954477],[55.3735593,-21.23016249],[55.37065934,-21.22320363],[55.36317605,-21.22446263],[55.3647756,-21.21689249],[55.37051084,-21.21299552],[55.37420248,-21.20521555],[55.36893596,-21.20938457],[55.3544376,-21.20411171],[55.34313855,-21.20668507]]],[[[55.66227946,-21.11876796],[55.65122858,-21.12056658],[55.6490618,-21.12585596],[55.64533507,-21.12261148],[55.65084393,-21.11774755],[55.64881254,-21.11588461],[55.65337723,-21.11446246],[55.64359537,-21.11123298],[55.64181501,-21.11490472],[55.63636396,-21.11462589],[55.63448945,-21.11958877],[55.62567665,-21.12078718],[55.62330369,-21.12733036],[55.60977948,-21.13147623],[55.60536243,-21.12884775],[55.60560702,-21.13190155],[55.59862067,-21.13394354],[55.60225863,-21.14291171],[55.59995868,-21.14619725],[55.59061282,-21.14067206],[55.59086816,-21.13524597],[55.58676276,-21.13570381],[55.5839522,-21.12980371],[55.57955155,-21.13372622],[55.58358555,-21.13407076],[55.58356973,-21.14448781],[55.58775835,-21.1429677],[55.59045274,-21.15137311],[55.59516031,-21.15502022],[55.59642499,-21.15182285],[55.60110716,-21.15465504],[55.6023831,-21.15273729],[55.60310951,-21.1678488],[55.60758182,-21.16675487],[55.61464974,-21.17089091],[55.62051118,-21.16446152],[55.61733533,-21.17014305],[55.62001467,-21.17035645],[55.62051977,-21.17597923],[55.62864159,-21.168636],[55.63738933,-21.16695365],[55.63951495,-21.15714114],[55.64143021,-21.15814083],[55.64669601,-21.14891735],[55.64233377,-21.13856757],[55.65667664,-21.13251524],[55.65170338,-21.12815294],[55.66091315,-21.12382515],[55.6589407,-21.12207617],[55.66227946,-21.11876796]]]]}},{"type":"Feature","properties":{"name":"Parc national des Cévennes"},"geometry":{"type":"MultiPolygon","coordinates":[[[[3.9405475879,44.0399393376],[3.9479787601,44.0376646457],[3.9571575108,44.0396342384],[3.9779989862,44.0325329029],[3.9880836601,44.0372289416],[4.0106519743,44.0387699419],[4.0126538054,44.0444804876],[3.9954535399,44.0481359873],[4.0029400348,44.055227869],[4.000298772,44.0592610427],[4.0105870025,44.0786393204],[4.0137589179,44.0793651965],[4.0110438116,44.0828466977],[4.0234527676,44.0896145987],[4.0117985917,44.0961541526],[4.0188941386,44.1122671175],[4.0073934499,44.1205681512],[4.0132493992,44.1207446054],[4.0083474815,44.1250447042],[4.0147231822,44.1350655246],[4.0558766993,44.1349730486],[4.0636613198,44.1440873472],[4.0575237945,44.152435248],[4.0574331328,44.164095763],[4.0435067767,44.1622118968],[4.0360700956,44.1647371011],[4.015479434,44.1893831971],[4.0053548803,44.1854329206],[3.988555447,44.1853407116],[3.9733169992,44.202975938],[3.9737299958,44.2065558092],[3.9883260845,44.2181086003],[4.0195547869,44.2166096086],[4.0053760203,44.2310243044],[4.0131614049,44.2382883074],[4.0091648799,44.2430213456],[4.0122445603,44.2493663076],[4.0264965203,44.251028127],[4.0358698228,44.2465148136],[4.0392663017,44.2401661226],[4.054308521,44.2463618858],[4.068277115,44.2458461411],[4.0815358903,44.2380593558],[4.0775702522,44.2337648267],[4.0893013679,44.2296288482],[4.0903055492,44.2240287223],[4.0833063882,44.2221806079],[4.0887193567,44.2156655548],[4.0987256499,44.2233335621],[4.1198360975,44.2216124692],[4.1230189155,44.2270324168],[4.1302862951,44.2264087326],[4.1415914246,44.216164614],[4.1536333487,44.2157164678],[4.1715988341,44.2051208872],[4.1876511707,44.2110579916],[4.1895973636,44.2148825592],[4.1860189096,44.2176992871],[4.186359093,44.221999465],[4.1995007059,44.2215929215],[4.2069505485,44.2243793307],[4.2098695854,44.2302399591],[4.2207133296,44.2337450987],[4.2014445288,44.2398629733],[4.2077689087,44.2476083645],[4.2029937506,44.2509825611],[4.2156337591,44.2518156458],[4.2187546064,44.2555340842],[4.2176120768,44.2628214524],[4.2111838353,44.2688384855],[4.211723465,44.273339072],[4.2043594292,44.273138254],[4.1939917675,44.2677384204],[4.1907762466,44.2716397701],[4.1810811136,44.2738563223],[4.1779718363,44.2795539021],[4.1675601278,44.2824782027],[4.1696927687,44.2859934133],[4.1660464411,44.2893710956],[4.1673084596,44.2949103108],[4.1781184729,44.2914407344],[4.1766045055,44.2965180481],[4.186486543,44.2998066239],[4.1777511738,44.3128621543],[4.1777947111,44.3176131569],[4.1864346782,44.3253659182],[4.1850840315,44.3282450637],[4.1899085762,44.3300889019],[4.1883065369,44.332281222],[4.1985508432,44.3338670552],[4.1956945309,44.3420553332],[4.1993618274,44.3426131864],[4.1999402757,44.3379399574],[4.207713345,44.3353386884],[4.2151416774,44.3359374799],[4.2177267523,44.3547873522],[4.2254363128,44.359388558],[4.2291464468,44.3670012772],[4.2275532719,44.3755455413],[4.2376897168,44.3832707638],[4.2304158698,44.3841868514],[4.2312535835,44.3915354785],[4.2234452931,44.3931061733],[4.2264871114,44.3996326985],[4.2221405688,44.4027536893],[4.2262949961,44.404096652],[4.2285131674,44.4142388924],[4.2321131244,44.4146461306],[4.229300444,44.4206446916],[4.2155718899,44.423826504],[4.1885838187,44.4105689655],[4.1865050211,44.4124783689],[4.1847660582,44.4083080757],[4.1883979943,44.4030950392],[4.1744575167,44.389306534],[4.1594063565,44.3926043811],[4.1566923673,44.3918938015],[4.1614156587,44.3881556823],[4.1604780917,44.3855962033],[4.1453044567,44.3889114152],[4.1450728653,44.3866478552],[4.1328935832,44.3841837863],[4.1295524236,44.3791190388],[4.1178055823,44.3806397361],[4.1138854182,44.3770082206],[4.1154899278,44.370781115],[4.1078457304,44.3620142511],[4.1100572915,44.3585161086],[4.1040026556,44.3544484844],[4.1007647208,44.3446574748],[4.0930192055,44.3427568671],[4.0955678244,44.3372202645],[4.1039309155,44.3339615272],[4.0935317824,44.3346712494],[4.0933179988,44.3306115182],[4.0850479606,44.328385211],[4.0737123485,44.3297990769],[4.0516809378,44.31697578],[4.0469220709,44.3189890674],[4.0496022193,44.3212527861],[4.0466675539,44.3238121788],[4.0356854415,44.3296775625],[4.0542985913,44.3376505065],[4.0506874741,44.3471942001],[4.0544191801,44.3506703199],[4.0531429895,44.3600387093],[4.0554192609,44.3591643771],[4.0573381128,44.3636822716],[4.0505619658,44.3740522374],[4.0531334248,44.3788952991],[4.0437661358,44.3845102232],[4.0402175918,44.391636869],[4.0470097115,44.3974619524],[4.0562488698,44.3926203828],[4.0644581996,44.394052862],[4.0623363112,44.3986718597],[4.0684311536,44.405046151],[4.047765615,44.4180859855],[4.0354403513,44.4199211159],[4.0463303305,44.4318331721],[4.0371747774,44.4460845667],[4.0341476031,44.4436255611],[4.0306509782,44.4464914666],[4.0231991105,44.4456894334],[4.0220066053,44.4500082927],[4.0148560832,44.4508197825],[4.0152958117,44.4545914725],[3.9983704778,44.459659736],[3.9854787749,44.4458278835],[3.9755333653,44.4431435469],[3.9769699619,44.4398835781],[3.972143493,44.4363765335],[3.9710462235,44.4312322316],[3.9730788062,44.4266887138],[3.956901533,44.4295788672],[3.944735511,44.4435234703],[3.9468290626,44.4496776847],[3.9412066301,44.4525742607],[3.9431167249,44.4548914141],[3.9405597742,44.4587213711],[3.9365421478,44.4587798813],[3.9332954349,44.4642693137],[3.9347729984,44.4669584931],[3.9318081259,44.4683799011],[3.9253924254,44.4916428869],[3.9028079623,44.4893822016],[3.8921151182,44.492477902],[3.8884469805,44.5014012886],[3.8840525842,44.5037043762],[3.8703666186,44.5011456841],[3.8495099336,44.5083996737],[3.8110104153,44.5034984299],[3.7827007867,44.5167234062],[3.7762728165,44.5236234408],[3.7748108345,44.5333692322],[3.7423484256,44.5374805693],[3.7358751028,44.5402985388],[3.7302238013,44.5477416899],[3.7129380282,44.5282513428],[3.7008878507,44.5235814395],[3.6962387672,44.5287414499],[3.6980496956,44.5182473871],[3.6958404369,44.5178607242],[3.6857226927,44.5184795125],[3.6819762184,44.5254149054],[3.6763769069,44.524002645],[3.67477298,44.538268986],[3.6407887458,44.5258273518],[3.6254192104,44.5346677926],[3.620357153,44.5339941549],[3.6173491467,44.5252506413],[3.623758546,44.5177533179],[3.6214785093,44.5146576186],[3.6283080856,44.5156425636],[3.6451625715,44.509544991],[3.6471113514,44.5045813557],[3.6397071238,44.4993090884],[3.6657610808,44.4917162974],[3.6671777439,44.4834222116],[3.6607702599,44.4832892073],[3.6649938066,44.4757418135],[3.6569296743,44.4779643982],[3.6548779766,44.4760582955],[3.6569690617,44.4721695453],[3.6675667919,44.4727863737],[3.6702463132,44.4785100097],[3.6874199031,44.473445875],[3.6900677149,44.474911572],[3.6889427562,44.4786129652],[3.6794907496,44.479403719],[3.6782618473,44.4822171428],[3.6977508611,44.4836923004],[3.6996942246,44.4761186164],[3.6839140334,44.4621689544],[3.6819584612,44.4591942892],[3.6849025736,44.4596294816],[3.6849756606,44.4571649222],[3.7048359415,44.4718646549],[3.7150795823,44.4648451739],[3.7243658544,44.4651492212],[3.7268369489,44.458424229],[3.7342212841,44.4568724311],[3.7434577248,44.448235794],[3.7472275036,44.4517002224],[3.7538599649,44.4486547525],[3.7669487685,44.4597802856],[3.7711217869,44.4689997872],[3.7778599777,44.4701953202],[3.7801999021,44.4680003747],[3.7775619573,44.4658484633],[3.779105033,44.4613653264],[3.7833856851,44.4602243568],[3.7802921392,44.4545125912],[3.7862161868,44.4528018947],[3.7877199117,44.4561461651],[3.7913207279,44.4558255616],[3.7941225031,44.4589106757],[3.7922542161,44.466327175],[3.7958421618,44.4674259135],[3.7974593333,44.4625503827],[3.8089193061,44.4574346783],[3.8127002828,44.451281609],[3.8180517774,44.4507252624],[3.8228432198,44.453967001],[3.83088523,44.4524640037],[3.8326077919,44.458155041],[3.843310053,44.4615147576],[3.8467667202,44.4658669763],[3.8445762458,44.4690969635],[3.8512588418,44.4713523586],[3.8495221121,44.4603518113],[3.8577118879,44.4496552622],[3.8574018688,44.4450971226],[3.8618481213,44.4434966295],[3.8705939222,44.4465946501],[3.8772369364,44.4447401044],[3.877986358,44.4403482233],[3.8862101741,44.4469744472],[3.8986273664,44.4438959162],[3.8986632345,44.4416609341],[3.9082722809,44.4424193772],[3.9092072033,44.4381348486],[3.9142274559,44.4371953988],[3.9146711975,44.4299418364],[3.9082710401,44.4293284275],[3.9102552493,44.4245075332],[3.9043478109,44.4198145261],[3.9067178198,44.4121686585],[3.8895581053,44.4098197567],[3.8840152629,44.4139007024],[3.8768156793,44.4128221846],[3.8622313041,44.4068774782],[3.8682944579,44.4036770311],[3.8634521998,44.4016648558],[3.8640744528,44.3992489829],[3.8746414185,44.399701147],[3.8751683695,44.4028491107],[3.8778637727,44.4007408224],[3.8903539714,44.4081833576],[3.9094368842,44.4110148178],[3.9109990399,44.4221108775],[3.9169079663,44.4274277586],[3.9176346839,44.436091726],[3.9235404435,44.4331597801],[3.923080435,44.4254679825],[3.9355877781,44.424527727],[3.9384395058,44.4189051019],[3.9317771988,44.4201547606],[3.9286104029,44.4169970708],[3.9384545526,44.4096567658],[3.9332969661,44.4091185022],[3.9322257549,44.3976777752],[3.925687804,44.3966313292],[3.9321840731,44.3951860339],[3.9373915446,44.3870646554],[3.93160695,44.3798887383],[3.9356327387,44.3737436378],[3.9336259436,44.3723122234],[3.9382309806,44.3731246706],[3.939655017,44.369623061],[3.9360687195,44.3664348215],[3.9359902163,44.3610583065],[3.9293995085,44.3635256114],[3.9391482223,44.3503333383],[3.9295820527,44.3469705149],[3.9281914028,44.3435667356],[3.9319269221,44.3401284257],[3.9510293324,44.3411602235],[3.9548844938,44.3326434352],[3.9523637303,44.3309519786],[3.944578949,44.335890089],[3.9240238342,44.3371271927],[3.9193620888,44.3428706284],[3.9067625856,44.3485000046],[3.8974647517,44.3438291911],[3.8974490316,44.3406572548],[3.8900589217,44.3406245267],[3.8911154558,44.3368568868],[3.8873422628,44.3357869108],[3.8833268577,44.3408407747],[3.8766567341,44.3359560115],[3.8729131329,44.3390099466],[3.865182891,44.3378206802],[3.8696490177,44.3356256721],[3.8708208172,44.3296858738],[3.8644928801,44.3282936236],[3.8653559236,44.3239123246],[3.8739193451,44.3232641101],[3.8855323556,44.3279805492],[3.8915723232,44.3243943778],[3.9001334126,44.3274193031],[3.9064128205,44.3183675026],[3.9025155725,44.3150683835],[3.9099617486,44.3159822719],[3.9142387764,44.3259685496],[3.9268819321,44.3245661272],[3.92583315,44.3201854793],[3.9180858535,44.3178087438],[3.9214737807,44.3155551912],[3.919881292,44.3091768476],[3.9243192321,44.3015504216],[3.9199031797,44.2874492977],[3.9147531795,44.2895927865],[3.9169854799,44.2934401186],[3.9096050715,44.2924566155],[3.9069383556,44.2970215381],[3.8988261519,44.3004091651],[3.895565999,44.2989572355],[3.897660965,44.2931738164],[3.8912400697,44.2941366432],[3.8867215406,44.2885887564],[3.8807578321,44.2927826206],[3.8783016005,44.3016211244],[3.8733253698,44.3033658466],[3.8720426285,44.2997129065],[3.8668117447,44.300904748],[3.8609381865,44.294571351],[3.8531534163,44.3012776879],[3.8499152696,44.2999715099],[3.8495118724,44.2914753146],[3.8537008403,44.2805191985],[3.8462678831,44.2864332676],[3.8318145419,44.28964264],[3.8218480408,44.2858382038],[3.8166796522,44.2875139066],[3.8151364784,44.2921355192],[3.8046353061,44.2886130832],[3.7985691907,44.2902590347],[3.7970872132,44.2938956006],[3.7920808811,44.2914816303],[3.7785233879,44.2937060936],[3.7758638412,44.3029127874],[3.7703265635,44.3002134179],[3.7756575847,44.2901311772],[3.7609235301,44.2925929298],[3.7575933063,44.2993326709],[3.7454122329,44.3003244124],[3.7463686689,44.2972046851],[3.7444143527,44.29294116],[3.7403954839,44.2927602901],[3.7411338751,44.2897742347],[3.7552327284,44.2778472742],[3.7416744245,44.271374099],[3.7325255384,44.2720011654],[3.7316708024,44.2764362632],[3.7287665602,44.2756956608],[3.7292118678,44.2712622282],[3.7375162271,44.2692133763],[3.737228565,44.2646404564],[3.7755095487,44.2684668996],[3.7791160006,44.2791649089],[3.7860244669,44.2805057217],[3.7900706163,44.2752452935],[3.792450118,44.2770038147],[3.8117844134,44.2731281529],[3.8172365373,44.2688698003],[3.8279460891,44.2687262711],[3.8276192488,44.2625076138],[3.8247258622,44.2580719732],[3.8189104319,44.2633103421],[3.8030422041,44.2639813554],[3.8053959627,44.2601165581],[3.8008563995,44.255855303],[3.8100812872,44.2524876293],[3.807510231,44.2496174391],[3.8086585331,44.2442131053],[3.8046150387,44.2464250668],[3.8058679724,44.2418141177],[3.8024384729,44.2344114047],[3.7898636403,44.2382619146],[3.7886782178,44.2441424668],[3.7823272093,44.2430662411],[3.7839388499,44.2356085474],[3.7943217894,44.2267336278],[3.7917960351,44.2222663895],[3.784584238,44.2265817103],[3.7787247308,44.2214343281],[3.7718464272,44.2214677194],[3.7695916553,44.2313279308],[3.7641972015,44.2268505287],[3.7647693682,44.2212514673],[3.754327058,44.2266894707],[3.7553401211,44.230809097],[3.7496343453,44.2311357279],[3.7489229888,44.2347414142],[3.7373206466,44.2207538244],[3.7301574909,44.2204125136],[3.7337325946,44.2153792525],[3.7489588998,44.2099193194],[3.7443224964,44.2082549466],[3.7445655379,44.2005323755],[3.741597676,44.19734795],[3.7440123221,44.1963935749],[3.7388510175,44.1885415135],[3.7237828002,44.1951325094],[3.718341767,44.2048056233],[3.7092753753,44.2097572508],[3.7078180581,44.1989806818],[3.6954799386,44.2023912113],[3.6938214036,44.2064297463],[3.6924240569,44.2032307205],[3.6859382992,44.2058252622],[3.67964977,44.2140331595],[3.6809003407,44.2183796721],[3.6765628154,44.2224424696],[3.6717272235,44.2193536727],[3.6658706645,44.226355149],[3.6725251074,44.2319484169],[3.6651194643,44.2339530998],[3.6705988398,44.2388639382],[3.6672668452,44.2448194476],[3.6734429766,44.2517559397],[3.6537562704,44.2585638703],[3.6406252043,44.2578003893],[3.6354991855,44.2518747582],[3.6497061496,44.246418483],[3.650566793,44.2368470498],[3.6475022573,44.2344357986],[3.6495929481,44.2295256758],[3.6390540083,44.2308803594],[3.6363797605,44.2279244834],[3.6466429721,44.2243192068],[3.6486049772,44.2223154809],[3.6456592549,44.220161115],[3.6479101703,44.2169746565],[3.6460187422,44.2133854115],[3.6543291536,44.2142679102],[3.6595230569,44.2067947351],[3.6421984228,44.2060729505],[3.650805764,44.1976507416],[3.6449545389,44.1932433009],[3.6496443307,44.180846928],[3.6371071874,44.1763478918],[3.6332759628,44.163263431],[3.6263821143,44.1535099448],[3.6532401943,44.1459842465],[3.6356221601,44.1403912795],[3.6326665868,44.1281697175],[3.6344502341,44.1241094178],[3.6248408602,44.1178189223],[3.6234054942,44.1131396526],[3.6236614375,44.1058367232],[3.6274823795,44.1033025394],[3.6257050485,44.10087587],[3.6138462379,44.0965390251],[3.6087296088,44.0912781547],[3.5979956843,44.0924341853],[3.5949807833,44.0963428052],[3.5853477495,44.0984191588],[3.5817604669,44.0978001344],[3.5821589674,44.0950395063],[3.5736443996,44.0973763067],[3.571910114,44.0940616919],[3.5783683656,44.092874259],[3.581909569,44.0885168029],[3.5917362806,44.0873700979],[3.5935522639,44.0812184052],[3.6042009697,44.0850444921],[3.6056239299,44.0800661244],[3.614967733,44.0827013969],[3.6225031573,44.0702550297],[3.6123077233,44.0647250983],[3.6040458669,44.0648322288],[3.6035855182,44.0509288705],[3.6074206915,44.0494338414],[3.6008242678,44.0467657274],[3.5966689318,44.0518443767],[3.5896380201,44.045733626],[3.5883380302,44.0521771369],[3.5827769843,44.0513940319],[3.5692701764,44.0384900796],[3.5602088131,44.040996568],[3.555814043,44.0458896697],[3.5582253342,44.0484505097],[3.5480175649,44.0460620076],[3.5423048647,44.0353595588],[3.5454509673,44.0333743945],[3.5419837307,44.0316141361],[3.5472049265,44.0273224406],[3.5478611985,44.0019085597],[3.5411903609,44.0017172811],[3.5384998749,44.0053705705],[3.52094105,44.0041664985],[3.5123800927,44.008593118],[3.501066616,44.0043852454],[3.4910694253,44.0060795306],[3.4908005567,44.0106841976],[3.4870034482,44.0125999728],[3.4797020602,44.0127595395],[3.4794136156,44.009510363],[3.4767794229,44.0115295628],[3.4706785456,44.0046132086],[3.4641990739,44.0042749618],[3.4661875135,43.9956487364],[3.4521288022,43.9921899097],[3.4501162243,43.9888261904],[3.4431479841,43.9923786224],[3.4432447772,43.9834160704],[3.4374799848,43.9792738116],[3.4217238631,43.9769854611],[3.412239225,43.982913991],[3.4058597105,43.9697412935],[3.4373729423,43.9625305715],[3.4286967987,43.9570147434],[3.4335503967,43.9553369343],[3.4367141516,43.9463020509],[3.4585242396,43.9309959637],[3.4615417478,43.9250092682],[3.465040107,43.9331913527],[3.4615106613,43.9353311507],[3.4698871853,43.9487905972],[3.4906750248,43.9568728973],[3.5045133976,43.9555220213],[3.5032643662,43.9505004652],[3.5102238142,43.9459934847],[3.5394144267,43.9356313233],[3.5291160528,43.9470376294],[3.52722519,43.9570168111],[3.5317608326,43.9609628956],[3.5569077298,43.9627114627],[3.5644556723,43.9599070695],[3.5721093199,43.9623737646],[3.600970031,43.959857322],[3.602789293,43.9638828926],[3.6103844369,43.9633538499],[3.6160738827,43.9556350592],[3.6326654903,43.972533204],[3.6425382804,43.9695632118],[3.648010923,43.9626098849],[3.6564492169,43.9652343482],[3.6618763713,43.9555086053],[3.6684624938,43.9577851268],[3.666960954,43.9547828984],[3.6703952162,43.9520879918],[3.6672541542,43.94736423],[3.6714654442,43.9384438012],[3.6897753054,43.9393665475],[3.6885376464,43.9448679212],[3.6827254254,43.9468357779],[3.6855610976,43.9538245175],[3.6903844846,43.9516260563],[3.7047627755,43.9620742374],[3.7166831883,43.9607736256],[3.7314185307,43.9718784726],[3.7436388045,43.9666056537],[3.7496437891,43.9677409607],[3.7521336312,43.9727531503],[3.7583678615,43.9676366913],[3.8038891616,43.9663853213],[3.806967944,43.9692652067],[3.7889899143,43.9762428914],[3.7979301984,43.9895389287],[3.7966079607,43.994565349],[3.8047400487,43.9914502034],[3.8063061754,43.9849503405],[3.8124884917,43.9816833759],[3.8216698155,43.9793448983],[3.828371913,43.9832184647],[3.8381026022,43.9758819709],[3.8480353796,43.9753472689],[3.8518393098,43.9851190584],[3.8608344442,43.982651825],[3.8633594697,43.976537788],[3.8823136016,43.9783674607],[3.8952554552,43.9713382914],[3.9068927689,43.9729785493],[3.9268439036,43.9846755917],[3.9040376226,43.9872903222],[3.9047730841,44.0080249625],[3.9396348724,44.0008753543],[3.9434517551,44.0013357308],[3.9439783877,44.0052770366],[3.9618837209,44.0079967576],[3.9625111007,44.0156822846],[3.955982631,44.0199635306],[3.9516419013,44.0300407381],[3.9414689052,44.0330989594],[3.9405475879,44.0399393376]],[[3.8381713916,44.1343719433],[3.8248130824,44.1464060094],[3.8254608659,44.1602854238],[3.8106946617,44.1654164196],[3.8111309438,44.170226142],[3.8151890873,44.1730152479],[3.8136824208,44.1775828654],[3.7913680033,44.1840613613],[3.7865385653,44.1899523132],[3.79284199,44.1945813311],[3.8162839576,44.1910771847],[3.8184973754,44.1985669211],[3.8234414828,44.2021448926],[3.831776895,44.1935523397],[3.8422592597,44.1924120314],[3.853552918,44.2019976779],[3.8556645657,44.2151692679],[3.8723076189,44.2126087873],[3.8776206898,44.2210521749],[3.8886360324,44.2161072437],[3.8815022282,44.2081489147],[3.8864428915,44.2057435384],[3.8897724126,44.1891026311],[3.8921965869,44.1882872241],[3.886284254,44.1780951696],[3.9123988057,44.1592978416],[3.9110670086,44.1491464771],[3.9094823182,44.1471451536],[3.9008316031,44.1498242157],[3.8896312977,44.1449388789],[3.8738752742,44.1304306147],[3.8752727908,44.1262294532],[3.8613702609,44.1326385401],[3.8566345194,44.1299591165],[3.8477107269,44.1358530892],[3.8381713916,44.1343719433]],[[3.9542029859,44.2468567208],[3.9472801021,44.2689062325],[3.9579274658,44.2715730032],[3.9689086265,44.2668749712],[3.9753773249,44.2599241164],[3.9714906734,44.2503482096],[3.9680937489,44.2518625945],[3.9654504412,44.2475505966],[3.961002084,44.2509454665],[3.9542029859,44.2468567208]]],[[[3.2265387652,44.1906999868],[3.2375678261,44.1902086202],[3.2670045018,44.2016900285],[3.288507806,44.1996824092],[3.2914802715,44.2059572266],[3.2883871094,44.2075332145],[3.2883670038,44.2012227059],[3.2849896231,44.2003823126],[3.2791417942,44.2039416759],[3.2598967858,44.2035830276],[3.2540095242,44.1997480594],[3.2470481714,44.1999137704],[3.2469239647,44.1963065093],[3.2388039466,44.1921593076],[3.2265387652,44.1906999868]]],[[[3.2283384047,44.1996841191],[3.23666099,44.1953101137],[3.2379919671,44.1988414082],[3.2429232408,44.1981582076],[3.2487533581,44.2023523937],[3.2479709023,44.2102873215],[3.2506859887,44.211450811],[3.2576952874,44.2052293722],[3.2669177604,44.2126646523],[3.2733448787,44.2064823274],[3.2839945045,44.2059411762],[3.2830529422,44.2107114225],[3.2876270584,44.2125414629],[3.289739395,44.2224522937],[3.3119740957,44.2243665025],[3.3150064235,44.2330582992],[3.3306635466,44.2348926082],[3.3290958896,44.2415518596],[3.290775752,44.2587487216],[3.2818984425,44.2532559218],[3.2774231262,44.246207697],[3.2667936946,44.2503133523],[3.2583279177,44.2480508918],[3.2497702791,44.236710362],[3.2362280026,44.2365332988],[3.2355774536,44.2316288555],[3.2420175889,44.226524204],[3.2375510449,44.223487503],[3.2395315311,44.2178437042],[3.2348683167,44.2055108946],[3.2283384047,44.1996841191]]],[[[3.2191668413,44.204665468],[3.2267184949,44.2112195543],[3.2239562792,44.2200377272],[3.2311940599,44.2243888825],[3.2293105405,44.2253173286],[3.2233192625,44.2201099808],[3.2250955299,44.2132169883],[3.2191668413,44.204665468]]],[[[3.4598363136,44.295379366],[3.471374316,44.2890582826],[3.4692399161,44.2826646947],[3.473978295,44.2812491441],[3.4766037242,44.2671308179],[3.4822457046,44.2681720799],[3.4793917362,44.2792162604],[3.4834391679,44.2809422075],[3.4787373987,44.2869399711],[3.4932050864,44.2891602662],[3.508599588,44.2959302208],[3.5216202025,44.289531721],[3.5351156028,44.300584304],[3.5559675174,44.2982366112],[3.5575801382,44.302344763],[3.5486226496,44.3046034342],[3.5461076357,44.3111230843],[3.5570885465,44.3134558247],[3.5642867329,44.3257800187],[3.5705422338,44.3285893346],[3.5854225532,44.3158028673],[3.5840398666,44.3020123918],[3.5882012802,44.2964641896],[3.5842015751,44.2906776365],[3.5751893224,44.2868590654],[3.5751832103,44.2753115134],[3.569226682,44.271859306],[3.5670661988,44.26506182],[3.5711081918,44.2612304599],[3.5675421147,44.2603587706],[3.5683776137,44.2478268804],[3.5543746717,44.2468748942],[3.5502479098,44.2435389522],[3.5508039795,44.2374624013],[3.5629687707,44.2250893654],[3.5740917341,44.2282893274],[3.5920189672,44.2209865152],[3.5953344454,44.2240610623],[3.5925671425,44.2269770044],[3.6009344099,44.2292135802],[3.5870568613,44.2369977348],[3.5898322565,44.2415566949],[3.5960862679,44.242552905],[3.5923166005,44.2530873257],[3.5993350896,44.2563913255],[3.5964593373,44.2619649299],[3.60077682,44.2657627864],[3.6049471744,44.2593981721],[3.6099519782,44.2576515161],[3.6193912264,44.2639582794],[3.6096783851,44.2676237717],[3.6090405196,44.2727348895],[3.611918607,44.2736882683],[3.6074204591,44.2787195469],[3.610035144,44.2819743079],[3.6159226794,44.2786984328],[3.6173789317,44.2843234744],[3.6133374624,44.2866905318],[3.6208811402,44.2936078901],[3.6097688422,44.3027268861],[3.6083186816,44.3081338913],[3.6131388011,44.3050806089],[3.6260529745,44.3068644379],[3.6363664986,44.2977582847],[3.6433847059,44.3020668347],[3.6590578959,44.2954390489],[3.6625198194,44.299431514],[3.6732628205,44.2988574973],[3.6722189507,44.305135407],[3.6764575786,44.3079155033],[3.6901203418,44.3107265518],[3.7066731026,44.3073005055],[3.7125772647,44.3095655517],[3.6966224811,44.3169872941],[3.7013603086,44.3195199717],[3.6959245568,44.3235718863],[3.6859973022,44.325327825],[3.6634425976,44.3196849839],[3.6486599658,44.3225333331],[3.6476709716,44.3198961733],[3.6411894709,44.3192783702],[3.6291252951,44.3256607264],[3.6198664435,44.316316531],[3.6142858156,44.3213978548],[3.6083984167,44.3211708737],[3.6065366379,44.3293939238],[3.5975504189,44.3326492206],[3.6005265881,44.3363298487],[3.6116035935,44.337522689],[3.612645751,44.3432894415],[3.6255976059,44.3457506111],[3.6247797454,44.3479675887],[3.6332077168,44.3488722607],[3.6318194383,44.3535580288],[3.641408766,44.3550737428],[3.6536918792,44.3530449281],[3.6680081815,44.3457854094],[3.6734488698,44.3467664847],[3.6686792115,44.3557505083],[3.6720830432,44.3609546838],[3.6563581457,44.3700966614],[3.6328289939,44.3745121592],[3.6176548076,44.3673427961],[3.6172227455,44.3613202568],[3.6124030045,44.3571289075],[3.5956483095,44.358713368],[3.5858860029,44.3658124183],[3.5841805997,44.3753141828],[3.5871512763,44.3847966499],[3.5821168991,44.3896593821],[3.5854903036,44.3918983821],[3.5801135301,44.3983668256],[3.5834931306,44.4029290074],[3.5676339357,44.4021180464],[3.5672848087,44.4056562773],[3.5571584754,44.4125084292],[3.5531030476,44.4120936134],[3.5511023126,44.4169146856],[3.5449311585,44.4178537748],[3.5696548149,44.423006456],[3.5970409163,44.4141804071],[3.6330195379,44.4270661703],[3.6306775768,44.4308767882],[3.6333194473,44.436070546],[3.6059208449,44.4303292021],[3.5980588843,44.4333230462],[3.5957169183,44.4389400979],[3.5878657024,44.436247595],[3.5819954826,44.4424255969],[3.5674238157,44.4483943201],[3.5673413109,44.4519936367],[3.5735748762,44.4509905712],[3.5707893559,44.4579527513],[3.5795789729,44.4602069403],[3.570964883,44.4615794663],[3.5714080196,44.4641205699],[3.5832767461,44.4702082046],[3.5806716608,44.4701914265],[3.5839780707,44.4713879106],[3.5854664182,44.4778015203],[3.5917061862,44.4797016221],[3.5832282234,44.4837088168],[3.5942780061,44.4858944261],[3.5982805602,44.4829717729],[3.6055100721,44.4856733345],[3.5855431967,44.4914576313],[3.5979291313,44.4955207815],[3.5949870933,44.4968997515],[3.5984342718,44.497601278],[3.597021786,44.4990891988],[3.607736482,44.499442258],[3.6000253935,44.5026459234],[3.6015428749,44.5054165063],[3.5972772308,44.5100611535],[3.5647562051,44.5197175738],[3.548312434,44.5130594693],[3.5255694615,44.5126966025],[3.5385598323,44.5042680401],[3.5367362731,44.5023297117],[3.5235864994,44.5080643942],[3.517955529,44.5020206717],[3.498402079,44.5076336778],[3.4788235778,44.5018382445],[3.4710142154,44.4952974713],[3.4721938909,44.4913737305],[3.4684131308,44.4864854111],[3.475248195,44.4821873019],[3.4651855393,44.4753930073],[3.4640749287,44.4713592953],[3.4585042683,44.4713600926],[3.4602884155,44.4639690682],[3.4679304036,44.4573392168],[3.4613502506,44.4492875387],[3.4552446893,44.4484505212],[3.4566017914,44.4409623699],[3.4535596312,44.4324859908],[3.4480119277,44.4350607632],[3.4416697147,44.4331383222],[3.4353646195,44.436636398],[3.4357106598,44.4324625863],[3.4263460088,44.4318060588],[3.4087312896,44.416348888],[3.3955378544,44.416253915],[3.3854473553,44.403527676],[3.3722821759,44.4103207754],[3.3658233253,44.3980692593],[3.3668611716,44.3941157992],[3.3608720427,44.3946297881],[3.3541184085,44.3895557823],[3.3483404959,44.3904680906],[3.3514216372,44.3836547438],[3.3559338526,44.3819938245],[3.3541431248,44.3752428762],[3.3691257941,44.3746265499],[3.3756656302,44.3779989932],[3.3782297648,44.3723488109],[3.3776849453,44.3670567597],[3.362942625,44.363338239],[3.3668572815,44.356121209],[3.3607767667,44.3463826201],[3.3657689102,44.3410650844],[3.3618942941,44.3383045031],[3.3633327243,44.3347540362],[3.3576513388,44.334552114],[3.3537585958,44.3287523905],[3.3497435602,44.3338934179],[3.3464329317,44.3318929431],[3.3436047569,44.3343457379],[3.3390543195,44.3273665495],[3.3272309682,44.3274716686],[3.3208150729,44.3338213528],[3.3108346585,44.33405704],[3.3074954505,44.3371692612],[3.3093826359,44.3483520465],[3.307107937,44.3517574299],[3.2995522795,44.3482775274],[3.2921832021,44.3494198412],[3.295282219,44.3437270588],[3.2813780958,44.3329535209],[3.2727537775,44.3382195407],[3.275251072,44.3328195959],[3.2714172875,44.3317822434],[3.2783134952,44.3223224295],[3.2758160013,44.3200531456],[3.2867815213,44.3204472704],[3.2880605635,44.3175103461],[3.2830944648,44.3130144092],[3.2870779717,44.3066895735],[3.2787382763,44.2911548311],[3.2836424012,44.2779481426],[3.281006829,44.2722390974],[3.2886978337,44.2653854066],[3.3042224547,44.2650698844],[3.3086241125,44.2715088169],[3.3223358859,44.271557667],[3.3324606888,44.2644948073],[3.3428057905,44.2634242747],[3.3441172923,44.2743783394],[3.3726379198,44.2732276812],[3.3724825008,44.2793230102],[3.3897764313,44.2869223086],[3.401678212,44.2808701397],[3.4100149334,44.2804423965],[3.4127773412,44.2871047861],[3.4139011666,44.2843272297],[3.4306435718,44.2830522234],[3.4408416586,44.2767252258],[3.4422920892,44.2710476398],[3.4471384398,44.2716086153],[3.4530879302,44.2778906095],[3.455741987,44.2929102112],[3.4598363136,44.295379366]],[[3.5305715232,44.3652980635],[3.5455141162,44.3641723089],[3.5527205887,44.3721490902],[3.5557620016,44.3618112115],[3.5666663826,44.3607913738],[3.5611560985,44.3556424761],[3.5683712893,44.3489097783],[3.5631362618,44.3442331719],[3.558067028,44.3444452247],[3.5413170936,44.3587733039],[3.5388612572,44.3570439522],[3.5429243805,44.3549406268],[3.5405734689,44.3488394585],[3.5316416512,44.3492597519],[3.5260478186,44.3443747307],[3.5184855278,44.352319516],[3.5246384227,44.3597352888],[3.5318509382,44.3594842939],[3.5305715232,44.3652980635]]],[[[3.4450258064,44.0246511079],[3.444325063,44.0359812208],[3.4523402777,44.0473727139],[3.4561190232,44.0467504218],[3.4579507773,44.0498633764],[3.4652716806,44.0455563769],[3.4765510378,44.0481661825],[3.4740273307,44.0560998107],[3.477417656,44.0563566221],[3.4762225822,44.0699763056],[3.4842892879,44.0759000381],[3.4918553054,44.0752905469],[3.4932687598,44.0801959033],[3.4783326707,44.0779614311],[3.4755228012,44.0824480545],[3.4678527226,44.0852119264],[3.4642476364,44.0828349437],[3.4666936953,44.0785735874],[3.4608473719,44.0708956805],[3.4577453651,44.0749154553],[3.4534989997,44.0722821747],[3.4507041402,44.0773002839],[3.4365360938,44.075499157],[3.4303649307,44.0823643678],[3.4029852499,44.0907594875],[3.4043281292,44.0945597695],[3.4095403037,44.0938702241],[3.4110452833,44.0992172343],[3.4168647202,44.1008448513],[3.414902061,44.1059671431],[3.40297968,44.1110190277],[3.4065012984,44.1125221775],[3.4074930358,44.1149402664],[3.4245314137,44.1135920303],[3.4287993891,44.1087755929],[3.4303154256,44.109977763],[3.4256282698,44.1142950516],[3.4173448961,44.1164698055],[3.4073149017,44.1154869239],[3.4023446538,44.1116942265],[3.3992382951,44.0983869104],[3.4036191706,44.0948760223],[3.4022723626,44.0909310021],[3.3968364498,44.0900542119],[3.3950394021,44.0923627603],[3.3988826626,44.0941921039],[3.394013648,44.0995733278],[3.3978950878,44.1134775124],[3.3930856611,44.1186675346],[3.3942203328,44.1232172518],[3.4057951269,44.1227852874],[3.4074339175,44.1272643099],[3.4027349958,44.1317748188],[3.4145191372,44.1349061359],[3.4115248378,44.1382474228],[3.4144945658,44.1393880148],[3.4127492159,44.1432133697],[3.4079683902,44.1458851648],[3.4191252231,44.1518322351],[3.4231144024,44.1474764018],[3.4237482475,44.1516748141],[3.4111327604,44.1539234559],[3.4052769088,44.1621638895],[3.3965579053,44.1612326694],[3.395621587,44.1686248365],[3.3740108367,44.1709661559],[3.3572196975,44.1679825323],[3.344249928,44.1587333721],[3.3346207934,44.158821676],[3.3322732033,44.1417850247],[3.3202959753,44.135904522],[3.3239452354,44.1260165022],[3.3241646274,44.1086033496],[3.3286075812,44.1117835084],[3.3375916412,44.1106419352],[3.3487777333,44.1152142944],[3.3512233184,44.1143091278],[3.3379182672,44.1084258958],[3.3229924737,44.0964264362],[3.3139175104,44.0834516875],[3.3183906005,44.0833208725],[3.3247903971,44.0770819154],[3.3289141381,44.0790253925],[3.3330365868,44.0738710219],[3.3388196359,44.0779214541],[3.3674221356,44.0745143996],[3.3765029191,44.076920867],[3.3798023511,44.0751895001],[3.3785343618,44.0675570732],[3.3707383544,44.0580874983],[3.3676488752,44.0582032187],[3.3726463038,44.0530750598],[3.3699735027,44.0494768168],[3.3771534967,44.0509346615],[3.3828872485,44.0571825606],[3.3900549794,44.0572058631],[3.393579202,44.0477753516],[3.4000090115,44.0436389298],[3.417270438,44.0415863389],[3.4220288471,44.0361472553],[3.429008103,44.0350148954],[3.4450258064,44.0246511079]]],[[[3.6688999265,44.3665500136],[3.6772293153,44.3588739126],[3.7018298641,44.3656651338],[3.710400421,44.3617302901],[3.7119009149,44.3580357449],[3.7172772111,44.3596898473],[3.7205400198,44.3569629957],[3.7222253806,44.3606501128],[3.7302513044,44.361080979],[3.7440550587,44.3572309722],[3.7484326777,44.3583312877],[3.7478695664,44.3617645043],[3.7532023437,44.3589702773],[3.772616897,44.3584433197],[3.7867756795,44.3468932564],[3.7950753298,44.3467075395],[3.7976564784,44.3408635056],[3.8029206267,44.3418566294],[3.805394067,44.3475033818],[3.799796653,44.3563723168],[3.7989806142,44.3526255838],[3.7954061675,44.3573320796],[3.7917187394,44.3552774201],[3.7741998069,44.3614796344],[3.7719423378,44.3653238708],[3.7796710783,44.3700431453],[3.779340841,44.3761351939],[3.7719809828,44.375567373],[3.7715523518,44.3680636697],[3.7592983974,44.3672987737],[3.7625192688,44.3616180226],[3.7470277869,44.364368193],[3.752796155,44.3824519219],[3.7557384124,44.3829927645],[3.7528649389,44.3873822453],[3.7585896306,44.3873143097],[3.7515761056,44.394983961],[3.7535252235,44.4019595246],[3.7505431124,44.4030978702],[3.7505987451,44.4081745192],[3.7445137683,44.4102368167],[3.7381725823,44.4040027739],[3.7306839279,44.4036738317],[3.726786229,44.4002806391],[3.7116900824,44.4013630126],[3.702585826,44.405356392],[3.6979676872,44.4015898561],[3.6927914524,44.4019473302],[3.6903314645,44.3962726667],[3.6699712502,44.3997652245],[3.6730620853,44.3964077156],[3.6664732324,44.3940901466],[3.6711984035,44.3799570657],[3.6740642376,44.3787098839],[3.6700139597,44.3746918144],[3.6729749333,44.3698531978],[3.6688999265,44.3665500136]]],[[[3.7237533302,44.280605325],[3.7200104945,44.2867769327],[3.7113631415,44.2824244764],[3.7052793686,44.2834723365],[3.7019252476,44.2789925016],[3.7209678679,44.2772304119],[3.7237533302,44.280605325]]],[[[3.8213513954,44.3250977497],[3.8359521462,44.3218605634],[3.8310587937,44.3261063451],[3.829762202,44.3237890581],[3.8213513954,44.3250977497]]],[[[3.5561793675,44.0894890756],[3.5523963837,44.0980242772],[3.5404627299,44.0976222983],[3.5290879472,44.0881807997],[3.5446438441,44.0813385094],[3.5561793675,44.0894890756]]]]}},{"type":"Feature","properties":{"name":"Parc national des Pyrénées (aire d'adhésion)"},"geometry":{"type":"MultiPolygon","coordinates":[[[[0.2062432122,42.72936195],[0.2256406379,42.7176640485],[0.2600044465,42.7163144327],[0.2687800509,42.7000427903],[0.2638234382,42.6931598851],[0.2759819147,42.6882180734],[0.2952017321,42.6732251441],[0.312994658,42.6839578545],[0.3212669866,42.6828374817],[0.3238023308,42.6874988162],[0.3219231209,42.6911069085],[0.3264419439,42.6976800307],[0.3253160605,42.7051969968],[0.3453546925,42.7105700401],[0.3592597573,42.7208763797],[0.3596195852,42.7350516972],[0.3438246256,42.7471229237],[0.3461531689,42.7524310167],[0.3416138564,42.757197288],[0.3381831984,42.77048383],[0.3264826147,42.7813647248],[0.3232460812,42.7889762727],[0.3199314206,42.8106383586],[0.3308030326,42.8163420398],[0.331811855,42.8287058748],[0.3402428403,42.8425299522],[0.3405095897,42.8386533366],[0.3469993414,42.8365044668],[0.353524648,42.8429295516],[0.3602623102,42.8429651155],[0.3655511069,42.836126821],[0.3671036748,42.8375028228],[0.3591394204,42.8451004133],[0.3553558985,42.8617872303],[0.3474705832,42.8642297339],[0.3450839572,42.8688916875],[0.3493075801,42.8753780353],[0.3482503507,42.8809277079],[0.3376921084,42.8836967344],[0.3347532299,42.8875332886],[0.3221764516,42.8890297196],[0.3210153316,42.8939846157],[0.3062074883,42.8997677077],[0.3067164189,42.907102989],[0.2928561735,42.9147212997],[0.292063731,42.9256403318],[0.2949615553,42.9365453779],[0.2983630206,42.9304600093],[0.3054393659,42.9298846103],[0.3126993631,42.9240467623],[0.3489711383,42.9159655555],[0.3572912945,42.9182923123],[0.3608462072,42.9241383607],[0.3463566624,42.9400713298],[0.3190117964,42.9513177488],[0.3136896618,42.9568366604],[0.2986160439,42.9609948873],[0.2881003043,42.9594765602],[0.2960457905,42.9748868908],[0.2942285212,42.9757509156],[0.2829968385,42.9763530748],[0.2800506945,42.9800354938],[0.2657264758,42.9686991646],[0.2542502569,42.9709390216],[0.2344421531,42.9690630357],[0.2265183219,42.9484684184],[0.2091187497,42.9365439202],[0.1895114452,42.9466424652],[0.1775830761,42.9440746798],[0.1616584554,42.9531906864],[0.1467225798,42.9465310855],[0.1413070695,42.937297948],[0.1149942309,42.9335634593],[0.0955138195,42.9417369567],[0.0861436761,42.9382957274],[0.0774409586,42.9443065254],[0.0458910214,42.9539242517],[0.0441731164,42.9566920223],[0.0546621358,42.9588888111],[0.0525309845,42.9712352187],[0.0552142314,42.9752280532],[0.0438816052,42.9743266047],[0.0329111083,42.9600615227],[0.0135038559,42.9686153104],[-0.0018623089,42.9714946075],[-0.0001837524,42.9788429788],[-0.0100520253,42.9818110399],[-0.026933502,42.9782950212],[-0.0373104308,42.9818111781],[-0.0429176111,42.9881828787],[-0.0597796348,42.995569318],[-0.0566099031,43.0042577634],[-0.0671012287,43.0120425376],[-0.0699060361,43.0089861003],[-0.0824178077,43.0069352364],[-0.0843116019,43.0119382567],[-0.0983017016,43.0128267909],[-0.1007018015,43.0169932588],[-0.1111089496,43.0000885955],[-0.1214694139,43.009327077],[-0.1663881569,43.0157869315],[-0.2009086704,43.0072195725],[-0.2093771573,43.0131049181],[-0.2239514519,43.0337523506],[-0.2385453522,43.0398444537],[-0.2718603898,43.0365775357],[-0.285311803,43.0292491676],[-0.2880616064,43.0233477245],[-0.3414984411,43.0255737907],[-0.3399788934,43.0406185161],[-0.3289359772,43.0416685657],[-0.3283684105,43.0441240972],[-0.3291693837,43.0478088852],[-0.3424474973,43.0562412742],[-0.3438111057,43.0622199271],[-0.3552874696,43.0634877789],[-0.3659123813,43.0773606041],[-0.4197276692,43.0770423923],[-0.4192465553,43.0822690409],[-0.4251544216,43.090118991],[-0.4238736225,43.0963813797],[-0.3917077885,43.114403806],[-0.3793372287,43.1292481245],[-0.3629539591,43.1216724462],[-0.3521810883,43.1105446909],[-0.3166003451,43.1201471618],[-0.3255424497,43.1293636048],[-0.3290571387,43.1372708598],[-0.3256345013,43.1433109903],[-0.3329966495,43.1538695601],[-0.3423095602,43.1553718189],[-0.3428834727,43.1593188142],[-0.3493070689,43.1623190035],[-0.3516253662,43.1670895595],[-0.3735365023,43.1778048062],[-0.3757073153,43.1746191277],[-0.3730216767,43.167178507],[-0.3792222812,43.1628546835],[-0.3802933673,43.1472155249],[-0.3972670215,43.1349177893],[-0.4027939552,43.1338962245],[-0.4009207881,43.1375348892],[-0.4041764248,43.1395234542],[-0.4142431565,43.1357244458],[-0.421473141,43.1479715982],[-0.4325327455,43.1382374736],[-0.436181849,43.1308971801],[-0.4442030465,43.1274621834],[-0.4456166809,43.1140487992],[-0.4583625232,43.1136158022],[-0.4638795368,43.1189647953],[-0.4674015938,43.1162405401],[-0.4714677086,43.1190760033],[-0.486282935,43.1187180763],[-0.4900052367,43.1226877475],[-0.5002157878,43.1241580191],[-0.5089623428,43.1165673372],[-0.5085684801,43.1119002993],[-0.5237203357,43.0863534333],[-0.5410131709,43.0870599965],[-0.5545391752,43.0948225482],[-0.5710585073,43.0971363196],[-0.5975339938,43.0925788788],[-0.6181509517,43.0974657711],[-0.6120387592,43.0869864346],[-0.6144535298,43.0838369843],[-0.6093563794,43.0820533425],[-0.6115286904,43.0780117513],[-0.6062913609,43.0716058454],[-0.572231045,43.069369073],[-0.5623183718,43.0649006219],[-0.5615279828,43.0599142685],[-0.5396904871,43.0554323479],[-0.5236270346,43.0558441267],[-0.5085355616,43.0496129459],[-0.5020950886,43.044775756],[-0.5087995873,43.0370833355],[-0.5064085431,43.0281388769],[-0.4995344984,43.0281319055],[-0.4987726386,43.0223447315],[-0.4875475458,43.0185705104],[-0.482394726,43.0133934385],[-0.4646361805,43.0148454729],[-0.4617600723,43.028901792],[-0.4564540082,43.0309273184],[-0.4526694263,43.0391160087],[-0.4312949677,43.0418202162],[-0.4265318841,43.0383286673],[-0.4226303758,43.0396969321],[-0.4261830797,43.046550873],[-0.4148488635,43.0526259715],[-0.4138972118,43.0560666596],[-0.3935348523,43.0552572536],[-0.3867527885,43.0450649667],[-0.375356768,43.0469183821],[-0.3769171764,43.0420607539],[-0.3699058949,43.0376353807],[-0.3712945468,43.0262148554],[-0.3752056536,43.0259869969],[-0.3753908443,43.0233848784],[-0.3697471276,43.0198869986],[-0.3826792403,43.0046733963],[-0.4032243099,43.0101307874],[-0.4212882939,43.0042436658],[-0.4201917549,42.9992745546],[-0.4131274128,42.9938253989],[-0.4082277947,42.9959908761],[-0.3770436919,42.9926526554],[-0.3649747485,43.0022455893],[-0.3557751023,43.0036351326],[-0.3538205538,43.0081154359],[-0.345449208,43.004469617],[-0.3303725029,43.0043657094],[-0.3251856885,43.0109748613],[-0.312393837,43.013616546],[-0.2875765468,43.0055131689],[-0.2932576274,42.9927017997],[-0.2871735645,42.9670783059],[-0.2909422515,42.9608343496],[-0.283583607,42.9561676642],[-0.2791453385,42.9392055565],[-0.2853531663,42.9299125705],[-0.2977795075,42.9309736971],[-0.3080065434,42.926459823],[-0.3113382532,42.918585518],[-0.3268744734,42.9168695596],[-0.3247101612,42.9035941728],[-0.3161249549,42.8965367824],[-0.3025631751,42.9037896702],[-0.2772930254,42.9027954021],[-0.2749125232,42.8935251259],[-0.2803672067,42.8886467683],[-0.2755636128,42.8862374541],[-0.2736213708,42.8795017739],[-0.2472812804,42.884914709],[-0.2384261996,42.8819829813],[-0.2297337106,42.8861233114],[-0.2247099312,42.8733098244],[-0.214220767,42.8729546824],[-0.1992634986,42.8775995894],[-0.1923790971,42.8669112173],[-0.181402173,42.8621112733],[-0.1661824455,42.8724479333],[-0.1642559982,42.8699356408],[-0.149519169,42.8715567837],[-0.1421403805,42.8806056925],[-0.1214402267,42.8884861795],[-0.1151904815,42.8810452437],[-0.1133960088,42.8713019857],[-0.1029850335,42.8658344681],[-0.0986301739,42.8554494346],[-0.1017023479,42.8540373458],[-0.1006612609,42.8502384571],[-0.096453538,42.8456805036],[-0.0960694972,42.8270768952],[-0.100097544,42.8094487973],[-0.0975679757,42.8080148986],[-0.1045767252,42.7964196003],[-0.1020639411,42.7962269016],[-0.1020309952,42.7924664541],[-0.0852226779,42.7907330603],[-0.0800594771,42.7822695265],[-0.0795708288,42.7780646479],[-0.0944961495,42.7608518875],[-0.0937732371,42.7566653447],[-0.076987262,42.7535816895],[-0.0678025304,42.746943558],[-0.051775188,42.7458803226],[-0.0537424126,42.73564756],[-0.0480086391,42.7316537412],[-0.052888038,42.7238261448],[-0.0391983122,42.7110021222],[-0.023681029,42.7146227606],[-0.0114655804,42.7138064145],[-0.0052941386,42.7219336315],[0.0046538085,42.7170702658],[0.0061675162,42.7193483518],[0.0026870083,42.7223289219],[0.0071399343,42.7290576567],[0.0232922175,42.7312914873],[0.0219801789,42.7362553219],[0.0325240668,42.7429500853],[0.0433647936,42.7434429121],[0.047003188,42.7328322077],[0.05520695,42.7334583529],[0.0731589786,42.7256816335],[0.0867975098,42.7325677288],[0.0912686696,42.7403018499],[0.1001421009,42.7406905531],[0.0931541974,42.7524860774],[0.0982521352,42.759701033],[0.0914317225,42.7584543255],[0.0900427774,42.7622357236],[0.0940331212,42.7684989774],[0.0841853919,42.7685274461],[0.0851920424,42.7838285363],[0.0664635703,42.7856839202],[0.0610695249,42.7893206741],[0.0634177919,42.7922814146],[0.0438533362,42.7938762515],[0.0440988303,42.7976084289],[0.0501679233,42.8013305552],[0.038344063,42.8148558803],[0.040472092,42.8153816601],[0.0267640409,42.8173734245],[0.0285124969,42.8268853615],[0.0578487275,42.8315954255],[0.0691862014,42.8298854079],[0.0748894339,42.8347267455],[0.0966502842,42.8321710869],[0.0990224339,42.8342568842],[0.0959498623,42.844489326],[0.100516822,42.8522251649],[0.1149611104,42.8405663504],[0.1125921454,42.8371009142],[0.1223061168,42.8295241667],[0.1235148131,42.8272717517],[0.1165574711,42.8203988172],[0.1193038187,42.8186288502],[0.1265419431,42.8217337343],[0.1280869758,42.8038601172],[0.1433781766,42.8059736274],[0.1477736375,42.7984247682],[0.1717249345,42.8056002785],[0.1754893378,42.802829829],[0.1695841231,42.7952685766],[0.1716935468,42.7871858552],[0.1556269519,42.7892484814],[0.1427246723,42.784437861],[0.136045227,42.7778627038],[0.1353170121,42.766456417],[0.1485549005,42.7620411685],[0.1666901268,42.7634084901],[0.1622168697,42.7428436246],[0.173752682,42.7339532794],[0.1791788162,42.7365975547],[0.2062432122,42.72936195]],[[-0.0176163718,42.8863858366],[-0.012500278,42.8721124162],[-0.0158892909,42.8685946994],[-0.0224111848,42.8804717608],[-0.0171709539,42.8799279661],[-0.0176163718,42.8863858366]],[[-0.0850567668,42.9515434779],[-0.0815625879,42.9507175767],[-0.0775797716,42.9571036049],[-0.0638487708,42.9625833413],[-0.066388895,42.9523842282],[-0.0692756915,42.9514031988],[-0.0525035122,42.9417024492],[-0.0625510191,42.9417054508],[-0.0740786098,42.9470005915],[-0.0822270896,42.9428479916],[-0.0917844506,42.9466854875],[-0.0850567668,42.9515434779]]],[[[-0.6422286155,42.8920040945],[-0.6258270088,42.8899079832],[-0.6179106266,42.8850039204],[-0.6203436732,42.8809466557],[-0.6141249122,42.8764488123],[-0.6051211631,42.8792765488],[-0.5984504979,42.8773668577],[-0.5957955142,42.8753539184],[-0.5997156708,42.8709419542],[-0.5923548717,42.8740832022],[-0.5904230268,42.8719693298],[-0.5963130539,42.8639178638],[-0.5899022374,42.8625842525],[-0.5893822581,42.8576103728],[-0.579056872,42.8532481183],[-0.576046873,42.8476281013],[-0.5815347943,42.8416162866],[-0.5833939055,42.8318231009],[-0.5759889196,42.8294016814],[-0.5721296794,42.8155651725],[-0.559380503,42.8139576891],[-0.5627267209,42.8179574669],[-0.5587684482,42.8258772809],[-0.5601736957,42.8332298898],[-0.5507156656,42.8484841077],[-0.5502053102,42.8553693005],[-0.5531021617,42.8677722685],[-0.5625324118,42.8841246669],[-0.5506655406,42.8842984086],[-0.5278779143,42.8778200794],[-0.5262465511,42.8742602901],[-0.5101738755,42.8826677719],[-0.5078216305,42.8797788091],[-0.4883481334,42.8781903072],[-0.4918839805,42.8882352156],[-0.484938282,42.8957081934],[-0.4933492461,42.8986856059],[-0.4938094991,42.9073202028],[-0.5052160225,42.9087887891],[-0.5074479745,42.91463454],[-0.5043006797,42.9192577718],[-0.5086608878,42.9209027281],[-0.5102732492,42.9290126681],[-0.499229625,42.9392924898],[-0.4930480948,42.9512046225],[-0.4930407153,42.9679952087],[-0.5027567251,42.9748940141],[-0.5050646502,42.9712653425],[-0.512025958,42.9735803054],[-0.5141199656,42.9714343296],[-0.5211057321,42.9761134859],[-0.5330316466,42.9742747355],[-0.5618565876,42.9831299247],[-0.565614521,42.9920848944],[-0.5662243401,43.0158900874],[-0.5760851166,43.016853755],[-0.5985010927,43.0297714643],[-0.6041019555,43.0296707604],[-0.6017090383,43.0235259263],[-0.6061273055,43.0159822695],[-0.6033065312,43.011791698],[-0.6060227453,43.0089834946],[-0.6020673399,43.0052967705],[-0.6154480428,42.9846959766],[-0.6148938551,42.973874871],[-0.6098718788,42.9698067103],[-0.6095074302,42.9615666915],[-0.6172947358,42.9508613202],[-0.6503087971,42.9459831697],[-0.6592346296,42.9495686198],[-0.6643061847,42.9566879798],[-0.6844955854,42.9623525877],[-0.6883719995,42.9554439539],[-0.6858021543,42.9465652927],[-0.6989427675,42.9455994863],[-0.709857388,42.9494940523],[-0.7139839302,42.9425325844],[-0.7307438516,42.9386817939],[-0.7333485583,42.9330814324],[-0.7324472501,42.9282925761],[-0.7240690842,42.9224066084],[-0.7269422461,42.9173256326],[-0.7364900686,42.9132143397],[-0.7335214271,42.9111074363],[-0.7330166223,42.898145711],[-0.7180528555,42.8864657583],[-0.7054086843,42.8847560535],[-0.6991942935,42.8787975349],[-0.6950478285,42.8790772565],[-0.6965083066,42.8841206226],[-0.6931406784,42.8877748011],[-0.6684302359,42.9023952171],[-0.6518231989,42.8895535044],[-0.6422286155,42.8920040945]]]]}}]}